Adduct	Compound_Name	SpectrumID	#Scan#	SpectrumFile	LibraryName	MQScore	TIC_Query	RT_Query	MZErrorPPM	SharedPeaks	MassDiff	SpecMZ_x	SpecCharge	FileScanUniqueID	NumberHits	Ion_Source	Instrument	Compound_Source	PI	Data_Collector	Precursor_MZ	ExactMass	Charge	CAS_Number	Pubmed_ID	Smiles	INCHI	INCHI_AUX	Library_Class	IonMode	Organism	LibMZ	UpdateWorkflowName	LibraryQualityString	tags	molecular_formula	InChIKey	InChIKey-Planar	superclass	class	subclass	npclassifier_superclass	npclassifier_class	npclassifier_pathway	library_usi
[2M-2H2O+NH4]+	Ethylphenidate_sus	CCMSLIB00012251625	94258	spectra_filtered.mgf	CMMC-REFRAME-POSITIVE-LIBRARY.mgf	0.941918	246349000	0	3.13936	7	0.00149536	476.328	1	temp/spectra_filtered.mgf94258	1	LC-ESI	Orbitrap	Commercial	Pieter C. Dorrestein	Nina Haoqi Zhao	476.327	247.157	1			CCOC(=O)C(c1ccccc1)C1CCCCN1	"""InChI=1S/C15H21NO2/c1-2-18-15(17)14(12-8-4-3-5-9-12)13-10-6-7-11-16-13/h3-5,8-9,13-14,16H,2,6-7,10-11H2,1H3"""	AIVSIRYZIBXTMM-UHFFFAOYSA-N	1	Positive	PRIVATE-LIB	476.327	UPDATE-SINGLE-ANNOTATED-GOLD	Gold		C15H21NO2	AIVSIRYZIBXTMM-UHFFFAOYSA-N	AIVSIRYZIBXTMM	Organic nitrogen compounds	Organonitrogen compounds	Amines	Lysine alkaloids	Piperidine alkaloids	Alkaloids	mzspec:GNPS:GNPS-LIBRARY:CCMSLIB00012251625
[2M-H2O+2H]+2	chloroquine	CCMSLIB00012272131	71432	spectra_filtered.mgf	CMMC-REFRAME-POSITIVE-LIBRARY.mgf	0.93434	24714200000	0	3.92277	11	0.0012207	311.185	1	temp/spectra_filtered.mgf71432	1	LC-ESI	Orbitrap	Commercial	Pieter C. Dorrestein	Nina Haoqi Zhao	311.184	319.182	1			CCN(CC)CCCC(C)Nc1c2ccc(Cl)cc2ncc1	"""InChI=1S/C18H26ClN3/c1-4-22(5-2)12-6-7-14(3)21-17-10-11-20-18-13-15(19)8-9-16(17)18/h8-11,13-14H,4-7,12H2,1-3H3,(H,20,21)"""	WHTVZRBIWZFKQO-UHFFFAOYSA-N	1	Positive	PRIVATE-LIB	311.184	UPDATE-SINGLE-ANNOTATED-GOLD	Gold		C18H26ClN3	WHTVZRBIWZFKQO-UHFFFAOYSA-N	WHTVZRBIWZFKQO	Organoheterocyclic compounds	Quinolines and derivatives	Aminoquinolines and derivatives			Alkaloids	mzspec:GNPS:GNPS-LIBRARY:CCMSLIB00012272131
[2M-H2O+2H]+2	diphenhydramine_sus	CCMSLIB00012269547	74894	spectra_filtered.mgf	CMMC-REFRAME-POSITIVE-LIBRARY.mgf	0.9791	256110000	0	8.88991	7	0.00219727	247.166	1	temp/spectra_filtered.mgf74894	1	LC-ESI	Orbitrap	Commercial	Pieter C. Dorrestein	Nina Haoqi Zhao	247.164	255.162	1			CN(C)CCOC(c1ccccc1)c1ccccc1	"""InChI=1S/C17H21NO/c1-18(2)13-14-19-17(15-9-5-3-6-10-15)16-11-7-4-8-12-16/h3-12,17H,13-14H2,1-2H3"""	ZZVUWRFHKOJYTH-UHFFFAOYSA-N	1	Positive	PRIVATE-LIB	247.164	UPDATE-SINGLE-ANNOTATED-GOLD	Gold		C17H21NO	ZZVUWRFHKOJYTH-UHFFFAOYSA-N	ZZVUWRFHKOJYTH	Benzenoids	Benzene and substituted derivatives	Diphenylmethanes	Pseudoalkaloids	Phenylalanine-derived alkaloids	Alkaloids	mzspec:GNPS:GNPS-LIBRARY:CCMSLIB00012269547
[M+2H]+2	CINTAZONE	CCMSLIB00012257109	99031	spectra_filtered.mgf	CMMC-REFRAME-POSITIVE-LIBRARY.mgf	0.873363	12410000	0	4.64536	6	0.000808716	174.09	1	temp/spectra_filtered.mgf99031	1	LC-ESI	Orbitrap	Commercial	Pieter C. Dorrestein	Nina Haoqi Zhao	174.091	346.168	1			CCCCCC1C(=O)N2C=C(c3ccccc3)c3ccccc3N2C1=O	"""InChI=1S/C22H22N2O2/c1-2-3-5-13-18-21(25)23-15-19(16-10-6-4-7-11-16)17-12-8-9-14-20(17)24(23)22(18)26/h4,6-12,14-15,18H,2-3,5,13H2,1H3"""	KATBVKFXGKGUFE-UHFFFAOYSA-N	1	Positive	PRIVATE-LIB	174.091	UPDATE-SINGLE-ANNOTATED-GOLD	Gold		C22H22N2O2	KATBVKFXGKGUFE-UHFFFAOYSA-N	KATBVKFXGKGUFE	Organoheterocyclic compounds	Diazines	Pyridazines and derivatives				mzspec:GNPS:GNPS-LIBRARY:CCMSLIB00012257109
[M+H]+	"Massbank:EA023609 4-Acetamidoantipyrine|N-(1,5-dimethyl-3-oxidanylidene-2-phenyl-pyrazol-4-yl)ethanamide"	CCMSLIB00000207647	21530	spectra_filtered.mgf	MASSBANK.mgf	0.950469	606400000	0	0.371978	12	9.16E-05	246.124	1	temp/spectra_filtered.mgf21530	1	ESI	LC-ESI-ITFT	Isolated	Putative Massbank Match	Massbank	246.124	0	1	83-15-8		CC(=O)NC=2C(=O)N(c1ccccc1)N(C)C=2C	"1S/C13H15N3O2/c1-9-12(14-10(2)17)13(18)16(15(9)3)11-7-5-4-6-8-11/h4-8H,1-3H3,(H,14,17)"		3	Positive	MASSBANK	246.124	UPDATE-SINGLE-ANNOTATED-BRONZE	Bronze		C13H15N3O2	OIAGWXKSCXPNNZ-UHFFFAOYSA-N	OIAGWXKSCXPNNZ	Organoheterocyclic compounds	Azoles	Pyrazoles	Anthranilic acid alkaloids	Quinoline alkaloids	Alkaloids	mzspec:GNPS:GNPS-LIBRARY:CCMSLIB00000207647
[M+H]+	"Massbank:EA103809 4-Formylaminoantipyrine|N-(1,5-dimethyl-3-oxidanylidene-2-phenyl-pyrazol-4-yl)methanamide"	CCMSLIB00000209409	13942	spectra_filtered.mgf	MASSBANK.mgf	0.919251	30190000	0	1.3148	10	0.000305176	232.108	1	temp/spectra_filtered.mgf13942	1	ESI	LC-ESI-ITFT	Isolated	Putative Massbank Match	Massbank	232.108	0	1	1672-58-8		O=C2C(\NC=O)=C(\C)N(C)N2c1ccccc1	"1S/C12H13N3O2/c1-9-11(13-8-16)12(17)15(14(9)2)10-6-4-3-5-7-10/h3-8H,1-2H3,(H,13,16)"		3	Positive	MASSBANK	232.108	UPDATE-SINGLE-ANNOTATED-BRONZE	Bronze		C12H13N3O2	WSJBSKRPKADYRQ-UHFFFAOYSA-N	WSJBSKRPKADYRQ	Organoheterocyclic compounds	Azoles	Pyrazoles	Anthranilic acid alkaloids	Quinazoline alkaloids	Alkaloids	mzspec:GNPS:GNPS-LIBRARY:CCMSLIB00000209409
[M+H]+	Albendazole oxide	CCMSLIB00012268735	23169	spectra_filtered.mgf	CMMC-REFRAME-POSITIVE-LIBRARY.mgf	0.906903	36970000	0	0	5	0	282.091	1	temp/spectra_filtered.mgf23169	1	LC-ESI	Orbitrap	Commercial	Pieter C. Dorrestein	Nina Haoqi Zhao	282.091	281.083	1			CCC[S+]([O-])c1ccc2nc(NC(=O)OC)[nH]c2c1	"""InChI=1S/C12H15N3O3S/c1-3-6-19(17)8-4-5-9-10(7-8)14-11(13-9)15-12(16)18-2/h4-5,7H,3,6H2,1-2H3,(H2,13,14,15,16)"""	VXTGHWHFYNYFFV-UHFFFAOYSA-N	1	Positive	PRIVATE-LIB	282.091	UPDATE-SINGLE-ANNOTATED-GOLD	Gold			VXTGHWHFYNYFFV-UHFFFAOYSA-N	VXTGHWHFYNYFFV							mzspec:GNPS:GNPS-LIBRARY:CCMSLIB00012268735
[M+H]+	"Massbank:EA282110 Amitriptyline|3-(10,11-Dihydro-5H-dibenzo[a,d][7]annulen-5-ylidene)-N,N-dimethyl-1-propanamine"	CCMSLIB00000211521	57163	spectra_filtered.mgf	MASSBANK.mgf	0.99166	47810000000	0	1.097	11	0.000305176	278.19	1	temp/spectra_filtered.mgf57163	1	ESI	LC-ESI-ITFT	Isolated	Putative Massbank Match	Massbank	278.19	0	1	50-48-6		C1(\c2c(CCc3c1cccc3)cccc2)=C\CCN(C)C	"1S/C20H23N/c1-21(2)15-7-12-20-18-10-5-3-8-16(18)13-14-17-9-4-6-11-19(17)20/h3-6,8-12H,7,13-15H2,1-2H3"		3	Positive	MASSBANK	278.19	UPDATE-SINGLE-ANNOTATED-BRONZE	Bronze		C20H23N	KRMDCWKBEZIMAB-UHFFFAOYSA-N	KRMDCWKBEZIMAB							mzspec:GNPS:GNPS-LIBRARY:CCMSLIB00000211521
[M+H]+	Massbank:EA069714 Atenolol acid|Metoprolol acid|4-(2-Hydroxy-3-((1-methylethyl)amino)propoxy)benzeneacetic acid	CCMSLIB00000208991	1906	spectra_filtered.mgf	MASSBANK.mgf	0.918713	36080000	0	1.47948	9	0.000396729	268.154	1	temp/spectra_filtered.mgf1906	1	ESI	LC-ESI-ITFT	Isolated	Putative Massbank Match	Massbank	268.154	0	1	56392-14-4		CC(C)NCC(O)COc1ccc(cc1)CC(=O)O	"1S/C14H21NO4/c1-10(2)15-8-12(16)9-19-13-5-3-11(4-6-13)7-14(17)18/h3-6,10,12,15-16H,7-9H2,1-2H3,(H,17,18)"		3	Positive	MASSBANK	268.154	UPDATE-SINGLE-ANNOTATED-BRONZE	Bronze		C14H21NO4	PUQIRTNPJRFRCZ-UHFFFAOYSA-N	PUQIRTNPJRFRCZ				Pseudoalkaloids	Phenylalanine-derived alkaloids	Alkaloids	mzspec:GNPS:GNPS-LIBRARY:CCMSLIB00000208991
[M+H]+	MassbankEU:ET290202 BEZ-M	CCMSLIB00000841390	76354	spectra_filtered.mgf	MASSBANKEU.mgf	0.898032	36912000	0	1.29817	9	0.000488281	376.132	1	temp/spectra_filtered.mgf76354	1	ESI	LC-ESI-QFT	Isolated	Massbank EU	Massbank	376.131	0	1			CC(C(OC)=O)(OC1=CC=C(CCNC(C2=CC=C(Cl)C=C2)=O)C=C1)C	"1S/C20H22ClNO4/c1-20(2,19(24)25-3)26-17-10-4-14(5-11-17)12-13-22-18(23)15-6-8-16(21)9-7-15/h4-11H,12-13H2,1-3H3,(H,22,23)"		3	Positive	MASSBANKEU	376.131	UPDATE-SINGLE-ANNOTATED-BRONZE	Bronze		C20H22ClNO4	KDYYGGKDZBRIIX-UHFFFAOYSA-N	KDYYGGKDZBRIIX	Benzenoids	Benzene and substituted derivatives	Phenoxyacetic acid derivatives			Alkaloids	mzspec:GNPS:GNPS-LIBRARY:CCMSLIB00000841390
[M+H]+	"Massbank:EA091604 Carbamazepine-10,11-epoxide|1a,10b-Dihydro-6H-dibenz(b,f)oxiren(d)azepine-6-carboxamide"	CCMSLIB00000209311	37200	spectra_filtered.mgf	MASSBANK.mgf	0.978407	85730000	0	2.35124	6	0.000595093	253.098	1	temp/spectra_filtered.mgf37200	1	ESI	LC-ESI-ITFT	Isolated	Putative Massbank Match	Massbank	253.097	0	1	36507-30-9		NC(=O)N2c1ccccc1C4OC4c3ccccc23	"1S/C15H12N2O2/c16-15(18)17-11-7-3-1-5-9(11)13-14(19-13)10-6-2-4-8-12(10)17/h1-8,13-14H,(H2,16,18)"		3	Positive	MASSBANK	253.097	UPDATE-SINGLE-ANNOTATED-BRONZE	Bronze		C15H12N2O2	ZRWWEEVEIOGMMT-UHFFFAOYSA-N	ZRWWEEVEIOGMMT	Organoheterocyclic compounds	Benzazepines	Dibenzazepines	Tryptophan alkaloids	Quinoline alkaloids	Alkaloids	mzspec:GNPS:GNPS-LIBRARY:CCMSLIB00000209311
[M+H]+	"Massbank:EA019109 Clarithromycin|6-O-Methylerythromycin|(3R,4S,5S,6R,7R,9R,11R,12R,13S,14R)-6-[4-(dimethylamino)-3-hydroxy-6-methyl-tetrahydropyran-2-yl]oxy-14-ethyl-12,13-dihydroxy-4-(5-hydroxy-4-methoxy-4,6-dimethyl-"	CCMSLIB00000207364	62202	spectra_filtered.mgf	MASSBANK.mgf	0.950456	11669700	0	0.65236	6	0.000488281	748.484	1	temp/spectra_filtered.mgf62202	1	ESI	LC-ESI-ITFT	Isolated	Putative Massbank Match	Massbank	748.484	0	1	81103-11-9		CC[C@H]1OC(=O)[C@H](C)[C@@H](OC2CC(C)(OC)C(O)C(C)O2)[C@H](C)[C@@H](OC3OC(C)CC(C3O)N(C)C)[C@@](C)(C[C@@H](C)C(=O)[C@H](C)[C@@H](O)[C@]1(C)O)OC	"1S/C38H69NO13/c1-15-26-38(10,45)31(42)21(4)28(40)19(2)17-37(9,47-14)33(52-35-29(41)25(39(11)12)16-20(3)48-35)22(5)30(23(6)34(44)50-26)51-27-18-36(8,46-13)32(43)24(7)49-27/h19-27,29-33,35,41-43,45H,15-18H2,1-14H3/t19-,20?,21+,22+,23-,24?,25?,26-,27?,29?,30+,31-,32?,33-,35?,36?,37-,38-/m1/s1"		3	Positive	MASSBANK	748.484	UPDATE-SINGLE-ANNOTATED-BRONZE	Bronze		C38H69NO13	AGOYDEPGAOXOCK-AVDMLEEESA-N	AGOYDEPGAOXOCK	Organic oxygen compounds	Organooxygen compounds	Carbohydrates and carbohydrate conjugates	Macrolides	Erythromycins	Polyketides	mzspec:GNPS:GNPS-LIBRARY:CCMSLIB00000207364
[M+H]+	"Massbank:EA273901 Climbazol|Climbazole|1-(4-chloranylphenoxy)-1-imidazol-1-yl-3,3-dimethyl-butan-2-one"	CCMSLIB00000210567	51283	spectra_filtered.mgf	MASSBANK.mgf	0.778654	33120000	0	0.937064	9	0.000274658	293.105	1	temp/spectra_filtered.mgf51283	1	ESI	LC-ESI-ITFT	Isolated	Putative Massbank Match	Massbank	293.105	0	1	38083-17-9		CC(C)(C)C(=O)C(N1C=CN=C1)OC2=CC=C(C=C2)Cl	"1S/C15H17ClN2O2/c1-15(2,3)13(19)14(18-9-8-17-10-18)20-12-6-4-11(16)5-7-12/h4-10,14H,1-3H3"		3	Positive	MASSBANK	293.105	UPDATE-SINGLE-ANNOTATED-BRONZE	Bronze		C15H17ClN2O2	OWEGWHBOCFMBLP-UHFFFAOYSA-N	OWEGWHBOCFMBLP						Alkaloids	mzspec:GNPS:GNPS-LIBRARY:CCMSLIB00000210567
[M+H]+	"Massbank:EA281704 Cocaine| (1S,3S,4R,5R)-3-benzoyloxy-8-methyl-8-azabicyclo[3.2.1]octane-4-carboxylic acid methyl ester"	CCMSLIB00000211401	43642	spectra_filtered.mgf	MASSBANK.mgf	0.967646	117590000	0	1.70571	8	0.000518799	304.155	1	temp/spectra_filtered.mgf43642	1	ESI	LC-ESI-ITFT	Isolated	Putative Massbank Match	Massbank	304.154	0	1	50-36-2		CN1C2CCC1C(C(C2)OC(=O)C3=CC=CC=C3)C(=O)OC	"1S/C17H21NO4/c1-18-12-8-9-13(18)15(17(20)21-2)14(10-12)22-16(19)11-6-4-3-5-7-11/h3-7,12-15H,8-10H2,1-2H3/t12-,13+,14-,15+/m0/s1"		3	Positive	MASSBANK	304.154	UPDATE-SINGLE-ANNOTATED-BRONZE	Bronze		C17H21NO4	ZPUCINDJVBIVPJ-UHFFFAOYSA-N	ZPUCINDJVBIVPJ	Benzenoids	Benzene and substituted derivatives	Benzoic acids and derivatives	Ornithine alkaloids	Tropane alkaloids	Alkaloids	mzspec:GNPS:GNPS-LIBRARY:CCMSLIB00000211401
[M+H]+	"Massbank:EA281704 Cocaine| (1S,3S,4R,5R)-3-benzoyloxy-8-methyl-8-azabicyclo[3.2.1]octane-4-carboxylic acid methyl ester_sus"	CCMSLIB00000211401	3188	spectra_filtered.mgf	MASSBANK.mgf	0.968304	1657900	0	2.00672	8	0.000610352	304.155	1	temp/spectra_filtered.mgf3188	1	ESI	LC-ESI-ITFT	Isolated	Putative Massbank Match	Massbank	304.154	0	1	50-36-2		CN1C2CCC1C(C(C2)OC(=O)C3=CC=CC=C3)C(=O)OC	"1S/C17H21NO4/c1-18-12-8-9-13(18)15(17(20)21-2)14(10-12)22-16(19)11-6-4-3-5-7-11/h3-7,12-15H,8-10H2,1-2H3/t12-,13+,14-,15+/m0/s1"		3	Positive	MASSBANK	304.154	UPDATE-SINGLE-ANNOTATED-BRONZE	Bronze		C17H21NO4	ZPUCINDJVBIVPJ-UHFFFAOYSA-N	ZPUCINDJVBIVPJ	Benzenoids	Benzene and substituted derivatives	Benzoic acids and derivatives	Ornithine alkaloids	Tropane alkaloids	Alkaloids	mzspec:GNPS:GNPS-LIBRARY:CCMSLIB00000211401
[M+H]+	Emtricitabine	CCMSLIB00012268721	6033	spectra_filtered.mgf	CMMC-REFRAME-POSITIVE-LIBRARY.mgf	0.986817	176540000	0	0.799695	5	0.000198364	248.05	1	temp/spectra_filtered.mgf6033	1	LC-ESI	Orbitrap	Commercial	Pieter C. Dorrestein	Nina Haoqi Zhao	248.05	247.043	1			Nc1nc(=O)n(C2CSC(CO)O2)cc1F	"""InChI=1S/C8H10FN3O3S/c9-4-1-12(8(14)11-7(4)10)5-3-16-6(2-13)15-5/h1,5-6,13H,2-3H2,(H2,10,11,14)/t5-,6+/m0/s1"""	XQSPYNMVSIKCOC-NTSWFWBYSA-N	1	Positive	PRIVATE-LIB	248.05	UPDATE-SINGLE-ANNOTATED-GOLD	Gold		C8H10FN3O3S	XQSPYNMVSIKCOC-UHFFFAOYSA-N	XQSPYNMVSIKCOC	"Nucleosides, nucleotides, and analogues"	Nucleoside and nucleotide analogues	3'-thia pyrimidine nucleosides	Nucleosides	Pyrimidine nucleos(t)ides	Carbohydrates	mzspec:GNPS:GNPS-LIBRARY:CCMSLIB00012268721
[M+H]+	Eslicarbazepine	CCMSLIB00013033910	32462	spectra_filtered.mgf	MSNLIB-POSITIVE.mgf	0.913336	24480000	0	0	4	0	255.113	1	temp/spectra_filtered.mgf32462	1	ESI	Orbitrap	Commercial	Tomas Pluskal	Corinna Brungs	255.113	254.106	1			NC(=O)N1c2ccccc2C[C@H](O)c2ccccc21	"InChI=1S/C15H14N2O2/c16-15(19)17-12-7-3-1-5-10(12)9-14(18)11-6-2-4-8-13(11)17/h1-8,14,18H,9H2,(H2,16,19)/t14-/m0/s1"	BMPDWHIDQYTSHX-AWEZNQCLSA-N	1	Positive	MSNLIB-POSITIVE	255.113	UPDATE-SINGLE-ANNOTATED-GOLD	Gold		C15H14N2O2	BMPDWHIDQYTSHX-AWEZNQCLSA-N	BMPDWHIDQYTSHX	Organoheterocyclic compounds	Benzazepines	Dibenzazepines	Tryptophan alkaloids	Quinoline alkaloids	Alkaloids	mzspec:GNPS:GNPS-LIBRARY:CCMSLIB00013033910
[M+H]+	fexofenadine	CCMSLIB00012264370	60211	spectra_filtered.mgf	CMMC-REFRAME-POSITIVE-LIBRARY.mgf	0.944127	100027000	0	1.57966	15	0.000793457	502.296	1	temp/spectra_filtered.mgf60211	1	LC-ESI	Orbitrap	Commercial	Pieter C. Dorrestein	Nina Haoqi Zhao	502.295	501.288	1			CC(C)(C(=O)O)c1ccc(C(O)CCCN2CCC(C(O)(c3ccccc3)c3ccccc3)CC2)cc1	"""InChI=1S/C32H39NO4/c1-31(2,30(35)36)25-17-15-24(16-18-25)29(34)14-9-21-33-22-19-28(20-23-33)32(37,26-10-5-3-6-11-26)27-12-7-4-8-13-27/h3-8,10-13,15-18,28-29,34,37H,9,14,19-23H2,1-2H3,(H,35,36)"""	RWTNPBWLLIMQHL-UHFFFAOYSA-N	1	Positive	PRIVATE-LIB	502.295	UPDATE-SINGLE-ANNOTATED-GOLD	Gold		C32H39NO4	RWTNPBWLLIMQHL-UHFFFAOYSA-N	RWTNPBWLLIMQHL	Benzenoids	Benzene and substituted derivatives	Diphenylmethanes			Alkaloids	mzspec:GNPS:GNPS-LIBRARY:CCMSLIB00012264370
[M+H]+	MassbankEU:SM853301 Flumequine	CCMSLIB00000841865	52944	spectra_filtered.mgf	MASSBANKEU.mgf	0.943629	35880000	0	2.67813	5	0.000701904	262.088	1	temp/spectra_filtered.mgf52944	1	ESI	LC-ESI-QFT	Isolated	Massbank EU	Massbank	262.087	0	1	42835-25-6		CC1CCc2cc(F)cc3C(=O)C(=CN1c23)C(O)=O	"1S/C14H12FNO3/c1-7-2-3-8-4-9(15)5-10-12(8)16(7)6-11(13(10)17)14(18)19/h4-7H,2-3H2,1H3,(H,18,19)"		3	Positive	MASSBANKEU	262.087	UPDATE-SINGLE-ANNOTATED-BRONZE	Bronze		C14H12FNO3	DPSPPJIUMHPXMA-UHFFFAOYSA-N	DPSPPJIUMHPXMA	Organoheterocyclic compounds	Quinolines and derivatives	Quinoline carboxylic acids	Anthranilic acid alkaloids	Acridone alkaloids	Alkaloids	mzspec:GNPS:GNPS-LIBRARY:CCMSLIB00000841865
[M+H]+	Massbank: Ketorolac	CCMSLIB00000206213	53129	spectra_filtered.mgf	MASSBANK.mgf	0.971723	5802000	0	0.476657	6	0.00012207	256.097	1	temp/spectra_filtered.mgf53129	1	ESI	LC-ESI-QTOF	Isolated	Putative Massbank Match	Massbank	256.097	0	1			[H]OC(=O)C([H])(C([H])([H])1)c(c([H])3)n(c(c([H])3)C(=O)c(c([H])2)c([H])c([H])c([H])c([H])2)C([H])([H])1	"1S/C15H13NO3/c17-14(10-4-2-1-3-5-10)13-7-6-12-11(15(18)19)8-9-16(12)13/h1-7,11H,8-9H2,(H,18,19)"		3	Positive	MASSBANK	256.097	UPDATE-SINGLE-ANNOTATED-BRONZE	Bronze		C15H13NO3	OZWKMVRBQXNZKK-UHFFFAOYSA-N	OZWKMVRBQXNZKK	Organic oxygen compounds	Organooxygen compounds	Carbonyl compounds			Alkaloids	mzspec:GNPS:GNPS-LIBRARY:CCMSLIB00000206213
[M+H]+	Lopinavir	CCMSLIB00012248152	79872	spectra_filtered.mgf	CMMC-REFRAME-POSITIVE-LIBRARY.mgf	0.984432	361125000	0	3.20028	16	0.00201416	629.368	1	temp/spectra_filtered.mgf79872	1	LC-ESI	Orbitrap	Commercial	Pieter C. Dorrestein	Nina Haoqi Zhao	629.37	628.362	1			Cc1c(OCC(=O)NC(Cc2ccccc2)C(O)CC(Cc2ccccc2)NC(=O)C(C(C)C)N2CCCNC2=O)c(C)ccc1	"""InChI=1S/C37H48N4O5/c1-25(2)34(41-20-12-19-38-37(41)45)36(44)39-30(21-28-15-7-5-8-16-28)23-32(42)31(22-29-17-9-6-10-18-29)40-33(43)24-46-35-26(3)13-11-14-27(35)4/h5-11,13-18,25,30-32,34,42H,12,19-24H2,1-4H3,(H,38,45)(H,39,44)(H,40,43)/t30-,31-,32-,34-/m0/s1"""	KJHKTHWMRKYKJE-SUGCFTRWSA-N	1	Positive	PRIVATE-LIB	629.37	UPDATE-SINGLE-ANNOTATED-GOLD	Gold		C37H48N4O5	KJHKTHWMRKYKJE-UHFFFAOYSA-N	KJHKTHWMRKYKJE	Organic acids and derivatives	Carboxylic acids and derivatives	"Amino acids, peptides, and analogues"			Amino acids and Peptides	mzspec:GNPS:GNPS-LIBRARY:CCMSLIB00012248152
[M+H]+	Losartan carboxylic acid	CCMSLIB00012298870	66108	spectra_filtered.mgf	MSNLIB-POSITIVE.mgf	0.978126	621784000	0	0.698105	13	0.000305176	437.149	1	temp/spectra_filtered.mgf66108	1	ESI	Orbitrap	Crude	Tomas Pluskal	Corinna Brungs	437.149	436.141	1			CCCCc1nc(Cl)c(C(=O)O)n1Cc1ccc(-c2ccccc2-c2n[nH]nn2)cc1	"InChI=1S/C22H21ClN6O2/c1-2-3-8-18-24-20(23)19(22(30)31)29(18)13-14-9-11-15(12-10-14)16-6-4-5-7-17(16)21-25-27-28-26-21/h4-7,9-12H,2-3,8,13H2,1H3,(H,30,31)(H,25,26,27,28)"	ZEUXAIYYDDCIRX-UHFFFAOYSA-N	1	Positive	MSNLIB-POSITIVE	437.149	UPDATE-SINGLE-ANNOTATED-GOLD	Gold		C22H21ClN6O2	ZEUXAIYYDDCIRX-UHFFFAOYSA-N	ZEUXAIYYDDCIRX	Benzenoids	Benzene and substituted derivatives	Biphenyls and derivatives			Alkaloids	mzspec:GNPS:GNPS-LIBRARY:CCMSLIB00012298870
[M+H]+	Massbank:UF407204 Metoprolol|1-(isopropylamino)-3-[4-(2-methoxyethyl)phenoxy]propan-2-ol	CCMSLIB00000223624	12783	spectra_filtered.mgf	MASSBANK.mgf	0.921216	49950000	0	0.796533	11	0.000213623	268.191	1	temp/spectra_filtered.mgf12783	1	ESI	LC-ESI-ITFT	Isolated	Putative Massbank Match	Massbank	268.191	0	1	51384-51-1		COCCC1=CC=C(OCC(O)CNC(C)C)C=C1	"1S/C15H25NO3/c1-12(2)16-10-14(17)11-19-15-6-4-13(5-7-15)8-9-18-3/h4-7,12,14,16-17H,8-11H2,1-3H3"		3	Positive	MASSBANK	268.191	UPDATE-SINGLE-ANNOTATED-BRONZE	Bronze		C15H25NO3	IUBSYMUCCVWXPE-UHFFFAOYSA-N	IUBSYMUCCVWXPE	Benzenoids	Phenols	Tyrosols and derivatives	Pseudoalkaloids	Phenylalanine-derived alkaloids	Alkaloids	mzspec:GNPS:GNPS-LIBRARY:CCMSLIB00000223624
[M+H]+	Sulfachloropyridazine	CCMSLIB00013045801	28198	spectra_filtered.mgf	MSNLIB-POSITIVE.mgf	0.991348	1355520000	0	1.39193	9	0.000396729	285.021	1	temp/spectra_filtered.mgf28198	1	ESI	Orbitrap	Commercial	Tomas Pluskal	Corinna Brungs	285.021	284.013	1			Nc1ccc(S(=O)(=O)Nc2nnc(Cl)cc2)cc1	"InChI=1S/C10H9ClN4O2S/c11-9-5-6-10(14-13-9)15-18(16,17)8-3-1-7(12)2-4-8/h1-6H,12H2,(H,14,15)"	XOXHILFPRYWFOD-UHFFFAOYSA-N	1	Positive	MSNLIB-POSITIVE	285.021	UPDATE-SINGLE-ANNOTATED-GOLD	Gold		C10H9ClN4O2S	XOXHILFPRYWFOD-UHFFFAOYSA-N	XOXHILFPRYWFOD	Benzenoids	Benzene and substituted derivatives	Benzenesulfonamides				mzspec:GNPS:GNPS-LIBRARY:CCMSLIB00013045801
[M+H]+	sulfamethazine	CCMSLIB00013012675	18682	spectra_filtered.mgf	MSNLIB-POSITIVE.mgf	0.983273	4993900000	0	0.328039	11	9.16E-05	279.091	1	temp/spectra_filtered.mgf18682	1	ESI	Orbitrap	Commercial	Tomas Pluskal	Corinna Brungs	279.091	278.084	1			Cc1cc(C)nc(NS(=O)(=O)c2ccc(N)cc2)n1	"InChI=1S/C12H14N4O2S/c1-8-7-9(2)15-12(14-8)16-19(17,18)11-5-3-10(13)4-6-11/h3-7H,13H2,1-2H3,(H,14,15,16)"	ASWVTGNCAZCNNR-UHFFFAOYSA-N	1	Positive	MSNLIB-POSITIVE	279.091	UPDATE-SINGLE-ANNOTATED-GOLD	Gold		C12H14N4O2S	ASWVTGNCAZCNNR-UHFFFAOYSA-N	ASWVTGNCAZCNNR	Benzenoids	Benzene and substituted derivatives	Benzenesulfonamides			Alkaloids	mzspec:GNPS:GNPS-LIBRARY:CCMSLIB00013012675
[M+H]+	sulfamethizole	CCMSLIB00013013964	13719	spectra_filtered.mgf	MSNLIB-POSITIVE.mgf	0.986046	1600900000	0	1.12598	8	0.000305176	271.032	1	temp/spectra_filtered.mgf13719	1	ESI	Orbitrap	Commercial	Tomas Pluskal	Corinna Brungs	271.032	270.025	1			Cc1nnc(NS(=O)(=O)c2ccc(N)cc2)s1	"InChI=1S/C9H10N4O2S2/c1-6-11-12-9(16-6)13-17(14,15)8-4-2-7(10)3-5-8/h2-5H,10H2,1H3,(H,12,13)"	VACCAVUAMIDAGB-UHFFFAOYSA-N	1	Positive	MSNLIB-POSITIVE	271.032	UPDATE-SINGLE-ANNOTATED-GOLD	Gold		C9H10N4O2S2	VACCAVUAMIDAGB-UHFFFAOYSA-N	VACCAVUAMIDAGB	Benzenoids	Benzene and substituted derivatives	Benzenesulfonamides				mzspec:GNPS:GNPS-LIBRARY:CCMSLIB00013013964
[M+H]+	"Massbank:EA019910 Trimethoprim|2,4-Diamino-5-(3,4,5-trimethoxybenzyl)pyrimidine|5-[(3,4,5-trimethoxyphenyl)methyl]pyrimidine-2,4-diamine"	CCMSLIB00000207449	18200	spectra_filtered.mgf	MASSBANK.mgf	0.943388	30450000	0	1.36265	10	0.000396729	291.145	1	temp/spectra_filtered.mgf18200	1	ESI	LC-ESI-ITFT	Isolated	Putative Massbank Match	Massbank	291.145	0	1	738-70-5		c1(Cc2c(nc(N)nc2)N)cc(c(OC)c(c1)OC)OC	"1S/C14H18N4O3/c1-19-10-5-8(6-11(20-2)12(10)21-3)4-9-7-17-14(16)18-13(9)15/h5-7H,4H2,1-3H3,(H4,15,16,17,18)"		3	Positive	MASSBANK	291.145	UPDATE-SINGLE-ANNOTATED-BRONZE	Bronze		C14H18N4O3	IEDVJHCEMCRBQM-UHFFFAOYSA-N	IEDVJHCEMCRBQM	Benzenoids	Phenol ethers	Anisoles			Alkaloids	mzspec:GNPS:GNPS-LIBRARY:CCMSLIB00000207449
[M+H]+	Massbank: Tripelennamine	CCMSLIB00000206473	25546	spectra_filtered.mgf	MASSBANK.mgf	0.998052	547037000	0	0.357375	4	9.16E-05	256.181	1	temp/spectra_filtered.mgf25546	1	ESI	LC-ESI-QTOF	Isolated	Putative Massbank Match	Massbank	256.181	0	1			[H]c(c([H])2)nc(c([H])c([H])2)N(C([H])([H])C([H])([H])N(C([H])([H])[H])C([H])([H])[H])C([H])([H])c(c([H])1)c([H])c([H])c([H])c([H])1	"1S/C16H21N3/c1-18(2)12-13-19(16-10-6-7-11-17-16)14-15-8-4-3-5-9-15/h3-11H,12-14H2,1-2H3"		3	Positive	MASSBANK	256.181	UPDATE-SINGLE-ANNOTATED-BRONZE	Bronze		C16H21N3	UFLGIAIHIAPJJC-UHFFFAOYSA-N	UFLGIAIHIAPJJC	Benzenoids	Benzene and substituted derivatives	Benzylamines	Tyrosine alkaloids		Alkaloids	mzspec:GNPS:GNPS-LIBRARY:CCMSLIB00000206473
[M+K]+	Lorlatinib_sus	CCMSLIB00012250064	93203	spectra_filtered.mgf	CMMC-REFRAME-POSITIVE-LIBRARY.mgf	0.916572	1133600000	0	3.56515	8	0.00158691	445.12	1	temp/spectra_filtered.mgf93203	1	LC-ESI	Orbitrap	Commercial	Pieter C. Dorrestein	Nina Haoqi Zhao	445.118	406.155	1			CC1Oc2cc(cnc2N)-c2c(C#N)n(C)nc2CN(C)C(=O)c2c1cc(F)cc2	"""InChI=1S/C21H19FN6O2/c1-11-15-7-13(22)4-5-14(15)21(29)27(2)10-16-19(17(8-23)28(3)26-16)12-6-18(30-11)20(24)25-9-12/h4-7,9,11H,10H2,1-3H3,(H2,24,25)/t11-/m1/s1"""	IIXWYSCJSQVBQM-LLVKDONJSA-N	1	Positive	PRIVATE-LIB	445.118	UPDATE-SINGLE-ANNOTATED-GOLD	Gold			IIXWYSCJSQVBQM-UHFFFAOYSA-N	IIXWYSCJSQVBQM							mzspec:GNPS:GNPS-LIBRARY:CCMSLIB00012250064
[M+K]+	mafenide_sus	CCMSLIB00012262861	184	spectra_filtered.mgf	CMMC-REFRAME-POSITIVE-LIBRARY.mgf	0.943009	598100000	0	3.11945	8	0.000701904	225.01	1	temp/spectra_filtered.mgf184	1	LC-ESI	Orbitrap	Commercial	Pieter C. Dorrestein	Nina Haoqi Zhao	225.009	186.046	1			NCc1ccc(S(N)(=O)=O)cc1	"""InChI=1S/C7H10N2O2S/c8-5-6-1-3-7(4-2-6)12(9,10)11/h1-4H,5,8H2,(H2,9,10,11)"""	TYMRLRRVMHJFTF-UHFFFAOYSA-N	1	Positive	PRIVATE-LIB	225.009	UPDATE-SINGLE-ANNOTATED-GOLD	Gold		C7H10N2O2S	TYMRLRRVMHJFTF-UHFFFAOYSA-N	TYMRLRRVMHJFTF	Benzenoids	Benzene and substituted derivatives	Benzenesulfonamides			Alkaloids	mzspec:GNPS:GNPS-LIBRARY:CCMSLIB00012262861
[M+Na]+	Delorazepam	CCMSLIB00012261563	70561	spectra_filtered.mgf	CMMC-REFRAME-POSITIVE-LIBRARY.mgf	0.98456	17092200000	0	6.34605	4	0.0020752	327.008	1	temp/spectra_filtered.mgf70561	1	LC-ESI	Orbitrap	Commercial	Pieter C. Dorrestein	Nina Haoqi Zhao	327.006	304.017	1			O=C1CN=C(c2ccccc2Cl)c2c(ccc(Cl)c2)N1	"""InChI=1S/C15H10Cl2N2O/c16-9-5-6-13-11(7-9)15(18-8-14(20)19-13)10-3-1-2-4-12(10)17/h1-7H,8H2,(H,19,20)"""	CHIFCDOIPRCHCF-UHFFFAOYSA-N	1	Positive	PRIVATE-LIB	327.006	UPDATE-SINGLE-ANNOTATED-GOLD	Gold		C15H10Cl2N2O	CHIFCDOIPRCHCF-UHFFFAOYSA-N	CHIFCDOIPRCHCF	Organoheterocyclic compounds	Benzodiazepines	"1,4-benzodiazepines"			Alkaloids	mzspec:GNPS:GNPS-LIBRARY:CCMSLIB00012261563
[M+Na]+	pranolium	CCMSLIB00012267786	47951	spectra_filtered.mgf	CMMC-REFRAME-POSITIVE-LIBRARY.mgf	0.901512	97160000	0	0.980689	13	0.000305176	311.185	1	temp/spectra_filtered.mgf47951	1	LC-ESI	Orbitrap	Commercial	Pieter C. Dorrestein	Nina Haoqi Zhao	311.185	288.196	1			CC(C)[N+](C)(C)CC(O)COc1cccc2ccccc12	"""InChI=1S/C18H26NO2/c1-14(2)19(3,4)12-16(20)13-21-18-11-7-9-15-8-5-6-10-17(15)18/h5-11,14,16,20H,12-13H2,1-4H3/q+1"""	VOPWPUXOWBDNBN-UHFFFAOYSA-N	1	Positive	PRIVATE-LIB	311.185	UPDATE-SINGLE-ANNOTATED-GOLD	Gold			VOPWPUXOWBDNBN-UHFFFAOYSA-N	VOPWPUXOWBDNBN							mzspec:GNPS:GNPS-LIBRARY:CCMSLIB00012267786
[M+Na]+	RIDOGREL	CCMSLIB00012253321	83559	spectra_filtered.mgf	CMMC-REFRAME-POSITIVE-LIBRARY.mgf	0.892523	105414000	0	9.72527	14	0.00378418	389.112	1	temp/spectra_filtered.mgf83559	1	LC-ESI	Orbitrap	Commercial	Pieter C. Dorrestein	Nina Haoqi Zhao	389.108	366.119	1			O=C(O)CCCCON=C(c1cnccc1)c1cc(C(F)(F)F)ccc1	"""InChI=1S/C18H17F3N2O3/c19-18(20,21)15-7-3-5-13(11-15)17(14-6-4-9-22-12-14)23-26-10-2-1-8-16(24)25/h3-7,9,11-12H,1-2,8,10H2,(H,24,25)/b23-17+"""	GLLPUTYLZIKEGF-HAVVHWLPSA-N	1	Positive	PRIVATE-LIB	389.108	UPDATE-SINGLE-ANNOTATED-GOLD	Gold		C18H17F3N2O3	GLLPUTYLZIKEGF-UHFFFAOYSA-N	GLLPUTYLZIKEGF	Benzenoids	Benzene and substituted derivatives	Trifluoromethylbenzenes	Nicotinic acid alkaloids	Pyridine alkaloids	Alkaloids	mzspec:GNPS:GNPS-LIBRARY:CCMSLIB00012253321
[M+NH4]+	misoprostol_sus	CCMSLIB00012248163	84877	spectra_filtered.mgf	CMMC-REFRAME-POSITIVE-LIBRARY.mgf	0.903637	1976360000	0	0.762356	6	0.000305176	400.306	1	temp/spectra_filtered.mgf84877	1	LC-ESI	Orbitrap	Commercial	Pieter C. Dorrestein	Nina Haoqi Zhao	400.306	382.272	1			CCCCC(C)(O)CC=CC1C(O)CC(=O)C1CCCCCCC(=O)OC	"""InChI=1S/C22H38O5/c1-4-5-14-22(2,26)15-10-12-18-17(19(23)16-20(18)24)11-8-6-7-9-13-21(25)27-3/h10,12,17-18,20,24,26H,4-9,11,13-16H2,1-3H3/b12-10+/t17-,18-,20-,22?/m1/s1"""	OJLOPKGSLYJEMD-URPKTTJQSA-N	1	Positive	PRIVATE-LIB	400.306	UPDATE-SINGLE-ANNOTATED-GOLD	Gold		C22H38O5	OJLOPKGSLYJEMD-UHFFFAOYSA-N	OJLOPKGSLYJEMD	Lipids and lipid-like molecules	Fatty Acyls	Eicosanoids	Eicosanoids	Isoprostanes|Prostaglandins	Fatty acids	mzspec:GNPS:GNPS-LIBRARY:CCMSLIB00012248163
[M+NH4]+	Polidocanol_sus	CCMSLIB00012287161	88268	spectra_filtered.mgf	MSNLIB-POSITIVE.mgf	0.801943	2381400000	0	0.101646	15	6.10E-05	600.468	1	temp/spectra_filtered.mgf88268	1	ESI	Orbitrap	Crude	Tomas Pluskal	Corinna Brungs	600.468	582.434	1			CCCCCCCCCCCCOCCOCCOCCOCCOCCOCCOCCOCCOCCO	"InChI=1S/C30H62O10/c1-2-3-4-5-6-7-8-9-10-11-13-32-15-17-34-19-21-36-23-25-38-27-29-40-30-28-39-26-24-37-22-20-35-18-16-33-14-12-31/h31H,2-30H2,1H3"	ONJQDTZCDSESIW-UHFFFAOYSA-N	1	Positive	MSNLIB-POSITIVE	600.468	UPDATE-SINGLE-ANNOTATED-GOLD	Gold		C30H62O10	ONJQDTZCDSESIW-UHFFFAOYSA-N	ONJQDTZCDSESIW	Organic oxygen compounds	Organooxygen compounds	Ethers	Glycerolipids	Triacylglycerols	Fatty acids	mzspec:GNPS:GNPS-LIBRARY:CCMSLIB00012287161
[M-2H2O+2H]+2	GOSOGLIPTIN	CCMSLIB00012251923	97794	spectra_filtered.mgf	CMMC-REFRAME-POSITIVE-LIBRARY.mgf	0.935246	132500000	0	10.2891	6	0.00170898	166.098	1	temp/spectra_filtered.mgf97794	1	LC-ESI	Orbitrap	Commercial	Pieter C. Dorrestein	Nina Haoqi Zhao	166.096	366.198	1			O=C(C1CC(N2CCN(c3ncccn3)CC2)CN1)N1CCC(F)(F)C1	"""InChI=1S/C17H24F2N6O/c18-17(19)2-5-25(12-17)15(26)14-10-13(11-22-14)23-6-8-24(9-7-23)16-20-3-1-4-21-16/h1,3-4,13-14,22H,2,5-12H2/t13-,14-/m0/s1"""	QWEWGXUTRTXFRF-KBPBESRZSA-N	1	Positive	PRIVATE-LIB	166.096	UPDATE-SINGLE-ANNOTATED-GOLD	Gold		C17H24F2N6O	QWEWGXUTRTXFRF-UHFFFAOYSA-N	QWEWGXUTRTXFRF	Organic acids and derivatives	Carboxylic acids and derivatives	"Amino acids, peptides, and analogues"	Lysine alkaloids	Quinolizidine alkaloids	Alkaloids	mzspec:GNPS:GNPS-LIBRARY:CCMSLIB00012251923
[M-2H2O+H]+	oxyphenonium	CCMSLIB00012247547	62319	spectra_filtered.mgf	CMMC-REFRAME-POSITIVE-LIBRARY.mgf	0.823642	15201000	0	5.74813	8	0.00180054	313.237	1	temp/spectra_filtered.mgf62319	1	LC-ESI	Orbitrap	Commercial	Pieter C. Dorrestein	Nina Haoqi Zhao	313.239	348.253	1			CC[N+](C)(CC)CCOC(=O)C(O)(c1ccccc1)C1CCCCC1	"""InChI=1S/C21H34NO3/c1-4-22(3,5-2)16-17-25-20(23)21(24,18-12-8-6-9-13-18)19-14-10-7-11-15-19/h6,8-9,12-13,19,24H,4-5,7,10-11,14-17H2,1-3H3/q+1"""	GFRUPHOKLBPHTQ-UHFFFAOYSA-N	1	Positive	PRIVATE-LIB	313.239	UPDATE-SINGLE-ANNOTATED-GOLD	Gold			GFRUPHOKLBPHTQ-UHFFFAOYSA-N	GFRUPHOKLBPHTQ							mzspec:GNPS:GNPS-LIBRARY:CCMSLIB00012247547
[M-H2O+H]+	oxyphenonium	CCMSLIB00012247548	60229	spectra_filtered.mgf	CMMC-REFRAME-POSITIVE-LIBRARY.mgf	0.830989	147473000	0	6.35687	10	0.00210571	331.248	1	temp/spectra_filtered.mgf60229	1	LC-ESI	Orbitrap	Commercial	Pieter C. Dorrestein	Nina Haoqi Zhao	331.25	348.253	1			CC[N+](C)(CC)CCOC(=O)C(O)(c1ccccc1)C1CCCCC1	"""InChI=1S/C21H34NO3/c1-4-22(3,5-2)16-17-25-20(23)21(24,18-12-8-6-9-13-18)19-14-10-7-11-15-19/h6,8-9,12-13,19,24H,4-5,7,10-11,14-17H2,1-3H3/q+1"""	GFRUPHOKLBPHTQ-UHFFFAOYSA-N	1	Positive	PRIVATE-LIB	331.25	UPDATE-SINGLE-ANNOTATED-GOLD	Gold			GFRUPHOKLBPHTQ-UHFFFAOYSA-N	GFRUPHOKLBPHTQ							mzspec:GNPS:GNPS-LIBRARY:CCMSLIB00012247548
[M-H2O+H]+	prilocaine	CCMSLIB00012259335	18116	spectra_filtered.mgf	CMMC-REFRAME-POSITIVE-LIBRARY.mgf	0.834008	143560000	0	1.95285	4	0.000396729	203.154	1	temp/spectra_filtered.mgf18116	1	LC-ESI	Orbitrap	Commercial	Pieter C. Dorrestein	Nina Haoqi Zhao	203.154	220.158	1			CCCNC(C)C(=O)Nc1ccccc1C	"""InChI=1S/C13H20N2O/c1-4-9-14-11(3)13(16)15-12-8-6-5-7-10(12)2/h5-8,11,14H,4,9H2,1-3H3,(H,15,16)"""	MVFGUOIZUNYYSO-UHFFFAOYSA-N	1	Positive	PRIVATE-LIB	203.154	UPDATE-SINGLE-ANNOTATED-GOLD	Gold		C13H20N2O	MVFGUOIZUNYYSO-UHFFFAOYSA-N	MVFGUOIZUNYYSO	Organic acids and derivatives	Carboxylic acids and derivatives	"Amino acids, peptides, and analogues"			Alkaloids	mzspec:GNPS:GNPS-LIBRARY:CCMSLIB00012259335
[M-H2O+K]+	FLUAZACORT_sus	CCMSLIB00012252334	88459	spectra_filtered.mgf	CMMC-REFRAME-POSITIVE-LIBRARY.mgf	0.954821	357140000	0	2.03384	16	0.000976562	480.157	1	temp/spectra_filtered.mgf88459	1	LC-ESI	Orbitrap	Commercial	Pieter C. Dorrestein	Nina Haoqi Zhao	480.158	459.206	1			CC(=O)OCC(=O)C12N=C(C)OC1CC1C3CCC4=CC(=O)C=CC4(C)C3(F)C(O)CC12C	"""InChI=1S/C25H30FNO6/c1-13-27-25(20(31)12-32-14(2)28)21(33-13)10-18-17-6-5-15-9-16(29)7-8-22(15,3)24(17,26)19(30)11-23(18,25)4/h7-9,17-19,21,30H,5-6,10-12H2,1-4H3/t17-,18-,19-,21+,22-,23-,24-,25+/m0/s1"""	BYZCJOHDXLROEC-RBWIMXSLSA-N	1	Positive	PRIVATE-LIB	480.158	UPDATE-SINGLE-ANNOTATED-GOLD	Gold		C25H30FNO6	BYZCJOHDXLROEC-UHFFFAOYSA-N	BYZCJOHDXLROEC	Lipids and lipid-like molecules	Steroids and steroid derivatives	Pregnane steroids	Steroids	Pregnane steroids	Terpenoids	mzspec:GNPS:GNPS-LIBRARY:CCMSLIB00012252334
M+H	"""0465_10,11-Dihydro-10,11-dihydroxycarbamazepine"""	CCMSLIB00000579630	26464	spectra_filtered.mgf	CASMI.mgf	0.93762	272250000	0	0.787963	5	0.000213623	271.108	1	temp/spectra_filtered.mgf26464	1	LC-ESI	Orbitrap	Commercial	CASMI	CASMI2016	271.108	0	1		5388962	NC(=O)N1c2ccccc2C(O)C(O)c2ccccc12	"""InChI=1S/C15H14N2O3/c16-15(20)17-11-7-3-1-5-9(11)13(18)14(19)10-6-2-4-8-12(10)17/h1-8,13-14,18-19H,(H2,16,20)"""		1	 Positive	CASMI	271.108	UPDATE-SINGLE-ANNOTATED-GOLD	Gold		C15H14N2O3	PRGQOPPDPVELEG-UHFFFAOYSA-N	PRGQOPPDPVELEG	Organoheterocyclic compounds	Benzazepines	Dibenzazepines	Tryptophan alkaloids	Quinoline alkaloids	Alkaloids	mzspec:GNPS:GNPS-LIBRARY:CCMSLIB00000579630
M+H	0534_Amitriptyline	CCMSLIB00000579660	38917	spectra_filtered.mgf	CASMI.mgf	0.998363	59850000000	0	0	12	0	278.19	1	temp/spectra_filtered.mgf38917	1	LC-ESI	Orbitrap	Commercial	CASMI	CASMI2016	278.19	0	1		7224	CN(C)CCC=C1c2ccccc2CCc2ccccc12	"""InChI=1S/C20H23N/c1-21(2)15-7-12-20-18-10-5-3-8-16(18)13-14-17-9-4-6-11-19(17)20/h3-6,8-12H,7,13-15H2,1-2H3"""		1	 Positive	CASMI	278.19	UPDATE-SINGLE-ANNOTATED-GOLD	Gold		C20H23N	KRMDCWKBEZIMAB-UHFFFAOYSA-N	KRMDCWKBEZIMAB							mzspec:GNPS:GNPS-LIBRARY:CCMSLIB00000579660
M+H	"Massbank:EQ301202 Atazanavir|N-[(1S)-1-[[(1S,2S)-1-benzyl-3-[[[(2S)-2-(carbomethoxyamino)-3,3-dimethyl-butanoyl]amino]-[4-(2-pyridyl)benzyl]amino]-2-hydroxy-propyl]carbamoyl]-2,2-dimethyl-propyl]carbamic acid methyl es"	CCMSLIB00005733646	65199	spectra_filtered.mgf	MASSBANK.mgf	0.976802	101435000	0	0.86526	21	0.000610352	705.398	1	temp/spectra_filtered.mgf65199	1	ESI	Hybrid FT	Isolated	Massbank	Massbank	705.397	0	1	198904-31-3		CC(C)(C)C(C(=O)NC(CC1=CC=CC=C1)C(CN(CC2=CC=C(C=C2)C3=CC=CC=N3)NC(=O)C(C(C)(C)C)NC(=O)OC)O)NC(=O)OC	"1S/C38H52N6O7/c1-37(2,3)31(41-35(48)50-7)33(46)40-29(22-25-14-10-9-11-15-25)30(45)24-44(43-34(47)32(38(4,5)6)42-36(49)51-8)23-26-17-19-27(20-18-26)28-16-12-13-21-39-28/h9-21,29-32,45H,22-24H2,1-8H3,(H,40,46)(H,41,48)(H,42,49)(H,43,47)/t29-,30-,31+,32+/m0/s1"		3	Positive	MASSBANK	705.397	UPDATE-SINGLE-ANNOTATED-BRONZE	Bronze		C38H52N6O7	AXRYRYVKAWYZBR-UHFFFAOYSA-N	AXRYRYVKAWYZBR	Organic acids and derivatives	Carboxylic acids and derivatives	"Amino acids, peptides, and analogues"			Amino acids and Peptides	mzspec:GNPS:GNPS-LIBRARY:CCMSLIB00005733646
M+H	DL-Atenolol - 30.0 eV	CCMSLIB00006113813	13170	spectra_filtered.mgf	BIRMINGHAM-UHPLC-MS-POS.mgf	0.873322	12450000	0	2.17027	9	0.000579834	267.17	1	temp/spectra_filtered.mgf13170	1	ESI	Orbitrap	Isolated	PI	Data Collector	267.171	0	1			CC(C)NCC(COc1ccc(cc1)CC(=O)N)O	"InChI=1S/C14H22N2O3/c1-10(2)16-8-12(17)9-19-13-5-3-11(4-6-13)7-14(15)18/h3-6,10,12,16-17H,7-9H2,1-2H3,(H2,15,18)"		1	Positive	BIRMINGHAM-UHPLC-MS-POS	267.171	UPDATE-SINGLE-ANNOTATED-GOLD	Gold		C14H22N2O3	METKIMKYRPQLGS-UHFFFAOYSA-N	METKIMKYRPQLGS	Benzenoids	Benzene and substituted derivatives	Phenylacetamides	Peptide alkaloids	Simple amide alkaloids	Alkaloids	mzspec:GNPS:GNPS-LIBRARY:CCMSLIB00006113813
M+H	Spectral Match to Benzoylecgonine from NIST14	CCMSLIB00003135634	20405	spectra_filtered.mgf	GNPS-NIST14-MATCHES.mgf	0.980102	143520000	0	2.73476	8	0.000793457	290.139	1	temp/spectra_filtered.mgf20405	1	ESI	QQQ	Isolated	Data from Pieter Dorrestein	Data deposited by daniel	290.138	289.131	1	519095		CN1[C@H]2CC[C@@H]1[C@H]([C@H](C2)OC(=O)C3=CC=CC=C3)C(=O)O	"InChI=1S/C16H19NO4/c1-17-11-7-8-12(17)14(15(18)19)13(9-11)21-16(20)10-5-3-2-4-6-10/h2-6,11-14H,7-9H2,1H3,(H,18,19)/t11-,12+,13-,14+/m0/s1"		3	Positive	GNPS-NIST14-MATCHES	290.138	UPDATE-SINGLE-ANNOTATED-BRONZE	Bronze		C16H19NO4	GVGYEFKIHJTNQZ-RFQIPJPRSA-N	GVGYEFKIHJTNQZ	Benzenoids	Benzene and substituted derivatives	Benzoic acids and derivatives	Ornithine alkaloids	Tropane alkaloids	Alkaloids	mzspec:GNPS:GNPS-LIBRARY:CCMSLIB00003135634
M+H	"Massbank:EQ335203 Diphenhydramine|2-benzhydryloxy-N,N-dimethylethanamine"	CCMSLIB00005736262	28176	spectra_filtered.mgf	MASSBANK.mgf	0.990695	248810000	0	2.02521	5	0.000518799	256.169	1	temp/spectra_filtered.mgf28176	1	ESI	Hybrid FT	Isolated	Massbank	Massbank	256.17	0	1	147-24-0		CN(C)CCOC(C1=CC=CC=C1)C2=CC=CC=C2	"1S/C17H21NO/c1-18(2)13-14-19-17(15-9-5-3-6-10-15)16-11-7-4-8-12-16/h3-12,17H,13-14H2,1-2H3"		3	Positive	MASSBANK	256.17	UPDATE-SINGLE-ANNOTATED-BRONZE	Bronze		C17H21NO	ZZVUWRFHKOJYTH-UHFFFAOYSA-N	ZZVUWRFHKOJYTH	Benzenoids	Benzene and substituted derivatives	Diphenylmethanes	Pseudoalkaloids	Phenylalanine-derived alkaloids	Alkaloids	mzspec:GNPS:GNPS-LIBRARY:CCMSLIB00005736262
M+H	"Massbank:AU235702 Efavirenz|6-Chloro-4-(cyclopropylethynyl)-4-(trifluoromethyl)-1,4-dihydro-2H-3,1-benzoxazin-2-one|6-chloro-4-(2-cyclopropylethynyl)-4-(trifluoromethyl)-1H-3,1-benzoxazin-2-one"	CCMSLIB00005775235	77387	spectra_filtered.mgf	MASSBANK.mgf	0.90765	22838000	0	1.64159	6	0.000518799	316.034	1	temp/spectra_filtered.mgf77387	1	ESI	qTof	Isolated	Massbank	Massbank	316.035	0	1	1814-69-3		FC(F)(F)C1(OC(=O)NC2=C1C=C(Cl)C=C2)C#CC1CC1	"1S/C14H9ClF3NO2/c15-9-3-4-11-10(7-9)13(14(16,17)18,21-12(20)19-11)6-5-8-1-2-8/h3-4,7-8H,1-2H2,(H,19,20)"		3	Positive	MASSBANK	316.035	UPDATE-SINGLE-ANNOTATED-BRONZE	Bronze		C10H7ClF3NO2	XPOQHMRABVBWPR-UHFFFAOYSA-N	XPOQHMRABVBWPR				Anthranilic acid alkaloids	Quinoline alkaloids	Alkaloids	mzspec:GNPS:GNPS-LIBRARY:CCMSLIB00005775235
M+H	302776-68-7	CCMSLIB00010151338	89575	spectra_filtered.mgf	MCE-DRUG.mgf	0.923136	57477000	0	1.76255	8	0.000701904	398.232	1	temp/spectra_filtered.mgf89575	1	ESI	Orbitrap	Crude	Tomas Pluskal	Corinna Brungs	398.233	397.225	1			CCCCCCOC(=O)c1ccccc1C(=O)c1c(O)cc(N(CC)CC)cc1	"""InChI=1S/C24H31NO4/c1-4-7-8-11-16-29-24(28)20-13-10-9-12-19(20)23(27)21-15-14-18(17-22(21)26)25(5-2)6-3/h9-10,12-15,17,26H,4-8,11,16H2,1-3H3"""	FDATWRLUYRHCJE-UHFFFAOYSA-N	3	Positive	MCE-DRUG	398.233	UPDATE-SINGLE-ANNOTATED-BRONZE	Bronze		C24H31NO4	FDATWRLUYRHCJE-UHFFFAOYSA-N	FDATWRLUYRHCJE	Benzenoids	Benzene and substituted derivatives	Benzophenones			Shikimates and Phenylpropanoids	mzspec:GNPS:GNPS-LIBRARY:CCMSLIB00010151338
M+H	"Massbank:ET230001 Fluconazole (FLU)|fluconazole|2-(2,4-difluorophenyl)-1,3-bis(1,2,4-triazol-1-yl)propan-2-ol"	CCMSLIB00005726900	25180	spectra_filtered.mgf	MASSBANK.mgf	0.949826	185896000	0	0.993699	10	0.000305176	307.111	1	temp/spectra_filtered.mgf25180	1	ESI	Hybrid FT	Isolated	Massbank	Massbank	307.111	0	1	86386-73-4		OC(CN1C=NC=N1)(CN1C=NC=N1)C1=C(F)C=C(F)C=C1	"1S/C13H12F2N6O/c14-10-1-2-11(12(15)3-10)13(22,4-20-8-16-6-18-20)5-21-9-17-7-19-21/h1-3,6-9,22H,4-5H2"		3	Positive	MASSBANK	307.111	UPDATE-SINGLE-ANNOTATED-BRONZE	Bronze		C13H12F2N6O	RFHAOTPXVQNOHP-UHFFFAOYSA-N	RFHAOTPXVQNOHP	Benzenoids	Benzene and substituted derivatives	Halobenzenes			Alkaloids	mzspec:GNPS:GNPS-LIBRARY:CCMSLIB00005726900
M+H	Losartan	CCMSLIB00003061260	58183	spectra_filtered.mgf	GNPS-LIBRARY.mgf	0.98925	1039900000	0	0.504816	18	0.000213623	423.17	1	temp/spectra_filtered.mgf58183	1	LC-ESI	Orbitrap	Other	Dorrestein	alan_jarmusch	423.17	423.17	1	114798-26-4	 	CCCCC1=NC(=C(N1CC2=CC=C(C=C2)C3=CC=CC=C3C4=NNN=N4)CO)Cl	"InChI=1S/C22H23ClN6O/c1-2-3-8-20-24-21(23)19(14-30)29(20)13-15-9-11-16(12-10-15)17-6-4-5-7-18(17)22-25-27-28-26-22/h4-7,9-12,30H,2-3,8,13-14H2,1H3,(H,25,26,27,28)"	 	3	Positive	GNPS-LIBRARY	423.17	UPDATE-SINGLE-ANNOTATED-BRONZE	Bronze	drug[Chemical Family]||Azole[Molecular Family]||angiotensin-receptor blocker[Drug Class]||Xenobiotic[Source Environment]	C22H23ClN6O	PSIFNNKUMBGKDQ-UHFFFAOYSA-N	PSIFNNKUMBGKDQ	Benzenoids	Benzene and substituted derivatives	Biphenyls and derivatives			Alkaloids	mzspec:GNPS:GNPS-LIBRARY:CCMSLIB00003061260
M+H	Losartan_sus	CCMSLIB00003061261	46241	spectra_filtered.mgf	GNPS-LIBRARY.mgf	0.863876	37604800	0	0.977347	16	0.000427246	437.149	1	temp/spectra_filtered.mgf46241	1	LC-ESI	Orbitrap	Other	Dorrestein	alan_jarmusch	437.149	437.149	1	124750-92-1	 	CCCCC1=NC(=C(N1CC2=CC=C(C=C2)C3=CC=CC=C3C4=NNN=N4)C(=O)O)Cl	"InChI=1S/C22H21ClN6O2/c1-2-3-8-18-24-20(23)19(22(30)31)29(18)13-14-9-11-15(12-10-14)16-6-4-5-7-17(16)21-25-27-28-26-21/h4-7,9-12H,2-3,8,13H2,1H3,(H,30,31)(H,25,26,27,28)"	 	3	Positive	GNPS-LIBRARY	437.149	UPDATE-SINGLE-ANNOTATED-BRONZE	Bronze		C22H21ClN6O2	ZEUXAIYYDDCIRX-UHFFFAOYSA-N	ZEUXAIYYDDCIRX	Benzenoids	Benzene and substituted derivatives	Biphenyls and derivatives			Alkaloids	mzspec:GNPS:GNPS-LIBRARY:CCMSLIB00003061261
M+H	Massbank:EQ282901 Methamphetamine|(2S)-N-methyl-1-phenylpropan-2-amine	CCMSLIB00005736646	15267	spectra_filtered.mgf	MASSBANK.mgf	0.977844	5504650000	0	0.71147	4	0.000106812	150.128	1	temp/spectra_filtered.mgf15267	1	ESI	Hybrid FT	Isolated	Massbank	Massbank	150.128	0	1	537-46-2		c1cccc(c1)C[C@H](C)NC	"1S/C10H15N/c1-9(11-2)8-10-6-4-3-5-7-10/h3-7,9,11H,8H2,1-2H3/t9-/m0/s1"		3	Positive	MASSBANK	150.128	UPDATE-SINGLE-ANNOTATED-BRONZE	Bronze		C10H15N	MYWUZJCMWCOHBA-VIFPVBQESA-N	MYWUZJCMWCOHBA	Benzenoids	Benzene and substituted derivatives	Phenethylamines	Pseudoalkaloids	Phenylalanine-derived alkaloids	Alkaloids	mzspec:GNPS:GNPS-LIBRARY:CCMSLIB00005736646
M+H	Spectral Match to Minoxidil from NIST14	CCMSLIB00003139034	19738	spectra_filtered.mgf	GNPS-NIST14-MATCHES.mgf	0.974012	12970000	0	0.5083	7	0.000106812	210.135	1	temp/spectra_filtered.mgf19738	1	ESI	qTof	Isolated	Data from System Wide MS course 	Data deposited by daniel	210.135	209.128	1	38304915		C1CCN(CC1)C2=NC(=N)N(C(=C2)N)O	"InChI=1S/C9H15N5O/c10-7-6-8(12-9(11)14(7)15)13-4-2-1-3-5-13/h6,11,15H,1-5,10H2"		3	Positive	GNPS-NIST14-MATCHES	210.135	UPDATE-SINGLE-ANNOTATED-BRONZE	Bronze		C9H15N5O	ZIMGGGWCDYVHOY-UHFFFAOYSA-N	ZIMGGGWCDYVHOY	Organic nitrogen compounds	Organonitrogen compounds	Amines	Lysine alkaloids	Piperidine alkaloids	Alkaloids	mzspec:GNPS:GNPS-LIBRARY:CCMSLIB00003139034
M+H	N-Acetylsulfamethoxazole	CCMSLIB00006126852	37133	spectra_filtered.mgf	GNPS-LIBRARY.mgf	0.887635	32080000	0	1.33998	10	0.000396729	296.07	1	temp/spectra_filtered.mgf37133	1	LC-ESI	Orbitrap	Commercial	Kimberly Prather	Lucia Cancelada	296.07	0	1	 	 	CC1=CC(=NO1)NS(=O)(=O)C2=CC=C(C=C2)NC(=O)C	"1S/C12H13N3O4S/c1-8-7-12(14-19-8)15-20(17,18)11-5-3-10(4-6-11)13-9(2)16/h3-7H,1-2H3,(H,13,16)(H,14,15)"	 	3	Positive	GNPS-LIBRARY	296.07	UPDATE-SINGLE-ANNOTATED-BRONZE	Bronze		C12H13N3O4S	GXPIUNZCALHVBA-UHFFFAOYSA-N	GXPIUNZCALHVBA	Benzenoids	Benzene and substituted derivatives	Benzenesulfonamides			Alkaloids	mzspec:GNPS:GNPS-LIBRARY:CCMSLIB00006126852
M+H	Spectral Match to Nalidixic acid from NIST14	CCMSLIB00003136966	28375	spectra_filtered.mgf	GNPS-NIST14-MATCHES.mgf	0.724484	23480000	0	0.851053	5	0.000198364	233.081	1	temp/spectra_filtered.mgf28375	1	ESI	QQQ	Isolated	Data from Dorrestein/Knight	Data deposited by quinnr	233.081	232.085	1	389082		CCN1C=C(C(=O)C2=C1N=C(C=C2)C)C(=O)O	"InChI=1S/C12H12N2O3/c1-3-14-6-9(12(16)17)10(15)8-5-4-7(2)13-11(8)14/h4-6H,3H2,1-2H3,(H,16,17)"		3	Positive	GNPS-NIST14-MATCHES	233.081	UPDATE-SINGLE-ANNOTATED-BRONZE	Bronze		C12H12N2O3	MHWLWQUZZRMNGJ-UHFFFAOYSA-N	MHWLWQUZZRMNGJ	Organoheterocyclic compounds	Diazanaphthalenes	Naphthyridines	Nicotinic acid alkaloids	Pyridine alkaloids	Alkaloids	mzspec:GNPS:GNPS-LIBRARY:CCMSLIB00003136966
M+H	"Massbank:LU084003 Nalidixic acid|1-ethyl-7-methyl-4-oxo-1,8-naphthyridine-3-carboxylic acid"	CCMSLIB00005763083	33739	spectra_filtered.mgf	MASSBANK.mgf	0.961672	69210000	0	0.458238	5	0.000106812	233.092	1	temp/spectra_filtered.mgf33739	1	ESI	Hybrid FT	Isolated	Massbank	Massbank	233.092	0	1	389-08-2		CCN1C=C(C(O)=O)C(=O)C2=C1N=C(C)C=C2	"1S/C12H12N2O3/c1-3-14-6-9(12(16)17)10(15)8-5-4-7(2)13-11(8)14/h4-6H,3H2,1-2H3,(H,16,17)"		3	Positive	MASSBANK	233.092	UPDATE-SINGLE-ANNOTATED-BRONZE	Bronze		C12H12N2O3	MHWLWQUZZRMNGJ-UHFFFAOYSA-N	MHWLWQUZZRMNGJ	Organoheterocyclic compounds	Diazanaphthalenes	Naphthyridines	Nicotinic acid alkaloids	Pyridine alkaloids	Alkaloids	mzspec:GNPS:GNPS-LIBRARY:CCMSLIB00005763083
M+H	nevirapine - 30.0 eV	CCMSLIB00006116522	23202	spectra_filtered.mgf	BIRMINGHAM-UHPLC-MS-POS.mgf	0.879223	14790000	0	4.79829	8	0.00128174	267.123	1	temp/spectra_filtered.mgf23202	1	ESI	Orbitrap	Isolated	PI	Data Collector	267.124	0	1			Cc1ccnc2c1NC(=O)c3cccnc3N2C4CC4	"InChI=1S/C15H14N4O/c1-9-6-8-17-14-12(9)18-15(20)11-3-2-7-16-13(11)19(14)10-4-5-10/h2-3,6-8,10H,4-5H2,1H3,(H,18,20)"		1	Positive	BIRMINGHAM-UHPLC-MS-POS	267.124	UPDATE-SINGLE-ANNOTATED-GOLD	Gold		C15H14N4O	NQDJXKOVJZTUJA-UHFFFAOYSA-N	NQDJXKOVJZTUJA	Organic nitrogen compounds	Organonitrogen compounds	Amines	Nicotinic acid alkaloids	Pyridine alkaloids	Alkaloids	mzspec:GNPS:GNPS-LIBRARY:CCMSLIB00006116522
M+H	[putative] omeprazole sulfide 5-carboxylic acid	CCMSLIB00004679262	26332	spectra_filtered.mgf	GNPS-LIBRARY.mgf	0.855881	3084000	0	0.508484	8	0.000183105	360.101	1	temp/spectra_filtered.mgf26332	1	LC-ESI	qTof	Other	pieter dorrestein	alan jarmusch	360.101	0	0	 	 	 	 	 	3	Positive	GNPS-LIBRARY	360.101	UPDATE-SINGLE-ANNOTATED-BRONZE	Bronze											mzspec:GNPS:GNPS-LIBRARY:CCMSLIB00004679262
M+H	Oxaceprol	CCMSLIB00010135454	4822	spectra_filtered.mgf	MCE-DRUG.mgf	0.761005	630400000	0	0.525935	5	9.16E-05	174.076	1	temp/spectra_filtered.mgf4822	1	ESI	Orbitrap	Crude	Tomas Pluskal	Corinna Brungs	174.076	173.069	1			CC(=O)N1C[C@H](O)C[C@H]1C(=O)O	"""InChI=1S/C7H11NO4/c1-4(9)8-3-5(10)2-6(8)7(11)12/h5-6,10H,2-3H2,1H3,(H,11,12)/t5-,6+/m1/s1"""	BAPRUDZDYCKSOQ-RITPCOANSA-N	3	Positive	MCE-DRUG	174.076	UPDATE-SINGLE-ANNOTATED-BRONZE	Bronze		C7H11NO4	BAPRUDZDYCKSOQ-RITPCOANSA-N	BAPRUDZDYCKSOQ	Organic acids and derivatives	Carboxylic acids and derivatives	"Amino acids, peptides, and analogues"	Small peptides	Aminoacids	Amino acids and Peptides	mzspec:GNPS:GNPS-LIBRARY:CCMSLIB00010135454
M+H	"Massbank:LU079902 Oxazepam|7-chloro-3-hydroxy-5-phenyl-1,3-dihydro-1,4-benzodiazepin-2-one"	CCMSLIB00005766427	52721	spectra_filtered.mgf	MASSBANK.mgf	0.953253	8161000	0	0.425246	6	0.00012207	287.058	1	temp/spectra_filtered.mgf52721	1	ESI	Hybrid FT	Isolated	Massbank	Massbank	287.058	0	1	604-75-1		OC1N=C(C2=CC=CC=C2)C2=CC(Cl)=CC=C2NC1=O	"1S/C15H11ClN2O2/c16-10-6-7-12-11(8-10)13(9-4-2-1-3-5-9)18-15(20)14(19)17-12/h1-8,15,20H,(H,17,19)"		3	Positive	MASSBANK	287.058	UPDATE-SINGLE-ANNOTATED-BRONZE	Bronze		C15H11ClN2O2	ADIMAYPTOBDMTL-UHFFFAOYSA-N	ADIMAYPTOBDMTL	Organoheterocyclic compounds	Benzodiazepines	"1,4-benzodiazepines"	Anthranilic acid alkaloids		Alkaloids	mzspec:GNPS:GNPS-LIBRARY:CCMSLIB00005766427
M+H	"""1-(3-carboxypropyl)-3,7-dimethylxanthine"""	CCMSLIB00000579613	18269	spectra_filtered.mgf	CASMI.mgf	0.872429	36690000	0	0.342754	8	9.16E-05	267.109	1	temp/spectra_filtered.mgf18269	1	LC-ESI	Orbitrap	Commercial	CASMI	CASMI2016	267.109	0	1		133451	CN1C=NC2=C1C(=O)N(CCCC(O)=O)C(=O)N2C	"""InChI=1S/C11H14N4O4/c1-13-6-12-9-8(13)10(18)15(11(19)14(9)2)5-3-4-7(16)17/h6H,3-5H2,1-2H3,(H,16,17)"""		1	 Positive	CASMI	267.109	UPDATE-SINGLE-ANNOTATED-GOLD	Gold		C11H14N4O4	WKASGTGXOGALBG-UHFFFAOYSA-N	WKASGTGXOGALBG	Organoheterocyclic compounds	Imidazopyrimidines	Purines and purine derivatives	Pseudoalkaloids	Purine alkaloids	Alkaloids	mzspec:GNPS:GNPS-LIBRARY:CCMSLIB00000579613
M+H	Spectral Match to Phenolphthalein from NIST14	CCMSLIB00003134650	59189	spectra_filtered.mgf	GNPS-NIST14-MATCHES.mgf	0.805341	17120000	0	2.48658	7	0.000793457	319.097	1	temp/spectra_filtered.mgf59189	1	In-source CID	API	Isolated	Data from System Wide MS course 	Data deposited by daniel	319.096	0	1	77098					3	Positive	GNPS-NIST14-MATCHES	319.096	UPDATE-SINGLE-ANNOTATED-BRONZE	Bronze											mzspec:GNPS:GNPS-LIBRARY:CCMSLIB00003134650
M+H	Spectral Match to Sulfadimethoxine from NIST14	CCMSLIB00003138938	42595	spectra_filtered.mgf	GNPS-NIST14-MATCHES.mgf	0.994111	10337800000	0	2.25635	15	0.000701904	311.081	1	temp/spectra_filtered.mgf42595	1	ESI	qTof	Isolated	Data from Joshua Wollam	Data deposited by fevargas	311.08	310.074	1	122112		COC1=NC(=NC(=C1)NS(=O)(=O)C2=CC=C(C=C2)N)OC	"InChI=1S/C12H14N4O4S/c1-19-11-7-10(14-12(15-11)20-2)16-21(17,18)9-5-3-8(13)4-6-9/h3-7H,13H2,1-2H3,(H,14,15,16)"		3	Positive	GNPS-NIST14-MATCHES	311.08	UPDATE-SINGLE-ANNOTATED-BRONZE	Bronze		C12H14N4O4S	ZZORFUFYDOWNEF-UHFFFAOYSA-N	ZZORFUFYDOWNEF	Benzenoids	Benzene and substituted derivatives	Benzenesulfonamides			Alkaloids	mzspec:GNPS:GNPS-LIBRARY:CCMSLIB00003138938
M+H	"Massbank: Sulfamethoxazole|4-Amino-N-(5-methyl-1,2-oxazol-3-yl)benzene-1-sulfonamide"	CCMSLIB00005754054	30808	spectra_filtered.mgf	MASSBANK.mgf	0.983043	21280000	0	1.92192	8	0.000488281	254.059	1	temp/spectra_filtered.mgf30808	1	ESI	Hybrid FT	Isolated	Massbank	Massbank	254.059	0	1	723-46-6		CC1=CC(NS(=O)(=O)C2=CC=C(N)C=C2)=NO1	"1S/C10H11N3O3S/c1-7-6-10(12-16-7)13-17(14,15)9-4-2-8(11)3-5-9/h2-6H,11H2,1H3,(H,12,13)"		3	Positive	MASSBANK	254.059	UPDATE-SINGLE-ANNOTATED-BRONZE	Bronze		C10H11N3O3S	JLKIGFTWXXRPMT-UHFFFAOYSA-N	JLKIGFTWXXRPMT	Benzenoids	Benzene and substituted derivatives	Benzenesulfonamides				mzspec:GNPS:GNPS-LIBRARY:CCMSLIB00005754054
M+H	VALSARTAN	CCMSLIB00006680041	50531	spectra_filtered.mgf	MONA.mgf	0.96704	58752000	0	3.70772	16	0.00161743	436.232	1	temp/spectra_filtered.mgf50531	1	ESI	Orbitrap	isolated	MoNA	MoNA:MoNA037461	436.234	0	1			CCCCC(=O)N(CC1=CC=C(C=C1)C2=C(C=CC=C2)C3=NNN=N3)[C@@H](C(C)C)C(=O)O	"""InChI=1S/C24H29N5O3/c1-4-5-10-21(30)29(22(16(2)3)24(31)32)15-17-11-13-18(14-12-17)19-8-6-7-9-20(19)23-25-27-28-26-23/h6-9,11-14,16,22H,4-5,10,15H2,1-3H3,(H,31,32)(H,25,26,27,28)/t22-/m0/s1"""		3	positive	MONA	436.234	UPDATE-SINGLE-ANNOTATED-BRONZE	Bronze		C24H29N5O3	ACWBQPMHZXGDFX-QFIPXVFZSA-N	ACWBQPMHZXGDFX	Organic acids and derivatives	Carboxylic acids and derivatives	"Amino acids, peptides, and analogues"			Alkaloids	mzspec:GNPS:GNPS-LIBRARY:CCMSLIB00006680041
M+H	VALSARTAN	CCMSLIB00006680041	69257	spectra_filtered.mgf	MONA.mgf	0.966282	69623300	0	0.699569	15	0.000305176	436.234	1	temp/spectra_filtered.mgf69257	1	ESI	Orbitrap	isolated	MoNA	MoNA:MoNA037461	436.234	0	1			CCCCC(=O)N(CC1=CC=C(C=C1)C2=C(C=CC=C2)C3=NNN=N3)[C@@H](C(C)C)C(=O)O	"""InChI=1S/C24H29N5O3/c1-4-5-10-21(30)29(22(16(2)3)24(31)32)15-17-11-13-18(14-12-17)19-8-6-7-9-20(19)23-25-27-28-26-23/h6-9,11-14,16,22H,4-5,10,15H2,1-3H3,(H,31,32)(H,25,26,27,28)/t22-/m0/s1"""		3	positive	MONA	436.234	UPDATE-SINGLE-ANNOTATED-BRONZE	Bronze		C24H29N5O3	ACWBQPMHZXGDFX-QFIPXVFZSA-N	ACWBQPMHZXGDFX	Organic acids and derivatives	Carboxylic acids and derivatives	"Amino acids, peptides, and analogues"			Alkaloids	mzspec:GNPS:GNPS-LIBRARY:CCMSLIB00006680041
M+NH4	Monensin [M+NH4]+_sus	CCMSLIB00008851484	90634	spectra_filtered.mgf	GNPS-LIBRARY.mgf	0.952276	157646000	0	1.1525	32	0.000793457	688.464	1	temp/spectra_filtered.mgf90634	1	LC-ESI	Orbitrap	Commercial	Daniel Petras	Stilianos Papadopoulos Lambidis	688.463	0	1	 	 	CCC1(CCC(O1)C2(CCC3(O2)CC(C(C(O3)C(C)C(C(C)C(=O)O)OC)C)O)C)C4C(CC(O4)C5C(CC(C(O5)(CO)O)C)C)C	"InChI=1S/C36H62O11/c1-10-34(31-20(3)16-26(43-31)28-19(2)15-21(4)36(41,18-37)46-28)12-11-27(44-34)33(8)13-14-35(47-33)17-25(38)22(5)30(45-35)23(6)29(42-9)24(7)32(39)40/h19-31,37-38,41H,10-18H2,1-9H3,(H,39,40)"	 	3	Positive	GNPS-LIBRARY	688.463	UPDATE-SINGLE-ANNOTATED-BRONZE	Bronze		C36H62O11	GAOZTHIDHYLHMS-UHFFFAOYSA-N	GAOZTHIDHYLHMS	Lipids and lipid-like molecules	Fatty Acyls	Fatty acids and conjugates	Polyethers	Polyether ionophores	Polyketides	mzspec:GNPS:GNPS-LIBRARY:CCMSLIB00008851484
	(2-Chlorophenyl)(diphenyl)methanol	NIST1986969	65213	spectra_filtered.mgf	library.mgf	0.925739	36450000	0	0.660845	6	0.000183105	277.078	1	temp/spectra_filtered.mgf65213	1																														
	15(S)-Fluprostenol isopropyl ester	NIST1613802	80114	spectra_filtered.mgf	library.mgf	0.718644	16212000	0	0	5	0	243.138	1	temp/spectra_filtered.mgf80114	1																														
	3-Hydroxymorphinan	NIST1167307	22877	spectra_filtered.mgf	library.mgf	0.912541	5795000	0	0.812404	11	0.000198364	244.17	1	temp/spectra_filtered.mgf22877	1																														
	Agomelatine	NIST1393046	77735	spectra_filtered.mgf	library.mgf	0.94098	42920000	0	1.07168	6	0.000198364	185.096	1	temp/spectra_filtered.mgf77735	1																														
	Agomelatine	NIST1393046	59471	spectra_filtered.mgf	library.mgf	0.971649	19740000	0	1.07168	6	0.000198364	185.096	1	temp/spectra_filtered.mgf59471	1																														
	Albendazole	NIST1679332	49557	spectra_filtered.mgf	library.mgf	0.957262	20226000	0	1.14686	4	0.000305176	266.096	1	temp/spectra_filtered.mgf49557	1																														
	Anthralin	NIST1620732	55510	spectra_filtered.mgf	library.mgf	0.721091	51869000	0	1.34397	4	0.000305176	227.071	1	temp/spectra_filtered.mgf55510	1																														
	Bezafibrate	NIST1212285	67006	spectra_filtered.mgf	library.mgf	0.984586	1535880000	0	1.43269	12	0.000518799	362.116	1	temp/spectra_filtered.mgf67006	1																														
	Carbamazepine	NIST1245513	55632	spectra_filtered.mgf	library.mgf	0.987519	472220000	0	0.386132	5	9.16E-05	237.102	1	temp/spectra_filtered.mgf55632	1																														
	Codeine	NIST1245415	15901	spectra_filtered.mgf	library.mgf	0.824133	1147000	0	1.01671	9	0.000305176	300.16	1	temp/spectra_filtered.mgf15901	1																														
	threo-Dihydrobupropion	NIST1260166	36455	spectra_filtered.mgf	library.mgf	0.964184	15880000	0	0.441132	5	0.000106812	242.131	1	temp/spectra_filtered.mgf36455	1																														
	Etilefrine	NIST1268674	4298	spectra_filtered.mgf	library.mgf	0.796778	1447800000	0	0.586498	4	0.000106812	182.118	1	temp/spectra_filtered.mgf4298	1																														
	Flunixin	NIST1728492	61736	spectra_filtered.mgf	library.mgf	0.934973	27871000	0	1.64358	6	0.000488281	297.085	1	temp/spectra_filtered.mgf61736	1																														
	Fluoxymesterone	NIST1247174	83288	spectra_filtered.mgf	library.mgf	0.796756	2188000	0	0.885819	7	0.000213623	241.158	1	temp/spectra_filtered.mgf83288	1																														
	Gabapentin related compound A	NIST1501636	57113	spectra_filtered.mgf	library.mgf	0.720097	1988000	0	0	8	0	307.238	1	temp/spectra_filtered.mgf57113	1																														
	Glutethimide	NIST1247238	70209	spectra_filtered.mgf	library.mgf	0.790368	247000	0	0.617065	5	0.000106812	173.096	1	temp/spectra_filtered.mgf70209	1																														
	Levorphanol	NIST1247519	26627	spectra_filtered.mgf	library.mgf	0.956802	25560000	0	1.5366	8	0.000396729	258.186	1	temp/spectra_filtered.mgf26627	1																														
	Lincomycin	NIST1338509	13273	spectra_filtered.mgf	library.mgf	0.94914	8442100	0	0.974234	5	0.000396729	407.221	1	temp/spectra_filtered.mgf13273	1																														
	Lopinavir	NIST1405772	74176	spectra_filtered.mgf	library.mgf	0.945963	1773400	0	0.937054	26	650.343	651.351	2	temp/spectra_filtered.mgf74176	1																														
	Nortriptyline	NIST1248868	40445	spectra_filtered.mgf	library.mgf	0.993038	229090000	0	1.30902	12	0.000305176	233.132	1	temp/spectra_filtered.mgf40445	1																														
	Nortriptyline	NIST1248867	59400	spectra_filtered.mgf	library.mgf	0.943269	6240000	0	0.458158	9	0.000106812	233.132	1	temp/spectra_filtered.mgf59400	1																														
	Pergolide sulfone	NIST1528912	89226	spectra_filtered.mgf	library.mgf	0.756351	167200	0	1.02648	4	0.000213623	208.112	1	temp/spectra_filtered.mgf89226	1																														
	Pholedrine	NIST1182919	12809	spectra_filtered.mgf	library.mgf	0.932535	51819000	0	0.551115	4	9.16E-05	166.123	1	temp/spectra_filtered.mgf12809	1																														
	Rimantadine	NIST1673407	58850	spectra_filtered.mgf	library.mgf	0.773893	54500000	0	0.508133	6	9.16E-05	180.175	1	temp/spectra_filtered.mgf58850	1																														
	Rimantadine	NIST1673407	68525	spectra_filtered.mgf	library.mgf	0.751911	1860000	0	0.592822	6	0.000106812	180.175	1	temp/spectra_filtered.mgf68525	1																														
	spiroxamine ketone		68333	spectra_filtered.mgf	240422-HRMS-MSMS-Library-AU-EML.mgf	0.757932	81680000	0	1.27859	5	0.000198364	155.143	1	temp/spectra_filtered.mgf68333	1																														
	Sulfamethizole	NIST1366204	15251	spectra_filtered.mgf	library.mgf	0.969818	15689000	0	0.676844	5	0.000366211	541.056	1	temp/spectra_filtered.mgf15251	1																														
[2M+H+CH3CN]	Polyporic acid	CCMSLIB00005720086	96058	spectra_filtered.mgf	LDB_POSITIVE.mgf	0.893489	13721300	0	4.28876	21	0.00268555	626.179	1	temp/spectra_filtered.mgf96058	1	LC-ESI	Orbitrap	Isolated	Jean-Luc WOLFENDER Pierre-Marie ALLARD	Damien OLIVIER	626.182	292.074	1			c1ccc(cc1)C1=C(C(=O)C(=C(C1=O)O)c1ccccc1)O	"""InChI=1S/C18H12O4/c19-15-13(11-7-3-1-4-8-11)16(20)18(22)14(17(15)21)12-9-5-2-6-10-12/h1-10,19,22H"""		3	Positive	LDB_POSITIVE	626.182	UPDATE-SINGLE-ANNOTATED-BRONZE	Bronze		C18H12O4	HZKFHDXTSAYOSN-UHFFFAOYSA-N	HZKFHDXTSAYOSN	Organic oxygen compounds	Organooxygen compounds	Carbonyl compounds	Terphenyls	p-Terphenyls	Shikimates and Phenylpropanoids	mzspec:GNPS:GNPS-LIBRARY:CCMSLIB00005720086
[2M+Na]+	Citronellyl acetate	CCMSLIB00012252775	95091	spectra_filtered.mgf	CMMC-REFRAME-POSITIVE-LIBRARY.mgf	0.971433	212940000	0	5.96796	4	0.00250244	419.315	1	temp/spectra_filtered.mgf95091	1	LC-ESI	Orbitrap	Commercial	Pieter C. Dorrestein	Nina Haoqi Zhao	419.313	198.162	1			CC(=O)OCCC(C)CCC=C(C)C	"""InChI=1S/C12H22O2/c1-10(2)6-5-7-11(3)8-9-14-12(4)13/h6,11H,5,7-9H2,1-4H3"""	JOZKFWLRHCDGJA-UHFFFAOYSA-N	1	Positive	PRIVATE-LIB	419.313	UPDATE-SINGLE-ANNOTATED-GOLD	Gold		C12H22O2	JOZKFWLRHCDGJA-UHFFFAOYSA-N	JOZKFWLRHCDGJA	Lipids and lipid-like molecules	Fatty Acyls	Fatty alcohol esters	Monoterpenoids	Acyclic monoterpenoids	Terpenoids	mzspec:GNPS:GNPS-LIBRARY:CCMSLIB00012252775
[2M-2H2O+H]+	(R)-3-Hydroxybutanoic acid	CCMSLIB00012272017	21868	spectra_filtered.mgf	CMMC-REFRAME-POSITIVE-LIBRARY.mgf	0.972594	164400000	0	0.528959	8	9.16E-05	173.081	1	temp/spectra_filtered.mgf21868	1	LC-ESI	Orbitrap	Commercial	Pieter C. Dorrestein	Nina Haoqi Zhao	173.081	104.047	1			CC(O)CC(=O)O	"""InChI=1S/C4H8O3/c1-3(5)2-4(6)7/h3,5H,2H2,1H3,(H,6,7)/t3-/m1/s1"""	WHBMMWSBFZVSSR-GSVOUGTGSA-N	1	Positive	PRIVATE-LIB	173.081	UPDATE-SINGLE-ANNOTATED-GOLD	Gold		C4H8O3	WHBMMWSBFZVSSR-UHFFFAOYSA-N	WHBMMWSBFZVSSR	Organic acids and derivatives	Hydroxy acids and derivatives	Beta hydroxy acids and derivatives	Fatty Acids and Conjugates	Hydroxy fatty acids	Fatty acids	mzspec:GNPS:GNPS-LIBRARY:CCMSLIB00012272017
[2M-2H2O+H]+	(R)-3-Hydroxybutanoic acid	CCMSLIB00012272017	42935	spectra_filtered.mgf	CMMC-REFRAME-POSITIVE-LIBRARY.mgf	0.973468	172700000	0	0	8	0	173.081	1	temp/spectra_filtered.mgf42935	1	LC-ESI	Orbitrap	Commercial	Pieter C. Dorrestein	Nina Haoqi Zhao	173.081	104.047	1			CC(O)CC(=O)O	"""InChI=1S/C4H8O3/c1-3(5)2-4(6)7/h3,5H,2H2,1H3,(H,6,7)/t3-/m1/s1"""	WHBMMWSBFZVSSR-GSVOUGTGSA-N	1	Positive	PRIVATE-LIB	173.081	UPDATE-SINGLE-ANNOTATED-GOLD	Gold		C4H8O3	WHBMMWSBFZVSSR-UHFFFAOYSA-N	WHBMMWSBFZVSSR	Organic acids and derivatives	Hydroxy acids and derivatives	Beta hydroxy acids and derivatives	Fatty Acids and Conjugates	Hydroxy fatty acids	Fatty acids	mzspec:GNPS:GNPS-LIBRARY:CCMSLIB00012272017
[2M-2H2O+Na]+	aphidicolin	CCMSLIB00012252713	96473	spectra_filtered.mgf	CMMC-REFRAME-POSITIVE-LIBRARY.mgf	0.91455	10862500000	0	10.1195	5	0.00671387	663.453	1	temp/spectra_filtered.mgf96473	1	LC-ESI	Orbitrap	Commercial	Pieter C. Dorrestein	Nina Haoqi Zhao	663.46	338.246	1			CC1(CO)C(O)CCC2(C)C1CCC1CC3CC12CCC3(O)CO	"""InChI=1S/C20H34O4/c1-17(11-21)15-4-3-13-9-14-10-19(13,7-8-20(14,24)12-22)18(15,2)6-5-16(17)23/h13-16,21-24H,3-12H2,1-2H3/t13-,14+,15-,16+,17-,18-,19-,20-/m0/s1"""	NOFOAYPPHIUXJR-APNQCZIXSA-N	1	Positive	PRIVATE-LIB	663.46	UPDATE-SINGLE-ANNOTATED-GOLD	Gold		C20H34O4	NOFOAYPPHIUXJR-UHFFFAOYSA-N	NOFOAYPPHIUXJR	Lipids and lipid-like molecules	Prenol lipids	Diterpenoids	Diterpenoids	Aphidicolane diterpenoids|Tetracyclic diterpenoids	Terpenoids	mzspec:GNPS:GNPS-LIBRARY:CCMSLIB00012252713
[2M-2H2O+Na]+	aphidicolin	CCMSLIB00012252713	99166	spectra_filtered.mgf	CMMC-REFRAME-POSITIVE-LIBRARY.mgf	0.887831	35831000	0	9.19952	5	0.00610352	663.454	1	temp/spectra_filtered.mgf99166	1	LC-ESI	Orbitrap	Commercial	Pieter C. Dorrestein	Nina Haoqi Zhao	663.46	338.246	1			CC1(CO)C(O)CCC2(C)C1CCC1CC3CC12CCC3(O)CO	"""InChI=1S/C20H34O4/c1-17(11-21)15-4-3-13-9-14-10-19(13,7-8-20(14,24)12-22)18(15,2)6-5-16(17)23/h13-16,21-24H,3-12H2,1-2H3/t13-,14+,15-,16+,17-,18-,19-,20-/m0/s1"""	NOFOAYPPHIUXJR-APNQCZIXSA-N	1	Positive	PRIVATE-LIB	663.46	UPDATE-SINGLE-ANNOTATED-GOLD	Gold		C20H34O4	NOFOAYPPHIUXJR-UHFFFAOYSA-N	NOFOAYPPHIUXJR	Lipids and lipid-like molecules	Prenol lipids	Diterpenoids	Diterpenoids	Aphidicolane diterpenoids|Tetracyclic diterpenoids	Terpenoids	mzspec:GNPS:GNPS-LIBRARY:CCMSLIB00012252713
[2M-2H2O+NH4]+	aphidicolin	CCMSLIB00012272376	86374	spectra_filtered.mgf	CMMC-REFRAME-POSITIVE-LIBRARY.mgf	0.826301	376486000	0	8.89801	5	0.00585938	658.51	1	temp/spectra_filtered.mgf86374	1	LC-ESI	Orbitrap	Commercial	Pieter C. Dorrestein	Nina Haoqi Zhao	658.504	338.246	1			CC1(CO)C(O)CCC2(C)C1CCC1CC3CC12CCC3(O)CO	"""InChI=1S/C20H34O4/c1-17(11-21)15-4-3-13-9-14-10-19(13,7-8-20(14,24)12-22)18(15,2)6-5-16(17)23/h13-16,21-24H,3-12H2,1-2H3/t13-,14+,15-,16+,17-,18-,19-,20-/m0/s1"""	NOFOAYPPHIUXJR-APNQCZIXSA-N	1	Positive	PRIVATE-LIB	658.504	UPDATE-SINGLE-ANNOTATED-GOLD	Gold		C20H34O4	NOFOAYPPHIUXJR-UHFFFAOYSA-N	NOFOAYPPHIUXJR	Lipids and lipid-like molecules	Prenol lipids	Diterpenoids	Diterpenoids	Aphidicolane diterpenoids|Tetracyclic diterpenoids	Terpenoids	mzspec:GNPS:GNPS-LIBRARY:CCMSLIB00012272376
[2M-H2O+2H]+2	Prostaglandin E2	CCMSLIB00012250746	13781	spectra_filtered.mgf	CMMC-REFRAME-POSITIVE-LIBRARY.mgf	0.942024	85709000	0	3.19159	4	0.00109863	344.226	1	temp/spectra_filtered.mgf13781	1	LC-ESI	Orbitrap	Commercial	Pieter C. Dorrestein	Nina Haoqi Zhao	344.227	352.225	1			CCCCCC(O)C=CC1C(O)CC(=O)C1CC=CCCCC(=O)O	"""InChI=1S/C20H32O5/c1-2-3-6-9-15(21)12-13-17-16(18(22)14-19(17)23)10-7-4-5-8-11-20(24)25/h4,7,12-13,15-17,19,21,23H,2-3,5-6,8-11,14H2,1H3,(H,24,25)/b7-4-,13-12+/t15-,16+,17+,19+/m0/s1"""	XEYBRNLFEZDVAW-ARSRFYASSA-N	1	Positive	PRIVATE-LIB	344.227	UPDATE-SINGLE-ANNOTATED-GOLD	Gold		C20H32O5	XEYBRNLFEZDVAW-UHFFFAOYSA-N	XEYBRNLFEZDVAW	Lipids and lipid-like molecules	Fatty Acyls	Eicosanoids	Eicosanoids	Isoprostanes|Prostaglandins	Fatty acids	mzspec:GNPS:GNPS-LIBRARY:CCMSLIB00012250746
[2M-H2O+2H]+2	Prostaglandin E2	CCMSLIB00012250746	9258	spectra_filtered.mgf	CMMC-REFRAME-POSITIVE-LIBRARY.mgf	0.962829	33755400000	0	2.65966	4	0.000915527	344.228	1	temp/spectra_filtered.mgf9258	1	LC-ESI	Orbitrap	Commercial	Pieter C. Dorrestein	Nina Haoqi Zhao	344.227	352.225	1			CCCCCC(O)C=CC1C(O)CC(=O)C1CC=CCCCC(=O)O	"""InChI=1S/C20H32O5/c1-2-3-6-9-15(21)12-13-17-16(18(22)14-19(17)23)10-7-4-5-8-11-20(24)25/h4,7,12-13,15-17,19,21,23H,2-3,5-6,8-11,14H2,1H3,(H,24,25)/b7-4-,13-12+/t15-,16+,17+,19+/m0/s1"""	XEYBRNLFEZDVAW-ARSRFYASSA-N	1	Positive	PRIVATE-LIB	344.227	UPDATE-SINGLE-ANNOTATED-GOLD	Gold		C20H32O5	XEYBRNLFEZDVAW-UHFFFAOYSA-N	XEYBRNLFEZDVAW	Lipids and lipid-like molecules	Fatty Acyls	Eicosanoids	Eicosanoids	Isoprostanes|Prostaglandins	Fatty acids	mzspec:GNPS:GNPS-LIBRARY:CCMSLIB00012250746
[2M-H2O+2H]+2	Prostaglandin E2	CCMSLIB00012250746	91215	spectra_filtered.mgf	CMMC-REFRAME-POSITIVE-LIBRARY.mgf	0.958623	125428000	0	4.69874	4	0.00161743	344.229	1	temp/spectra_filtered.mgf91215	1	LC-ESI	Orbitrap	Commercial	Pieter C. Dorrestein	Nina Haoqi Zhao	344.227	352.225	1			CCCCCC(O)C=CC1C(O)CC(=O)C1CC=CCCCC(=O)O	"""InChI=1S/C20H32O5/c1-2-3-6-9-15(21)12-13-17-16(18(22)14-19(17)23)10-7-4-5-8-11-20(24)25/h4,7,12-13,15-17,19,21,23H,2-3,5-6,8-11,14H2,1H3,(H,24,25)/b7-4-,13-12+/t15-,16+,17+,19+/m0/s1"""	XEYBRNLFEZDVAW-ARSRFYASSA-N	1	Positive	PRIVATE-LIB	344.227	UPDATE-SINGLE-ANNOTATED-GOLD	Gold		C20H32O5	XEYBRNLFEZDVAW-UHFFFAOYSA-N	XEYBRNLFEZDVAW	Lipids and lipid-like molecules	Fatty Acyls	Eicosanoids	Eicosanoids	Isoprostanes|Prostaglandins	Fatty acids	mzspec:GNPS:GNPS-LIBRARY:CCMSLIB00012250746
[2M-H2O+2H]+2	Prostaglandin E2	CCMSLIB00012250746	2043	spectra_filtered.mgf	CMMC-REFRAME-POSITIVE-LIBRARY.mgf	0.957145	16478000	0	4.9647	4	0.00170898	344.229	1	temp/spectra_filtered.mgf2043	1	LC-ESI	Orbitrap	Commercial	Pieter C. Dorrestein	Nina Haoqi Zhao	344.227	352.225	1			CCCCCC(O)C=CC1C(O)CC(=O)C1CC=CCCCC(=O)O	"""InChI=1S/C20H32O5/c1-2-3-6-9-15(21)12-13-17-16(18(22)14-19(17)23)10-7-4-5-8-11-20(24)25/h4,7,12-13,15-17,19,21,23H,2-3,5-6,8-11,14H2,1H3,(H,24,25)/b7-4-,13-12+/t15-,16+,17+,19+/m0/s1"""	XEYBRNLFEZDVAW-ARSRFYASSA-N	1	Positive	PRIVATE-LIB	344.227	UPDATE-SINGLE-ANNOTATED-GOLD	Gold		C20H32O5	XEYBRNLFEZDVAW-UHFFFAOYSA-N	XEYBRNLFEZDVAW	Lipids and lipid-like molecules	Fatty Acyls	Eicosanoids	Eicosanoids	Isoprostanes|Prostaglandins	Fatty acids	mzspec:GNPS:GNPS-LIBRARY:CCMSLIB00012250746
[2M-H2O+2H]+2	fumagillin	CCMSLIB00012248138	56725	spectra_filtered.mgf	CMMC-REFRAME-POSITIVE-LIBRARY.mgf	0.925194	148469000	0	3.32131	8	0.00149536	450.233	1	temp/spectra_filtered.mgf56725	1	LC-ESI	Orbitrap	Commercial	Pieter C. Dorrestein	Nina Haoqi Zhao	450.232	458.23	1			COC1C(OC(=O)C=CC=CC=CC=CC(=O)O)CCC2(CO2)C1C1(C)OC1CC=C(C)C	"""InChI=1S/C26H34O7/c1-18(2)13-14-20-25(3,33-20)24-23(30-4)19(15-16-26(24)17-31-26)32-22(29)12-10-8-6-5-7-9-11-21(27)28/h5-13,19-20,23-24H,14-17H2,1-4H3,(H,27,28)/b7-5+,8-6+,11-9+,12-10+/t19-,20-,23-,24-,25+,26+/m1/s1"""	NGGMYCMLYOUNGM-CSDLUJIJSA-N	1	Positive	PRIVATE-LIB	450.232	UPDATE-SINGLE-ANNOTATED-GOLD	Gold		C26H34O7	NGGMYCMLYOUNGM-UHFFFAOYSA-N	NGGMYCMLYOUNGM	Lipids and lipid-like molecules	Fatty Acyls	Fatty acids and conjugates			Polyketides	mzspec:GNPS:GNPS-LIBRARY:CCMSLIB00012248138
[M+H]	"""2-Hydroxy-4,6-dimethoxyacetophenone"""	CCMSLIB00005719749	65564	spectra_filtered.mgf	LDB_POSITIVE.mgf	0.995221	222900000	0	0	7	0	197.081	1	temp/spectra_filtered.mgf65564	1	LC-ESI	Orbitrap	Isolated	Jean-Luc WOLFENDER Pierre-Marie ALLARD	Damien OLIVIER	197.081	196.074	1			CC(=O)c1c(OC)cc(OC)cc1O	"""InChI=1S/C10H12O4/c1-6(11)10-8(12)4-7(13-2)5-9(10)14-3/h4-5,12H,1-3H3"""		3	Positive	LDB_POSITIVE	197.081	UPDATE-SINGLE-ANNOTATED-BRONZE	Bronze		C10H12O4	FBUBVLUPUDBFME-UHFFFAOYSA-N	FBUBVLUPUDBFME	Organic oxygen compounds	Organooxygen compounds	Carbonyl compounds	Phloroglucinols	Acyl phloroglucinols	Polyketides	mzspec:GNPS:GNPS-LIBRARY:CCMSLIB00005719749
[M+H]+	NCGC00170025-02!N-(1-hydroxy-3-phenylpropan-2-yl)benzamide [IIN-based: Match]	CCMSLIB00005723196	44918	spectra_filtered.mgf	GNPS-NIH-NATURALPRODUCTSLIBRARY_ROUND2_POSITIVE.mgf	0.982322	13274000	0	3.57441	8	0.000915527	256.133	1	temp/spectra_filtered.mgf44918	1	LC-ESI	Orbitrap	Commercial	Pieter Dorrestein	lfnothias/robinschmid	256.134	255.126	1			OCC(CC1=CC=CC=C1)NC(=O)C2=CC=CC=C2	"InChI=1S/C16H17NO2/c18-12-15(11-13-7-3-1-4-8-13)17-16(19)14-9-5-2-6-10-14/h1-10,15,18H,11-12H2,(H,17,19)"		3	Positive	GNPS-NIH-NATURALPRODUCTSLIBRARY_ROUND2_POSITIVE	256.134	UPDATE-SINGLE-ANNOTATED-BRONZE	Bronze		C16H17NO2	RFYNAVYPYXLVOM-UHFFFAOYSA-N	RFYNAVYPYXLVOM	Benzenoids	Benzene and substituted derivatives	Phenethylamines	Peptide alkaloids	Simple amide alkaloids	Alkaloids	mzspec:GNPS:GNPS-LIBRARY:CCMSLIB00005723196
[M+H]+	Pachypodol	CCMSLIB00012438968	73424	spectra_filtered.mgf	MSNLIB-POSITIVE.mgf	0.942151	38970000	0	0.884319	8	0.000305176	345.097	1	temp/spectra_filtered.mgf73424	1	ESI	Orbitrap	Crude	Tomas Pluskal	Corinna Brungs	345.097	344.09	1			COc1cc(O)c2c(=O)c(OC)c(-c3cc(OC)c(O)cc3)oc2c1	"InChI=1S/C18H16O7/c1-22-10-7-12(20)15-14(8-10)25-17(18(24-3)16(15)21)9-4-5-11(19)13(6-9)23-2/h4-8,19-20H,1-3H3"	KQFUXLQBMQGNRT-UHFFFAOYSA-N	1	Positive	MSNLIB-POSITIVE	345.097	UPDATE-SINGLE-ANNOTATED-GOLD	Gold		C18H16O7	KQFUXLQBMQGNRT-UHFFFAOYSA-N	KQFUXLQBMQGNRT	Phenylpropanoids and polyketides	Flavonoids	O-methylated flavonoids	Flavonoids	Flavonols	Shikimates and Phenylpropanoids	mzspec:GNPS:GNPS-LIBRARY:CCMSLIB00012438968
[M+H]+	Massbank:BML01185 L-Tryptophan	CCMSLIB00000205165	9632	spectra_filtered.mgf	MASSBANK.mgf	0.996889	4648000000	0	0.967173	7	0.000198364	205.097	1	temp/spectra_filtered.mgf9632	1	ESI	LC-ESI-QTOF	Isolated	Putative Massbank Match	Massbank	205.097	0	1	73-22-3		C1=CC=C2C(=C1)C(=CN2)CC(C(=O)O)N	"1S/C11H12N2O2/c12-9(11(14)15)5-7-6-13-10-4-2-1-3-8(7)10/h1-4,6,9,13H,5,12H2,(H,14,15)"		3	Positive	MASSBANK	205.097	UPDATE-SINGLE-ANNOTATED-BRONZE	Bronze		C11H12N2O2	QIVBCDIJIAJPQS-UHFFFAOYSA-N	QIVBCDIJIAJPQS	Organoheterocyclic compounds	Indoles and derivatives	Indolyl carboxylic acids and derivatives	Small peptides	Aminoacids	Amino acids and Peptides|Shikimates and Phenylpropanoids	mzspec:GNPS:GNPS-LIBRARY:CCMSLIB00000205165
[M+H]+	3-O-Methylquercetin	CCMSLIB00012439123	45891	spectra_filtered.mgf	MSNLIB-POSITIVE.mgf	0.951392	8915000	0	0.962499	13	0.000305176	317.066	1	temp/spectra_filtered.mgf45891	1	ESI	Orbitrap	Crude	Tomas Pluskal	Corinna Brungs	317.066	316.058	1			COc1c(-c2cc(O)c(O)cc2)oc2cc(O)cc(O)c2c1=O	"InChI=1S/C16H12O7/c1-22-16-14(21)13-11(20)5-8(17)6-12(13)23-15(16)7-2-3-9(18)10(19)4-7/h2-6,17-20H,1H3"	WEPBGSIAWZTEJR-UHFFFAOYSA-N	1	Positive	MSNLIB-POSITIVE	317.066	UPDATE-SINGLE-ANNOTATED-GOLD	Gold		C16H12O7	WEPBGSIAWZTEJR-UHFFFAOYSA-N	WEPBGSIAWZTEJR	Phenylpropanoids and polyketides	Flavonoids	O-methylated flavonoids	Flavonoids	Flavonols	Shikimates and Phenylpropanoids	mzspec:GNPS:GNPS-LIBRARY:CCMSLIB00012439123
[M+H]+	Riboflavin	CCMSLIB00006391447	15782	spectra_filtered.mgf	BMDMS-NP.mgf	0.915497	32656000	0	11.8947	9	0.00448608	377.146	1	temp/spectra_filtered.mgf15782	1	ESI	Orbitrap	Commercial standard	BMDMS-NP	BMDMS-NP	377.15	376.138	1			O=C1N=C2C(=NC=3C=C(C(=CC3N2CC(O)C(O)C(O)CO)C)C)C(=O)N1	"InChI=1S/C17H20N4O6/c1-7-3-9-10(4-8(7)2)21(5-11(23)14(25)12(24)6-22)15-13(18-9)16(26)20-17(27)19-15/h3-4,11-12,14,22-25H,5-6H2,1-2H3,(H,20,26,27)"		1	Positive	BMDMS-NP	377.15	UPDATE-SINGLE-ANNOTATED-GOLD	Gold		C17H20N4O6	AUNGANRZJHBGPY-UHFFFAOYSA-N	AUNGANRZJHBGPY	Organoheterocyclic compounds	Pteridines and derivatives	Alloxazines and isoalloxazines	Pseudoalkaloids	pteridine alkaloids	Alkaloids	mzspec:GNPS:GNPS-LIBRARY:CCMSLIB00006391447
[M+H]+	aloesin	CCMSLIB00004719679	14580	spectra_filtered.mgf	MONA.mgf	0.923972	840900	0	0.540634	11	0.000213623	395.134	1	temp/spectra_filtered.mgf14580	1		ESI-QTOF	isolated	MoNA	MoNA:VF-NPL-QTOF001917	395.134	0	1				"InChI=1S/C19H22O9/c17310(22)14(1917(26)16(25)15(24)12(620)2819)1813(7)11(23)59(2718)48(2)21/h3,5,12,1517,1920,22,2426H,4,6H2,12H3"		3	positive	MONA	395.134	UPDATE-SINGLE-ANNOTATED-BRONZE	Bronze											mzspec:GNPS:GNPS-LIBRARY:CCMSLIB00004719679
[M+H]+	"3,5,6,7,8,3',4'-Heptamethoxyflavone"	CCMSLIB00006417771	69833	spectra_filtered.mgf	BMDMS-NP.mgf	0.958768	2869800	0	1.33864	6	0.000579834	433.149	1	temp/spectra_filtered.mgf69833	1	ESI	Orbitrap	Commercial standard	BMDMS-NP	BMDMS-NP	433.15	432.142	1			O=C1C(OC)=C(OC2=C(OC)C(OC)=C(OC)C(OC)=C12)C=3C=CC(OC)=C(OC)C3	"InChI=1S/C22H24O9/c1-24-12-9-8-11(10-13(12)25-2)16-19(27-4)15(23)14-17(26-3)20(28-5)22(30-7)21(29-6)18(14)31-16/h8-10H,1-7H3"		1	Positive	BMDMS-NP	433.15	UPDATE-SINGLE-ANNOTATED-GOLD	Gold		C22H24O9	SSXJHQZOHUYEGD-UHFFFAOYSA-N	SSXJHQZOHUYEGD	Phenylpropanoids and polyketides	Flavonoids	O-methylated flavonoids	Flavonoids	Flavonols	Shikimates and Phenylpropanoids	mzspec:GNPS:GNPS-LIBRARY:CCMSLIB00006417771
[M+H]+	tauroursodeoxycholic acid	CCMSLIB00006581926	61112	spectra_filtered.mgf	GNPS-SCIEX-LIBRARY.mgf	0.937014	11287100	0	0.548983	21	0.000274658	500.304	1	temp/spectra_filtered.mgf61112	1	LC-ESI	qTof	Commercial	Michael Witting	Michael Witting	500.304	499.297	1			C1[C@@]2([C@]3(CC[C@]4([C@]([C@@]3([C@H](C[C@@]2(C[C@@H](C1)O)[H])O)[H])(CC[C@]4([H])[C@@H](CCC(NCCS(O)(=O)=O)=O)C)[H])C)[H])C	"""InChI=1S/C26H45NO6S/c1-16(4-7-23(30)27-12-13-34(31,32)33)19-5-6-20-24-21(9-11-26(19,20)3)25(2)10-8-18(28)14-17(25)15-22(24)29/h16-22,24,28-29H,4-15H2,1-3H3,(H,27,30)(H,31,32,33)/t16-,17+,18-,19-,20+,21+,22+,24+,25+,26-/m1/s1"""	BHTRKEVKTKCXOH-LBSADWJPSA-N	1	Positive	GNPS-SCIEX-LIBRARY	500.304	UPDATE-SINGLE-ANNOTATED-GOLD	Gold		C26H45NO6S	BHTRKEVKTKCXOH-LBSADWJPSA-N	BHTRKEVKTKCXOH	Lipids and lipid-like molecules	Steroids and steroid derivatives	"Bile acids, alcohols and derivatives"	Steroids	Cholane steroids	Terpenoids	mzspec:GNPS:GNPS-LIBRARY:CCMSLIB00006581926
[M+H]+	Fucoxanthin	CCMSLIB00004691073	90693	spectra_filtered.mgf	MONA.mgf	0.812521	7504200	0	2.12882	8	0.00140381	659.43	1	temp/spectra_filtered.mgf90693	1		ESI-QFT	isolated	MoNA	MoNA:VF-NPL-QEHF000010	659.431	0	1			CC(=O)O[C@H]1CC(C)(C)C(=C=C/C(C)=C/C=C/C(C)=C/C=C/C=C(C)/C=C/C=C(\C)C(=O)C[C@@]23O[C@]2(C)C[C@@H](O)CC3(C)C)[C@](C)(O)C1	"InChI=1S/C42H58O6/c1-29(18-14-19-31(3)22-23-37-38(6,7)26-35(47-33(5)43)27-40(37,10)46)16-12-13-17-30(2)20-15-21-32(4)36(45)28-42-39(8,9)24-34(44)25-41(42,11)48-42/h12-22,34-35,44,46H,24-28H2,1-11H3/b13-12+,18-14+,20-15+,29-16+,30-17+,31-19+,32-21+/t23?,34-,35-,40+,41+,42-/m0/s1"		3	positive	MONA	659.431	UPDATE-SINGLE-ANNOTATED-BRONZE	Bronze		C42H58O6	SJWWTRQNNRNTPU-ABBNZJFMSA-N	SJWWTRQNNRNTPU	Lipids and lipid-like molecules	Prenol lipids	Tetraterpenoids	Carotenoids (C40)	"Carotenoids (C40, β-β)"	Terpenoids	mzspec:GNPS:GNPS-LIBRARY:CCMSLIB00004691073
[M+K]+	Glycocholic Acid	CCMSLIB00004716325	58245	spectra_filtered.mgf	MONA.mgf	0.824513	651900	0	19.0632	7	0.00961304	504.262	1	temp/spectra_filtered.mgf58245	1		ESI-QFT	isolated	MoNA	MoNA:VF-NPL-QEHF025262	504.272	0	1			C[C@H](CCC(O)=NCC(=O)O)[C@H]1CC[C@H]2[C@H]3[C@H](C[C@H](O)[C@@]21C)[C@@]1(C)CC[C@@H](O)C[C@H]1C[C@H]3O	"InChI=1S/C26H43NO6/c1-14(4-7-22(31)27-13-23(32)33)17-5-6-18-24-19(12-21(30)26(17,18)3)25(2)9-8-16(28)10-15(25)11-20(24)29/h14-21,24,28-30H,4-13H2,1-3H3,(H,27,31)(H,32,33)/t14-,15+,16-,17-,18+,19+,20-,21+,24+,25+,26-/m1/s1"		3	positive	MONA	504.272	UPDATE-SINGLE-ANNOTATED-BRONZE	Bronze		C26H43NO6	RFDAIACWWDREDC-FRVQLJSFSA-N	RFDAIACWWDREDC	Lipids and lipid-like molecules	Steroids and steroid derivatives	"Bile acids, alcohols and derivatives"	Steroids	Cholane steroids	Terpenoids	mzspec:GNPS:GNPS-LIBRARY:CCMSLIB00004716325
[M+K]+	ACARBOSE	CCMSLIB00004721671	97014	spectra_filtered.mgf	MONA.mgf	0.771154	3142130000	0	12.3103	14	0.00842285	684.203	1	temp/spectra_filtered.mgf97014	1		ESI-QFT	isolated	MoNA	MoNA:VF-NPL-QEHF028090	684.211	0	1			CC1OC(OC2C(CO)OC(OC(C(O)CO)C(O)C(O)C=O)C(O)C2O)C(O)C(O)C1NC1C=C(CO)C(O)C(O)C1O	"InChI=1S/C25H43NO18/c1-7-13(26-9-2-8(3-27)14(33)18(37)15(9)34)17(36)20(39)24(41-7)44-23-12(6-30)42-25(21(40)19(23)38)43-22(11(32)5-29)16(35)10(31)4-28/h2,4,7,9-27,29-40H,3,5-6H2,1H3"		3	positive	MONA	684.211	UPDATE-SINGLE-ANNOTATED-BRONZE	Bronze		C25H43NO18	CEMXHAPUFJOOSV-UHFFFAOYSA-N	CEMXHAPUFJOOSV	Organic oxygen compounds	Organooxygen compounds	Carbohydrates and carbohydrate conjugates	Polyols	Amino cyclitols	Carbohydrates	mzspec:GNPS:GNPS-LIBRARY:CCMSLIB00004721671
[M+Na]+	Furaneol (known structural isomers: 0; isobaric peaks in run: 4)	CCMSLIB00013559684	98409	spectra_filtered.mgf	CMMC-FOOD-BIOMARKERS.mgf	0.702127	35850000	0	2.62673	4	0.000396729	151.035	1	temp/spectra_filtered.mgf98409	1	LC-ESI	Orbitrap	Crude	Pieter Dorrestein	Julius	151.035	128.047	1			CC1C(=O)C(=C(O1)C)O	"InChI=1S/C6H8O3/c1-3-5(7)6(8)4(2)9-3/h3,8H,1-2H3"	"InChI=1S/C6H8O3/c1-3-5(7)6(8)4(2)9-3/h3,8H,1-2H3 [M+Na]+"	1	Positive	CMMC-FOOD-BIOMARKERS	151.035	UPDATE-SINGLE-ANNOTATED-GOLD	Gold		C6H8O3	INAXVXBDKKUCGI-UHFFFAOYSA-N	INAXVXBDKKUCGI	Organoheterocyclic compounds	Dihydrofurans	Furanones	Cyclic polyketides	4-pyrone derivatives	Polyketides	mzspec:GNPS:GNPS-LIBRARY:CCMSLIB00013559684
[M+NH4]+	Tetradecanoic acid	CCMSLIB00012262287	36614	spectra_filtered.mgf	CMMC-REFRAME-POSITIVE-LIBRARY.mgf	0.962009	427980000	0	0.805563	7	0.000198364	246.243	1	temp/spectra_filtered.mgf36614	1	LC-ESI	Orbitrap	Commercial	Pieter C. Dorrestein	Nina Haoqi Zhao	246.243	228.209	1			CCCCCCCCCCCCCC(=O)O	"""InChI=1S/C14H28O2/c1-2-3-4-5-6-7-8-9-10-11-12-13-14(15)16/h2-13H2,1H3,(H,15,16)"""	TUNFSRHWOTWDNC-UHFFFAOYSA-N	1	Positive	PRIVATE-LIB	246.243	UPDATE-SINGLE-ANNOTATED-GOLD	Gold		C14H28O2	TUNFSRHWOTWDNC-UHFFFAOYSA-N	TUNFSRHWOTWDNC	Lipids and lipid-like molecules	Fatty Acyls	Fatty acids and conjugates	Fatty Acids and Conjugates	Branched fatty acids|Unsaturated fatty acids	Fatty acids	mzspec:GNPS:GNPS-LIBRARY:CCMSLIB00012262287
[M+NH4]+	METHYL STEARATE	CCMSLIB00012328322	97000	spectra_filtered.mgf	MSNLIB-POSITIVE.mgf	0.886225	34210000	0	0.675336	5	0.000213623	316.321	1	temp/spectra_filtered.mgf97000	1	ESI	Orbitrap	Crude	Tomas Pluskal	Corinna Brungs	316.321	298.287	1			CCCCCCCCCCCCCCCCCC(=O)OC	"InChI=1S/C19H38O2/c1-3-4-5-6-7-8-9-10-11-12-13-14-15-16-17-18-19(20)21-2/h3-18H2,1-2H3"	HPEUJPJOZXNMSJ-UHFFFAOYSA-N	1	Positive	MSNLIB-POSITIVE	316.321	UPDATE-SINGLE-ANNOTATED-GOLD	Gold		C19H38O2	HPEUJPJOZXNMSJ-UHFFFAOYSA-N	HPEUJPJOZXNMSJ	Lipids and lipid-like molecules	Fatty Acyls	Fatty acid esters	Fatty esters	Wax monoesters	Fatty acids	mzspec:GNPS:GNPS-LIBRARY:CCMSLIB00012328322
[M+NH4]+	METHYL STEARATE	CCMSLIB00012328322	67666	spectra_filtered.mgf	MSNLIB-POSITIVE.mgf	0.897899	19998000000	0	0	5	0	316.321	1	temp/spectra_filtered.mgf67666	1	ESI	Orbitrap	Crude	Tomas Pluskal	Corinna Brungs	316.321	298.287	1			CCCCCCCCCCCCCCCCCC(=O)OC	"InChI=1S/C19H38O2/c1-3-4-5-6-7-8-9-10-11-12-13-14-15-16-17-18-19(20)21-2/h3-18H2,1-2H3"	HPEUJPJOZXNMSJ-UHFFFAOYSA-N	1	Positive	MSNLIB-POSITIVE	316.321	UPDATE-SINGLE-ANNOTATED-GOLD	Gold		C19H38O2	HPEUJPJOZXNMSJ-UHFFFAOYSA-N	HPEUJPJOZXNMSJ	Lipids and lipid-like molecules	Fatty Acyls	Fatty acid esters	Fatty esters	Wax monoesters	Fatty acids	mzspec:GNPS:GNPS-LIBRARY:CCMSLIB00012328322
[M+NH4]+	METHYL STEARATE	CCMSLIB00012328322	98598	spectra_filtered.mgf	MSNLIB-POSITIVE.mgf	0.886313	22551000	0	0.28943	5	9.16E-05	316.321	1	temp/spectra_filtered.mgf98598	1	ESI	Orbitrap	Crude	Tomas Pluskal	Corinna Brungs	316.321	298.287	1			CCCCCCCCCCCCCCCCCC(=O)OC	"InChI=1S/C19H38O2/c1-3-4-5-6-7-8-9-10-11-12-13-14-15-16-17-18-19(20)21-2/h3-18H2,1-2H3"	HPEUJPJOZXNMSJ-UHFFFAOYSA-N	1	Positive	MSNLIB-POSITIVE	316.321	UPDATE-SINGLE-ANNOTATED-GOLD	Gold		C19H38O2	HPEUJPJOZXNMSJ-UHFFFAOYSA-N	HPEUJPJOZXNMSJ	Lipids and lipid-like molecules	Fatty Acyls	Fatty acid esters	Fatty esters	Wax monoesters	Fatty acids	mzspec:GNPS:GNPS-LIBRARY:CCMSLIB00012328322
[M-2H2O+H]+	2-Acetamido-2-Deoxy-D-Mannopyranose	CCMSLIB00012267893	2651	spectra_filtered.mgf	CMMC-REFRAME-POSITIVE-LIBRARY.mgf	0.991158	121400000	0	1.06604	8	0.000198364	186.076	1	temp/spectra_filtered.mgf2651	1	LC-ESI	Orbitrap	Commercial	Pieter C. Dorrestein	Nina Haoqi Zhao	186.076	221.09	1			CC(=O)NC1C(O)OC(CO)C(O)C1O	"""InChI=1S/C8H15NO6/c1-3(11)9-5-7(13)6(12)4(2-10)15-8(5)14/h4-8,10,12-14H,2H2,1H3,(H,9,11)/t4-,5+,6-,7-,8?/m1/s1"""	OVRNDRQMDRJTHS-ZTVVOAFPSA-N	1	Positive	PRIVATE-LIB	186.076	UPDATE-SINGLE-ANNOTATED-GOLD	Gold		C8H15NO6	OVRNDRQMDRJTHS-UHFFFAOYSA-N	OVRNDRQMDRJTHS	Organic oxygen compounds	Organooxygen compounds	Carbohydrates and carbohydrate conjugates	Aminosugars and aminoglycosides	Aminosugars	Carbohydrates	mzspec:GNPS:GNPS-LIBRARY:CCMSLIB00012267893
[M-2H2O+H]+	Finerenone	CCMSLIB00012261582	81883	spectra_filtered.mgf	CMMC-REFRAME-POSITIVE-LIBRARY.mgf	0.978458	430542000	0	3.20156	7	0.00109863	343.154	1	temp/spectra_filtered.mgf81883	1	LC-ESI	Orbitrap	Commercial	Pieter C. Dorrestein	Nina Haoqi Zhao	343.155	378.169	1			CCOc1ncc(C)c2c1C(c1c(OC)cc(C#N)cc1)C(C(N)=O)=C(C)N2	"""InChI=1S/C21H22N4O3/c1-5-28-21-18-17(14-7-6-13(9-22)8-15(14)27-4)16(20(23)26)12(3)25-19(18)11(2)10-24-21/h6-8,10,17,25H,5H2,1-4H3,(H2,23,26)/t17-/m1/s1"""	BTBHLEZXCOBLCY-QGZVFWFLSA-N	1	Positive	PRIVATE-LIB	343.155	UPDATE-SINGLE-ANNOTATED-GOLD	Gold			BTBHLEZXCOBLCY-UHFFFAOYSA-N	BTBHLEZXCOBLCY	Organoheterocyclic compounds	Diazanaphthalenes	Naphthyridines				mzspec:GNPS:GNPS-LIBRARY:CCMSLIB00012261582
[M-2H2O+NH4]+	Finerenone	CCMSLIB00012261584	84000	spectra_filtered.mgf	CMMC-REFRAME-POSITIVE-LIBRARY.mgf	0.974414	233620000	0	4.4906	5	0.00161743	360.18	1	temp/spectra_filtered.mgf84000	1	LC-ESI	Orbitrap	Commercial	Pieter C. Dorrestein	Nina Haoqi Zhao	360.182	378.169	1			CCOc1ncc(C)c2c1C(c1c(OC)cc(C#N)cc1)C(C(N)=O)=C(C)N2	"""InChI=1S/C21H22N4O3/c1-5-28-21-18-17(14-7-6-13(9-22)8-15(14)27-4)16(20(23)26)12(3)25-19(18)11(2)10-24-21/h6-8,10,17,25H,5H2,1-4H3,(H2,23,26)/t17-/m1/s1"""	BTBHLEZXCOBLCY-QGZVFWFLSA-N	1	Positive	PRIVATE-LIB	360.182	UPDATE-SINGLE-ANNOTATED-GOLD	Gold			BTBHLEZXCOBLCY-UHFFFAOYSA-N	BTBHLEZXCOBLCY	Organoheterocyclic compounds	Diazanaphthalenes	Naphthyridines				mzspec:GNPS:GNPS-LIBRARY:CCMSLIB00012261584
[M-H2O+2H]+2	Vitamin E acetate	CCMSLIB00012254879	92819	spectra_filtered.mgf	CMMC-REFRAME-POSITIVE-LIBRARY.mgf	0.781498	706700	0	14.9112	8	0.00340271	228.195	1	temp/spectra_filtered.mgf92819	1	LC-ESI	Orbitrap	Commercial	Pieter C. Dorrestein	Nina Haoqi Zhao	228.198	472.392	1			CC(=O)Oc1c(C)c2c(OC(C)(CCCC(C)CCCC(C)CCCC(C)C)CC2)c(C)c1C	"""InChI=1S/C31H52O3/c1-21(2)13-10-14-22(3)15-11-16-23(4)17-12-19-31(9)20-18-28-26(7)29(33-27(8)32)24(5)25(6)30(28)34-31/h21-23H,10-20H2,1-9H3/t22-,23-,31-/m1/s1"""	ZAKOWWREFLAJOT-CEFNRUSXSA-N	1	Positive	PRIVATE-LIB	228.198	UPDATE-SINGLE-ANNOTATED-GOLD	Gold		C31H52O3	ZAKOWWREFLAJOT-UHFFFAOYSA-N	ZAKOWWREFLAJOT	Lipids and lipid-like molecules	Prenol lipids	Quinone and hydroquinone lipids	Meroterpenoids	Prenyl quinone meroterpenoids	Terpenoids	mzspec:GNPS:GNPS-LIBRARY:CCMSLIB00012254879
[M-H2O+2H]+2	Vitamin E acetate	CCMSLIB00012254879	72612	spectra_filtered.mgf	CMMC-REFRAME-POSITIVE-LIBRARY.mgf	0.8429	1235620000	0	10.9661	8	0.00250244	228.195	1	temp/spectra_filtered.mgf72612	1	LC-ESI	Orbitrap	Commercial	Pieter C. Dorrestein	Nina Haoqi Zhao	228.198	472.392	1			CC(=O)Oc1c(C)c2c(OC(C)(CCCC(C)CCCC(C)CCCC(C)C)CC2)c(C)c1C	"""InChI=1S/C31H52O3/c1-21(2)13-10-14-22(3)15-11-16-23(4)17-12-19-31(9)20-18-28-26(7)29(33-27(8)32)24(5)25(6)30(28)34-31/h21-23H,10-20H2,1-9H3/t22-,23-,31-/m1/s1"""	ZAKOWWREFLAJOT-CEFNRUSXSA-N	1	Positive	PRIVATE-LIB	228.198	UPDATE-SINGLE-ANNOTATED-GOLD	Gold		C31H52O3	ZAKOWWREFLAJOT-UHFFFAOYSA-N	ZAKOWWREFLAJOT	Lipids and lipid-like molecules	Prenol lipids	Quinone and hydroquinone lipids	Meroterpenoids	Prenyl quinone meroterpenoids	Terpenoids	mzspec:GNPS:GNPS-LIBRARY:CCMSLIB00012254879
[M-H2O+2H]+2	Vitamin E acetate	CCMSLIB00012254879	93093	spectra_filtered.mgf	CMMC-REFRAME-POSITIVE-LIBRARY.mgf	0.904761	4554000000	0	9.62877	10	0.00219727	228.196	1	temp/spectra_filtered.mgf93093	1	LC-ESI	Orbitrap	Commercial	Pieter C. Dorrestein	Nina Haoqi Zhao	228.198	472.392	1			CC(=O)Oc1c(C)c2c(OC(C)(CCCC(C)CCCC(C)CCCC(C)C)CC2)c(C)c1C	"""InChI=1S/C31H52O3/c1-21(2)13-10-14-22(3)15-11-16-23(4)17-12-19-31(9)20-18-28-26(7)29(33-27(8)32)24(5)25(6)30(28)34-31/h21-23H,10-20H2,1-9H3/t22-,23-,31-/m1/s1"""	ZAKOWWREFLAJOT-CEFNRUSXSA-N	1	Positive	PRIVATE-LIB	228.198	UPDATE-SINGLE-ANNOTATED-GOLD	Gold		C31H52O3	ZAKOWWREFLAJOT-UHFFFAOYSA-N	ZAKOWWREFLAJOT	Lipids and lipid-like molecules	Prenol lipids	Quinone and hydroquinone lipids	Meroterpenoids	Prenyl quinone meroterpenoids	Terpenoids	mzspec:GNPS:GNPS-LIBRARY:CCMSLIB00012254879
[M-H2O+2H]+2	Vitamin E acetate	CCMSLIB00012254879	51233	spectra_filtered.mgf	CMMC-REFRAME-POSITIVE-LIBRARY.mgf	0.898217	4767000000	0	9.1607	9	0.00209045	228.196	1	temp/spectra_filtered.mgf51233	1	LC-ESI	Orbitrap	Commercial	Pieter C. Dorrestein	Nina Haoqi Zhao	228.198	472.392	1			CC(=O)Oc1c(C)c2c(OC(C)(CCCC(C)CCCC(C)CCCC(C)C)CC2)c(C)c1C	"""InChI=1S/C31H52O3/c1-21(2)13-10-14-22(3)15-11-16-23(4)17-12-19-31(9)20-18-28-26(7)29(33-27(8)32)24(5)25(6)30(28)34-31/h21-23H,10-20H2,1-9H3/t22-,23-,31-/m1/s1"""	ZAKOWWREFLAJOT-CEFNRUSXSA-N	1	Positive	PRIVATE-LIB	228.198	UPDATE-SINGLE-ANNOTATED-GOLD	Gold		C31H52O3	ZAKOWWREFLAJOT-UHFFFAOYSA-N	ZAKOWWREFLAJOT	Lipids and lipid-like molecules	Prenol lipids	Quinone and hydroquinone lipids	Meroterpenoids	Prenyl quinone meroterpenoids	Terpenoids	mzspec:GNPS:GNPS-LIBRARY:CCMSLIB00012254879
[M-H2O+2H]+2	Vitamin E acetate	CCMSLIB00012254879	98783	spectra_filtered.mgf	CMMC-REFRAME-POSITIVE-LIBRARY.mgf	0.90093	219900000	0	9.1607	9	0.00209045	228.196	1	temp/spectra_filtered.mgf98783	1	LC-ESI	Orbitrap	Commercial	Pieter C. Dorrestein	Nina Haoqi Zhao	228.198	472.392	1			CC(=O)Oc1c(C)c2c(OC(C)(CCCC(C)CCCC(C)CCCC(C)C)CC2)c(C)c1C	"""InChI=1S/C31H52O3/c1-21(2)13-10-14-22(3)15-11-16-23(4)17-12-19-31(9)20-18-28-26(7)29(33-27(8)32)24(5)25(6)30(28)34-31/h21-23H,10-20H2,1-9H3/t22-,23-,31-/m1/s1"""	ZAKOWWREFLAJOT-CEFNRUSXSA-N	1	Positive	PRIVATE-LIB	228.198	UPDATE-SINGLE-ANNOTATED-GOLD	Gold		C31H52O3	ZAKOWWREFLAJOT-UHFFFAOYSA-N	ZAKOWWREFLAJOT	Lipids and lipid-like molecules	Prenol lipids	Quinone and hydroquinone lipids	Meroterpenoids	Prenyl quinone meroterpenoids	Terpenoids	mzspec:GNPS:GNPS-LIBRARY:CCMSLIB00012254879
[M-H2O+2H]+2	Vitamin E acetate	CCMSLIB00012254879	99157	spectra_filtered.mgf	CMMC-REFRAME-POSITIVE-LIBRARY.mgf	0.806418	274400000	0	9.1607	8	0.00209045	228.196	1	temp/spectra_filtered.mgf99157	1	LC-ESI	Orbitrap	Commercial	Pieter C. Dorrestein	Nina Haoqi Zhao	228.198	472.392	1			CC(=O)Oc1c(C)c2c(OC(C)(CCCC(C)CCCC(C)CCCC(C)C)CC2)c(C)c1C	"""InChI=1S/C31H52O3/c1-21(2)13-10-14-22(3)15-11-16-23(4)17-12-19-31(9)20-18-28-26(7)29(33-27(8)32)24(5)25(6)30(28)34-31/h21-23H,10-20H2,1-9H3/t22-,23-,31-/m1/s1"""	ZAKOWWREFLAJOT-CEFNRUSXSA-N	1	Positive	PRIVATE-LIB	228.198	UPDATE-SINGLE-ANNOTATED-GOLD	Gold		C31H52O3	ZAKOWWREFLAJOT-UHFFFAOYSA-N	ZAKOWWREFLAJOT	Lipids and lipid-like molecules	Prenol lipids	Quinone and hydroquinone lipids	Meroterpenoids	Prenyl quinone meroterpenoids	Terpenoids	mzspec:GNPS:GNPS-LIBRARY:CCMSLIB00012254879
[M-H2O+H]+	trans-Zeatin	CCMSLIB00012255969	94851	spectra_filtered.mgf	CMMC-REFRAME-POSITIVE-LIBRARY.mgf	0.90451	120800000	0	1.96294	5	0.000396729	202.109	1	temp/spectra_filtered.mgf94851	1	LC-ESI	Orbitrap	Commercial	Pieter C. Dorrestein	Nina Haoqi Zhao	202.109	219.112	1			CC(=CCNc1c2[nH]cnc2ncn1)CO	"""InChI=1S/C10H13N5O/c1-7(4-16)2-3-11-9-8-10(13-5-12-8)15-6-14-9/h2,5-6,16H,3-4H2,1H3,(H2,11,12,13,14,15)/b7-2+"""	UZKQTCBAMSWPJD-FARCUNLSSA-N	1	Positive	PRIVATE-LIB	202.109	UPDATE-SINGLE-ANNOTATED-GOLD	Gold		C10H13N5O	UZKQTCBAMSWPJD-UHFFFAOYSA-N	UZKQTCBAMSWPJD	Organoheterocyclic compounds	Imidazopyrimidines	Purines and purine derivatives	Pseudoalkaloids	Purine alkaloids	Alkaloids	mzspec:GNPS:GNPS-LIBRARY:CCMSLIB00012255969
[M-H2O+H]+	trans-Zeatin	CCMSLIB00012255980	98912	spectra_filtered.mgf	CMMC-REFRAME-POSITIVE-LIBRARY.mgf	0.879188	88430000	0	0.981472	4	0.000198364	202.109	1	temp/spectra_filtered.mgf98912	1	LC-ESI	Orbitrap	Commercial	Pieter C. Dorrestein	Nina Haoqi Zhao	202.109	219.112	1			CC(=CCNc1c2[nH]cnc2ncn1)CO	"""InChI=1S/C10H13N5O/c1-7(4-16)2-3-11-9-8-10(13-5-12-8)15-6-14-9/h2,5-6,16H,3-4H2,1H3,(H2,11,12,13,14,15)/b7-2+"""	UZKQTCBAMSWPJD-FARCUNLSSA-N	1	Positive	PRIVATE-LIB	202.109	UPDATE-SINGLE-ANNOTATED-GOLD	Gold		C10H13N5O	UZKQTCBAMSWPJD-UHFFFAOYSA-N	UZKQTCBAMSWPJD	Organoheterocyclic compounds	Imidazopyrimidines	Purines and purine derivatives	Pseudoalkaloids	Purine alkaloids	Alkaloids	mzspec:GNPS:GNPS-LIBRARY:CCMSLIB00012255980
[M-H2O+NH4]+	6-Gingerol	CCMSLIB00012249972	69674	spectra_filtered.mgf	CMMC-REFRAME-POSITIVE-LIBRARY.mgf	0.883147	118260000	0	6.43117	5	0.00189209	294.204	1	temp/spectra_filtered.mgf69674	1	LC-ESI	Orbitrap	Commercial	Pieter C. Dorrestein	Nina Haoqi Zhao	294.206	294.183	1			CCCCCC(O)CC(=O)CCc1cc(OC)c(O)cc1	"""InChI=1S/C17H26O4/c1-3-4-5-6-14(18)12-15(19)9-7-13-8-10-16(20)17(11-13)21-2/h8,10-11,14,18,20H,3-7,9,12H2,1-2H3/t14-/m0/s1"""	NLDDIKRKFXEWBK-AWEZNQCLSA-N	1	Positive	PRIVATE-LIB	294.206	UPDATE-SINGLE-ANNOTATED-GOLD	Gold		C17H26O4	NLDDIKRKFXEWBK-UHFFFAOYSA-N	NLDDIKRKFXEWBK	Benzenoids	Phenols	Methoxyphenols				mzspec:GNPS:GNPS-LIBRARY:CCMSLIB00012249972
[M-H2O+NH4]+	6-Gingerol	CCMSLIB00012249972	83806	spectra_filtered.mgf	CMMC-REFRAME-POSITIVE-LIBRARY.mgf	0.955072	28907800000	0	0.7261	7	0.000213623	294.206	1	temp/spectra_filtered.mgf83806	1	LC-ESI	Orbitrap	Commercial	Pieter C. Dorrestein	Nina Haoqi Zhao	294.206	294.183	1			CCCCCC(O)CC(=O)CCc1cc(OC)c(O)cc1	"""InChI=1S/C17H26O4/c1-3-4-5-6-14(18)12-15(19)9-7-13-8-10-16(20)17(11-13)21-2/h8,10-11,14,18,20H,3-7,9,12H2,1-2H3/t14-/m0/s1"""	NLDDIKRKFXEWBK-AWEZNQCLSA-N	1	Positive	PRIVATE-LIB	294.206	UPDATE-SINGLE-ANNOTATED-GOLD	Gold		C17H26O4	NLDDIKRKFXEWBK-UHFFFAOYSA-N	NLDDIKRKFXEWBK	Benzenoids	Phenols	Methoxyphenols				mzspec:GNPS:GNPS-LIBRARY:CCMSLIB00012249972
2M+H	"Spectral Match to 9-Octadecenamide, (Z)- from NIST14"	CCMSLIB00003137784	91882	spectra_filtered.mgf	GNPS-NIST14-MATCHES.mgf	0.882844	124700	0	2.27439	11	0.00128174	563.551	1	temp/spectra_filtered.mgf91882	1	ESI	QqQ	Isolated	Data from Pieter Dorrestein	Data deposited by daniel	563.552	0	1	301020					3	Positive	GNPS-NIST14-MATCHES	563.552	UPDATE-SINGLE-ANNOTATED-BRONZE	Bronze											mzspec:GNPS:GNPS-LIBRARY:CCMSLIB00003137784
2M+H	"Spectral Match to 13-Docosenamide, (Z)- from NIST14"	CCMSLIB00003139957	96017	spectra_filtered.mgf	GNPS-NIST14-MATCHES.mgf	0.922482	570430000	0	0.722657	15	0.000488281	675.675	1	temp/spectra_filtered.mgf96017	1	ESI	QQQ	Isolated	Data from PDorrestein	Data deposited by amelnik	675.675	337.335	1	112845		CCCCCCCC/C=C\CCCCCCCCCCCC(=O)N	"InChI=1S/C22H43NO/c1-2-3-4-5-6-7-8-9-10-11-12-13-14-15-16-17-18-19-20-21-22(23)24/h9-10H,2-8,11-21H2,1H3,(H2,23,24)/b10-9-"		3	Positive	GNPS-NIST14-MATCHES	675.675	UPDATE-SINGLE-ANNOTATED-BRONZE	Bronze		C22H43NO	UAUDZVJPLUQNMU-KTKRTIGZSA-N	UAUDZVJPLUQNMU	Lipids and lipid-like molecules	Fatty Acyls	Fatty amides	Fatty amides	Primary amides	Fatty acids	mzspec:GNPS:GNPS-LIBRARY:CCMSLIB00003139957
2M+Na	acetic_acid_isobutyl_ester	CCMSLIB00006673889	65132	spectra_filtered.mgf	GNPS-NUTRI-METAB-FEM-POS.mgf	0.800873	2278000	0	7.83401	6	0.0019989	255.155	1	temp/spectra_filtered.mgf65132	1	ESI	Orbitrap	Commercial	Ulaszewska	Marynka Ulaszewska	255.157	116.084	1	110-19-0	8038	CC(C)COC(=O)C	"InChI=1S/C6H12O2/c1-5(2)4-8-6(3)7/h5H,4H2,1-3H3"		1	Positive	GNPS-NUTRI-METAB-FEM-POS	255.157	UPDATE-SINGLE-ANNOTATED-GOLD	Gold		C6H12O2	GJRQTCIYDGXPES-UHFFFAOYSA-N	GJRQTCIYDGXPES	Organic acids and derivatives	Carboxylic acids and derivatives	Carboxylic acid derivatives	Fatty esters	Wax monoesters	Fatty acids	mzspec:GNPS:GNPS-LIBRARY:CCMSLIB00006673889
2M+Na	acetic_acid_isobutyl_ester	CCMSLIB00006673889	40791	spectra_filtered.mgf	GNPS-NUTRI-METAB-FEM-POS.mgf	0.864829	2090000	0	8.61143	8	0.00219727	255.159	1	temp/spectra_filtered.mgf40791	1	ESI	Orbitrap	Commercial	Ulaszewska	Marynka Ulaszewska	255.157	116.084	1	110-19-0	8038	CC(C)COC(=O)C	"InChI=1S/C6H12O2/c1-5(2)4-8-6(3)7/h5H,4H2,1-3H3"		1	Positive	GNPS-NUTRI-METAB-FEM-POS	255.157	UPDATE-SINGLE-ANNOTATED-GOLD	Gold		C6H12O2	GJRQTCIYDGXPES-UHFFFAOYSA-N	GJRQTCIYDGXPES	Organic acids and derivatives	Carboxylic acids and derivatives	Carboxylic acid derivatives	Fatty esters	Wax monoesters	Fatty acids	mzspec:GNPS:GNPS-LIBRARY:CCMSLIB00006673889
2M+Na	acetic_acid_isobutyl_ester	CCMSLIB00006673889	73248	spectra_filtered.mgf	GNPS-NUTRI-METAB-FEM-POS.mgf	0.848789	17320000	0	8.61143	8	0.00219727	255.159	1	temp/spectra_filtered.mgf73248	1	ESI	Orbitrap	Commercial	Ulaszewska	Marynka Ulaszewska	255.157	116.084	1	110-19-0	8038	CC(C)COC(=O)C	"InChI=1S/C6H12O2/c1-5(2)4-8-6(3)7/h5H,4H2,1-3H3"		1	Positive	GNPS-NUTRI-METAB-FEM-POS	255.157	UPDATE-SINGLE-ANNOTATED-GOLD	Gold		C6H12O2	GJRQTCIYDGXPES-UHFFFAOYSA-N	GJRQTCIYDGXPES	Organic acids and derivatives	Carboxylic acids and derivatives	Carboxylic acid derivatives	Fatty esters	Wax monoesters	Fatty acids	mzspec:GNPS:GNPS-LIBRARY:CCMSLIB00006673889
Cat	Spectral Match to Hemin cation from NIST14	CCMSLIB00003138110	73799	spectra_filtered.mgf	GNPS-NIST14-MATCHES.mgf	0.870183	8971000	0	0.693382	5	0.000427246	616.177	1	temp/spectra_filtered.mgf73799	1	ESI	IT/ion trap	Isolated	Data from Pieter C Dorrestein	Data deposited by negarg	616.177	0	1	752166395					3	Positive	GNPS-NIST14-MATCHES	616.177	UPDATE-SINGLE-ANNOTATED-BRONZE	Bronze											mzspec:GNPS:GNPS-LIBRARY:CCMSLIB00003138110
M+H	"2-methoxy-1,4-naphthoquinone"	CCMSLIB00000081741	41736	spectra_filtered.mgf	GNPS-LIBRARY.mgf	0.752499	45746000	0	29.1375	5	0.00550842	189.055	1	temp/spectra_filtered.mgf41736	1	DI-ESI	qTof	Isolated	Norberto Lopes	Gobbo Neto	189.049	188.047	1	2348-82-5		O=C1C(OC)=CC(C2=CC=CC=C21)=O	"InChI=1S/C11H8O3/c1-14-10-6-9(12)7-4-2-3-5-8(7)11(10)13/h2-6H,1H3"		3	Positive	GNPS-LIBRARY	189.049	UPDATE-SINGLE-ANNOTATED-BRONZE	Bronze		C11H8O3	OBGBGHKYJAOXRR-UHFFFAOYSA-N	OBGBGHKYJAOXRR	Benzenoids	Naphthalenes	Naphthoquinones	Naphthalenes	Naphthoquinones	Polyketides	mzspec:GNPS:GNPS-LIBRARY:CCMSLIB00000081741
M+H	Massbank:LU079501 6-Pentyl-2H-pyran-2-one|6-pentylpyran-2-one	CCMSLIB00005761957	70040	spectra_filtered.mgf	MASSBANK.mgf	0.806695	12560000	0	1.73492	5	0.000289917	167.107	1	temp/spectra_filtered.mgf70040	1	ESI	Hybrid FT	Isolated	Massbank	Massbank	167.107	0	1	27593-23-3		CCCCCC1=CC=CC(=O)O1	"1S/C10H14O2/c1-2-3-4-6-9-7-5-8-10(11)12-9/h5,7-8H,2-4,6H2,1H3"		3	Positive	MASSBANK	167.107	UPDATE-SINGLE-ANNOTATED-BRONZE	Bronze		C10H14O2	MAUFTTLGOUBZNA-UHFFFAOYSA-N	MAUFTTLGOUBZNA	Organoheterocyclic compounds	Pyrans	Pyranones and derivatives	Cyclic polyketides	2-pyrone derivatives|Furans	Polyketides	mzspec:GNPS:GNPS-LIBRARY:CCMSLIB00005761957
M+H	Asperphenamate_120258	CCMSLIB00000478094	79064	spectra_filtered.mgf	GNPS-LIBRARY.mgf	0.88167	303675000	0	1.20331	8	0.000610352	507.228	1	temp/spectra_filtered.mgf79064	1	LC-ESI	qTof	Isolated	Cichewicz	Luzzatto	507.227	506.221	1	63631-36-7  		O=C(N[C@@H](CC1=CC=CC=C1)C(OC[C@H](CC2=CC=CC=C2)NC(C3=CC=CC=C3)=O)=O)C4=CC=CC=C4	"InChI=1S/C32H30N2O4/c35-30(26-17-9-3-10-18-26)33-28(21-24-13-5-1-6-14-24)23-38-32(37)29(22-25-15-7-2-8-16-25)34-31(36)27-19-11-4-12-20-27/h1-20,28-29H,21-23H2,(H,33,35)(H,34,36)/t28-,29-/m0/s1"		2	Positive	GNPS-LIBRARY	507.227	UPDATE-SINGLE-ANNOTATED-SILVER	Silver		C32H30N2O4	CVULDJMCSSACEO-VMPREFPWSA-N	CVULDJMCSSACEO	Organic acids and derivatives	Carboxylic acids and derivatives	"Amino acids, peptides, and analogues"				mzspec:GNPS:GNPS-LIBRARY:CCMSLIB00000478094
M+H	Massbank:AC000716 Aurantiamide|N-((1s)-1-(((2s)-1-hydroxy-3-phenyl-propan-2-yl)carbamoyl)-2-phenyl-ethyl)benzamide	CCMSLIB00005727736	64499	spectra_filtered.mgf	MASSBANK.mgf	0.931494	27566000	0	0.302753	8	0.00012207	403.201	1	temp/spectra_filtered.mgf64499	1	ESI	Hybrid FT	Isolated	Massbank	Massbank	403.201	0	1	58115-31-4		C1=CC=C(C=C1)C[C@@H](CO)NC(=O)[C@H](CC2=CC=CC=C2)NC(=O)C3=CC=CC=C3	"1S/C25H26N2O3/c28-18-22(16-19-10-4-1-5-11-19)26-25(30)23(17-20-12-6-2-7-13-20)27-24(29)21-14-8-3-9-15-21/h1-15,22-23,28H,16-18H2,(H,26,30)(H,27,29)/t22-,23-/m0/s1"		3	Positive	MASSBANK	403.201	UPDATE-SINGLE-ANNOTATED-BRONZE	Bronze		C25H26N2O3	KSVKECXWDNCRTM-GOTSBHOMSA-N	KSVKECXWDNCRTM	Organic acids and derivatives	Carboxylic acids and derivatives	"Amino acids, peptides, and analogues"	Peptide alkaloids|Small peptides	Dipeptides|Simple amide alkaloids	Alkaloids|Amino acids and Peptides	mzspec:GNPS:GNPS-LIBRARY:CCMSLIB00005727736
M+H	azelaic acid CollisionEnergy:102040	CCMSLIB00010107223	32890	spectra_filtered.mgf	BERKELEY-LAB.mgf	0.914922	88400000	0	1.61373	7	0.000305176	189.112	1	temp/spectra_filtered.mgf32890	1	LC-ESI	Orbitrap	Commercial	Trent Northen	JGI	189.112	0	1			O=C(O)CCCCCCCC(=O)O	"""InChI=1S/C9H16O4/c10-8(11)6-4-2-1-3-5-7-9(12)13/h1-7H2,(H,10,11)(H,12,13)"""		3	Positive	BERKELEY-LAB	189.112	UPDATE-SINGLE-ANNOTATED-BRONZE	Bronze		C9H16O4	BDJRBEYXGGNYIS-UHFFFAOYSA-N	BDJRBEYXGGNYIS	Lipids and lipid-like molecules	Fatty Acyls	Fatty acids and conjugates	Fatty Acids and Conjugates	Dicarboxylic acids	Fatty acids	mzspec:GNPS:GNPS-LIBRARY:CCMSLIB00010107223
M+H	Spectral Match to CMPF from METLIN	CCMSLIB00003137106	14411	spectra_filtered.mgf	GNPS-NIST14-MATCHES.mgf	0.851233	509100000	0	0	4	0	241.107	1	temp/spectra_filtered.mgf14411	1	LC-ESI	qTof	Isolated	Data from Pieter Dorrestein	Data deposited by daniel	241.107	240.1	1	86879-39-2		CCCC1=C(C(=C(O1)CCC(=O)O)C(=O)O)C	"InChI=1S/C12H16O5/c1-3-4-8-7(2)11(12(15)16)9(17-8)5-6-10(13)14/h3-6H2,1-2H3,(H,13,14)(H,15,16)"		3	Positive	GNPS-NIST14-MATCHES	241.107	UPDATE-SINGLE-ANNOTATED-BRONZE	Bronze		C12H16O5	WMCQWXZMVIETAO-UHFFFAOYSA-N	WMCQWXZMVIETAO	Lipids and lipid-like molecules	Fatty Acyls	Fatty acids and conjugates	Fatty Acids and Conjugates	Heterocyclic fatty acids	Fatty acids	mzspec:GNPS:GNPS-LIBRARY:CCMSLIB00003137106
M+H	daidzein CollisionEnergy:102040	CCMSLIB00010107329	42787	spectra_filtered.mgf	BERKELEY-LAB.mgf	0.862835	63600000	0	1.97416	8	0.00050354	255.066	1	temp/spectra_filtered.mgf42787	1	LC-ESI	Orbitrap	Commercial	Trent Northen	JGI	255.065	0	1			O=c1c(-c2ccc(O)cc2)coc2cc(O)ccc12	"""InChI=1S/C15H10O4/c16-10-3-1-9(2-4-10)13-8-19-14-7-11(17)5-6-12(14)15(13)18/h1-8,16-17H"""		3	Positive	BERKELEY-LAB	255.065	UPDATE-SINGLE-ANNOTATED-BRONZE	Bronze		C15H10O4	ZQSIJRDFPHDXIC-UHFFFAOYSA-N	ZQSIJRDFPHDXIC	Phenylpropanoids and polyketides	Isoflavonoids	Isoflav-2-enes	Isoflavonoids	Isoflavones	Shikimates and Phenylpropanoids	mzspec:GNPS:GNPS-LIBRARY:CCMSLIB00010107329
M+H	Nodularin R	CCMSLIB00011428490	39670	spectra_filtered.mgf	GNPS-LIBRARY.mgf	0.982103	42208000	0	0.961242	30	0.000793457	825.451	1	temp/spectra_filtered.mgf39670	1	LC-ESI	Orbitrap	Commercial	Daniel	Sofia/Giovanni	825.45	824.443	1	118399-22-7	 	CC=C1C(=O)NC(C(C(=O)NC(C(=O)NC(C(C(=O)NC(CCC(=O)N1C)C(=O)O)C)C=CC(=CC(C)C(CC2=CC=CC=C2)OC)C)CCCN=C(N)N)C)C(=O)O	"InChI=1S/C41H60N8O10/c1-8-31-38(54)48-34(40(57)58)26(5)36(52)46-29(15-12-20-44-41(42)43)37(53)45-28(25(4)35(51)47-30(39(55)56)18-19-33(50)49(31)6)17-16-23(2)21-24(3)32(59-7)22-27-13-10-9-11-14-27/h8-11,13-14,16-17,21,24-26,28-30,32,34H,12,15,18-20,22H2,1-7H3,(H,45,53)(H,46,52)(H,47,51)(H,48,54)(H,55,56)(H,57,58)(H4,42,43,44)/b17-16+,23-21+,31-8-/t24-,25-,26-,28-,29-,30+,32-,34+/m0/s1"	 	3	Positive	GNPS-LIBRARY	825.45	UPDATE-SINGLE-ANNOTATED-BRONZE	Bronze		C41H60N8O10	IXBQSRWSVIBXNC-UHFFFAOYSA-N	IXBQSRWSVIBXNC	Organic acids and derivatives	Carboxylic acids and derivatives	"Amino acids, peptides, and analogues"	Oligopeptides	Cyclic peptides|Microcystins	Amino acids and Peptides	mzspec:GNPS:GNPS-LIBRARY:CCMSLIB00011428490
M+H	p-coumaric acid CollisionEnergy:205060	CCMSLIB00010119689	79198	spectra_filtered.mgf	BERKELEY-LAB.mgf	0.990494	88670000	0	2.40361	5	0.000396729	165.055	1	temp/spectra_filtered.mgf79198	1	LC-ESI	Orbitrap	Commercial	Trent Northen	JGI	165.055	0	1			O=C(O)C=Cc1ccc(O)cc1	"""InChI=1S/C9H8O3/c10-8-4-1-7(2-5-8)3-6-9(11)12/h1-6,10H,(H,11,12)/b6-3+"""		3	Positive	BERKELEY-LAB	165.055	UPDATE-SINGLE-ANNOTATED-BRONZE	Bronze		C9H8O3	NGSWKAQJJWESNS-UHFFFAOYSA-N	NGSWKAQJJWESNS	Phenylpropanoids and polyketides	Cinnamic acids and derivatives	Hydroxycinnamic acids and derivatives	Phenylpropanoids (C6-C3)	Cinnamic acids and derivatives	Shikimates and Phenylpropanoids	mzspec:GNPS:GNPS-LIBRARY:CCMSLIB00010119689
M+H	Petasol	CCMSLIB00011906050	81022	spectra_filtered.mgf	TUEBINGEN-NATURAL-PRODUCT-COLLECTION.mgf	0.970234	3166300000	0	0.843497	5	0.000198364	235.169	1	temp/spectra_filtered.mgf81022	1	ESI	Orbitrap	Isolated	Daniel Petras	"""Christian Geibel, Giovanni Andrea Vitale"""	235.169	234.162	1			CC1C(CCC2=CC(=O)C(CC12C)C(=C)C)O	"InChI=1S/C15H22O2/c1-9(2)12-8-15(4)10(3)13(16)6-5-11(15)7-14(12)17/h7,10,12-13,16H,1,5-6,8H2,2-4H3"		1	Positive	TUEBINGEN-NATURAL-PRODUCT-COLLECTION	235.169	UPDATE-SINGLE-ANNOTATED-GOLD	Gold		C15H22O2	AJFPOVBARCSOLH-UHFFFAOYSA-N	AJFPOVBARCSOLH	Lipids and lipid-like molecules	Prenol lipids	Sesquiterpenoids	Sesquiterpenoids	Eremophilane sesquiterpenoids	Terpenoids	mzspec:GNPS:GNPS-LIBRARY:CCMSLIB00011906050
M+H	Guanine	CCMSLIB00000479701	2739	spectra_filtered.mgf	GNPS-EMBL-MCF.mgf	0.957684	33730000	0	47.9647	5	0.0072937	152.057	1	temp/spectra_filtered.mgf2739	1	DI-ESI	Q-Exactive Plus	Commercial standard	Alexandrov Theodore	Prasad	151.13	151.049	1	73-40-5	764		"""InChI=1S/C5H5N5O/c6-5-9-3-2(4(11)10-5)7-1-8-3/h1H,(H4,6,7,8,9,10,11)"""	UYTPUPDQBNUYGX-UHFFFAOYSA-N	1	Positive	GNPS-EMBL-MCF	151.13	UPDATE-SINGLE-ANNOTATED-GOLD	Gold											mzspec:GNPS:GNPS-LIBRARY:CCMSLIB00000479701
M+H	vanillin CollisionEnergy:102040	CCMSLIB00010111341	19161	spectra_filtered.mgf	BERKELEY-LAB.mgf	0.975302	1762000000	0	2.59207	5	0.000396729	153.055	1	temp/spectra_filtered.mgf19161	1	LC-ESI	Orbitrap	Commercial	Trent Northen	JGI	153.055	0	1			COc1cc(C=O)ccc1O	"""InChI=1S/C8H8O3/c1-11-8-4-6(5-9)2-3-7(8)10/h2-5,10H,1H3"""		3	Positive	BERKELEY-LAB	153.055	UPDATE-SINGLE-ANNOTATED-BRONZE	Bronze		C8H8O3	MWOOGOJBHIARFG-UHFFFAOYSA-N	MWOOGOJBHIARFG	Benzenoids	Phenols	Methoxyphenols	Phenolic acids (C6-C1)|Phenylpropanoids (C6-C3)	Cinnamic acids and derivatives|Simple phenolic acids	Shikimates and Phenylpropanoids	mzspec:GNPS:GNPS-LIBRARY:CCMSLIB00010111341
M+H	vanillin CollisionEnergy:205060	CCMSLIB00010122675	67251	spectra_filtered.mgf	BERKELEY-LAB.mgf	0.984623	20170000	0	1.8942	6	0.000289917	153.055	1	temp/spectra_filtered.mgf67251	1	LC-ESI	Orbitrap	Commercial	Trent Northen	JGI	153.055	0	1			COc1cc(C=O)ccc1O	"""InChI=1S/C8H8O3/c1-11-8-4-6(5-9)2-3-7(8)10/h2-5,10H,1H3"""		3	Positive	BERKELEY-LAB	153.055	UPDATE-SINGLE-ANNOTATED-BRONZE	Bronze		C8H8O3	MWOOGOJBHIARFG-UHFFFAOYSA-N	MWOOGOJBHIARFG	Benzenoids	Phenols	Methoxyphenols	Phenolic acids (C6-C1)|Phenylpropanoids (C6-C3)	Cinnamic acids and derivatives|Simple phenolic acids	Shikimates and Phenylpropanoids	mzspec:GNPS:GNPS-LIBRARY:CCMSLIB00010122675
M+H	Spectral Match to DL-Phenylalanine from NIST14	CCMSLIB00003135371	4601	spectra_filtered.mgf	GNPS-NIST14-MATCHES.mgf	0.996704	28277000000	0	19.9368	7	0.00331116	166.086	1	temp/spectra_filtered.mgf4601	1	ESI	QQQ	Isolated	Data from Pieter Dorrestein	Data deposited by lfnothias	166.083	165.079	1	150301		C1=CC=C(C=C1)CC(C(=O)O)N	"InChI=1S/C9H11NO2/c10-8(9(11)12)6-7-4-2-1-3-5-7/h1-5,8H,6,10H2,(H,11,12)"		3	Positive	GNPS-NIST14-MATCHES	166.083	UPDATE-SINGLE-ANNOTATED-BRONZE	Bronze		C9H11NO2	COLNVLDHVKWLRT-UHFFFAOYSA-N	COLNVLDHVKWLRT	Organic acids and derivatives	Carboxylic acids and derivatives	"Amino acids, peptides, and analogues"	Small peptides	Aminoacids	Amino acids and Peptides|Shikimates and Phenylpropanoids	mzspec:GNPS:GNPS-LIBRARY:CCMSLIB00003135371
M+H	Massbank:LU071701 epsilon-Decalactone|7-butyloxepan-2-one	CCMSLIB00005764447	90778	spectra_filtered.mgf	MASSBANK.mgf	0.993819	131000000	0	0.624125	6	0.000106812	171.138	1	temp/spectra_filtered.mgf90778	1	ESI	Hybrid FT	Isolated	Massbank	Massbank	171.138	0	1	5579-78-2		CCCCC1CCCCC(=O)O1	"1S/C10H18O2/c1-2-3-6-9-7-4-5-8-10(11)12-9/h9H,2-8H2,1H3"		3	Positive	MASSBANK	171.138	UPDATE-SINGLE-ANNOTATED-BRONZE	Bronze		C10H18O2	YKVIWISPFDZYOW-UHFFFAOYSA-N	YKVIWISPFDZYOW				Fatty esters	Lactones	Fatty acids	mzspec:GNPS:GNPS-LIBRARY:CCMSLIB00005764447
M+H	AdenineHCl	CCMSLIB00000004260	27490	spectra_filtered.mgf	GNPS-SELLECKCHEM-FDA-PART1.mgf	0.701862	517000000	0	1.15239	4	0.000198364	172.133	1	temp/spectra_filtered.mgf27490	1	LC-ESI	qTof	Isolated	Sirenas	Ed Esquenazi 	172.133	0	1						3	Positive	GNPS-SELLECKCHEM-FDA-PART1	172.133	UPDATE-SINGLE-ANNOTATED-BRONZE	Bronze											mzspec:GNPS:GNPS-LIBRARY:CCMSLIB00000004260
M+H	Candidate Amylamine-C5:0 (delta mass:84.0573)	CCMSLIB00012715561	42850	spectra_filtered.mgf	GNPS-N-ACYL-LIPIDS-MASSQL.mgf	0.868921	863900000	0	3.45645	6	0.000595093	172.17	1	temp/spectra_filtered.mgf42850	1	LC-ESI	Orbitrap	Crude	Pieter Dorrestein	helenamrusso	172.169	172.169	0						4	Positive	GNPS-N-ACYL-LIPIDS-MASSQL	172.169	UPDATE-SINGLE-ANNOTATED-BRONZE	Insilico											mzspec:GNPS:GNPS-LIBRARY:CCMSLIB00012715561
M+H	Spectral Match to L-Tyrosine from NIST14	CCMSLIB00003140113	34361	spectra_filtered.mgf	GNPS-NIST14-MATCHES.mgf	0.930902	84767000	0	7.70984	4	0.00140381	182.081	1	temp/spectra_filtered.mgf34361	1	ESI	qTof	Isolated	Data from Rob Knight	Data deposited by rsilva	182.08	181.074	1	60184		C1=CC(=CC=C1C[C@@H](C(=O)O)N)O	"InChI=1S/C9H11NO3/c10-8(9(12)13)5-6-1-3-7(11)4-2-6/h1-4,8,11H,5,10H2,(H,12,13)/t8-/m0/s1"		3	Positive	GNPS-NIST14-MATCHES	182.08	UPDATE-SINGLE-ANNOTATED-BRONZE	Bronze		C9H11NO3	OUYCCCASQSFEME-QMMMGPOBSA-N	OUYCCCASQSFEME	Organic acids and derivatives	Carboxylic acids and derivatives	"Amino acids, peptides, and analogues"	Small peptides	Aminoacids	Amino acids and Peptides|Shikimates and Phenylpropanoids	mzspec:GNPS:GNPS-LIBRARY:CCMSLIB00003140113
M+H	kynurenic acid CollisionEnergy:205060	CCMSLIB00010115619	9707	spectra_filtered.mgf	BERKELEY-LAB.mgf	0.989906	93450000	0	1.04375	4	0.000198364	190.05	1	temp/spectra_filtered.mgf9707	1	LC-ESI	Orbitrap	Commercial	Trent Northen	JGI	190.05	0	1			O=C(O)c1cc(=O)c2ccccc2[nH]1	"""InChI=1S/C10H7NO3/c12-9-5-8(10(13)14)11-7-4-2-1-3-6(7)9/h1-5H,(H,11,12)(H,13,14)"""		3	Positive	BERKELEY-LAB	190.05	UPDATE-SINGLE-ANNOTATED-BRONZE	Bronze		C10H7NO3	HCZHHEIFKROPDY-UHFFFAOYSA-N	HCZHHEIFKROPDY	Organoheterocyclic compounds	Quinolines and derivatives	Quinoline carboxylic acids	Anthranilic acid alkaloids	Acridone alkaloids	Alkaloids	mzspec:GNPS:GNPS-LIBRARY:CCMSLIB00010115619
M+H	2-oxindole-3-acetic acid CollisionEnergy:102040	CCMSLIB00010102110	27732	spectra_filtered.mgf	BERKELEY-LAB.mgf	0.989101	89349000	0	2.06558	5	0.000396729	192.066	1	temp/spectra_filtered.mgf27732	1	LC-ESI	Orbitrap	Commercial	Trent Northen	JGI	192.066	191.058	1			C1=CC=C2C(=C1)C(C(=O)N2)CC(=O)O	"""InChI=1S/C10H9NO3/c12-9(13)5-7-6-3-1-2-4-8(6)11-10(7)14/h1-4,7H,5H2,(H,11,14)(H,12,13)"""		3	Positive	BERKELEY-LAB	192.066	UPDATE-SINGLE-ANNOTATED-BRONZE	Bronze		C10H9NO3	ILGMGHZPXRDCCS-UHFFFAOYSA-N	ILGMGHZPXRDCCS	Organoheterocyclic compounds	Indoles and derivatives	Indolyl carboxylic acids and derivatives	Tryptophan alkaloids	Simple oxindole alkaloids	Alkaloids	mzspec:GNPS:GNPS-LIBRARY:CCMSLIB00010102110
M+H	Loliolide	CCMSLIB00004680136	30267	spectra_filtered.mgf	GNPS-LIBRARY.mgf	0.972661	12870000	0	5.57351	7	0.00109863	197.116	1	temp/spectra_filtered.mgf30267	1	LC-ESI	Orbitrap	Crude	Lihini Aluwihare	Daniel Petras	197.117	0	1	 	 	CC1(CC(CC2(C1=CC(=O)O2)C)O)C	"InChI=1S/C11H16O3/c1-10(2)5-7(12)6-11(3)8(10)4-9(13)14-11/h4,7,12H,5-6H2,1-3H3"	 	3	Positive	GNPS-LIBRARY	197.117	UPDATE-SINGLE-ANNOTATED-BRONZE	Bronze		C11H16O3	XEVQXKKKAVVSMW-UHFFFAOYSA-N	XEVQXKKKAVVSMW				Apocarotenoids	Apocarotenoids (β-)	Terpenoids	mzspec:GNPS:GNPS-LIBRARY:CCMSLIB00004680136
M+H	cyclo(L-Val-L-Pro)	CCMSLIB00000007147	3431	spectra_filtered.mgf	GNPS-LIBRARY.mgf	0.906625	4661000	0	2.55437	8	0.00050354	197.128	1	temp/spectra_filtered.mgf3431	1	DI-ESI	qTof	Isolated	Keyzers	R Keyzers	197.129	196.121	1	285-40-2		CC(C)[C@H]1C(=O)N2CCC[C@H]2C(=O)N1	"InChI=1S/C10H16N2O2/c1-6(2)8-10(14)12-5-3-4-7(12)9(13)11-8/h6-8H,3-5H2,1-2H3,(H,11,13)/t7-,8-/m0/s1"		3	Positive	GNPS-LIBRARY	197.129	UPDATE-SINGLE-ANNOTATED-BRONZE	Bronze		C10H16N2O2	XLUAWXQORJEMBD-YUMQZZPRSA-N	XLUAWXQORJEMBD	Organic acids and derivatives	Carboxylic acids and derivatives	"Amino acids, peptides, and analogues"	Small peptides	Dipeptides	Amino acids and Peptides	mzspec:GNPS:GNPS-LIBRARY:CCMSLIB00000007147
M+H	cyclo(L-Val-L-Pro)	CCMSLIB00000007147	10937	spectra_filtered.mgf	GNPS-LIBRARY.mgf	0.954434	6527000	0	2.55437	10	0.00050354	197.128	1	temp/spectra_filtered.mgf10937	1	DI-ESI	qTof	Isolated	Keyzers	R Keyzers	197.129	196.121	1	285-40-2		CC(C)[C@H]1C(=O)N2CCC[C@H]2C(=O)N1	"InChI=1S/C10H16N2O2/c1-6(2)8-10(14)12-5-3-4-7(12)9(13)11-8/h6-8H,3-5H2,1-2H3,(H,11,13)/t7-,8-/m0/s1"		3	Positive	GNPS-LIBRARY	197.129	UPDATE-SINGLE-ANNOTATED-BRONZE	Bronze		C10H16N2O2	XLUAWXQORJEMBD-YUMQZZPRSA-N	XLUAWXQORJEMBD	Organic acids and derivatives	Carboxylic acids and derivatives	"Amino acids, peptides, and analogues"	Small peptides	Dipeptides	Amino acids and Peptides	mzspec:GNPS:GNPS-LIBRARY:CCMSLIB00000007147
M+H	KYNURENINE	CCMSLIB00006679136	5590	spectra_filtered.mgf	MONA.mgf	0.965739	10440000	0	0.510835	8	0.000106812	209.092	1	temp/spectra_filtered.mgf5590	1	ESI	Orbitrap	isolated	MoNA	MoNA:MoNA037123	209.092	0	1			C1=CC(=C(C=C1)N)C(=O)CC(C(=O)O)N	"""InChI=1S/C10H12N2O3/c11-7-4-2-1-3-6(7)9(13)5-8(12)10(14)15/h1-4,8H,5,11-12H2,(H,14,15)"""		3	positive	MONA	209.092	UPDATE-SINGLE-ANNOTATED-BRONZE	Bronze		C10H12N2O3	YGPSJZOEDVAXAB-UHFFFAOYSA-N	YGPSJZOEDVAXAB	Organic oxygen compounds	Organooxygen compounds	Carbonyl compounds	Small peptides	Aminoacids	Amino acids and Peptides	mzspec:GNPS:GNPS-LIBRARY:CCMSLIB00006679136
M+H	"Spectral Match to (Z,E)-Tetradeca-9,12-dienol from NIST14"	CCMSLIB00003136183	74691	spectra_filtered.mgf	GNPS-NIST14-MATCHES.mgf	0.86829	8101000	0	1.8784	8	0.000396729	211.206	1	temp/spectra_filtered.mgf74691	1	ESI	Ion Trap	Isolated	Data from Gabriel Haddad	Data deposited by mjmeehan	211.206	210.198	1	51937009		C/C=C\C/C=C/CCCCCCCCO	"InChI=1S/C14H26O/c1-2-3-4-5-6-7-8-9-10-11-12-13-14-15/h2-3,5-6,15H,4,7-14H2,1H3/b3-2-,6-5+"		3	Positive	GNPS-NIST14-MATCHES	211.206	UPDATE-SINGLE-ANNOTATED-BRONZE	Bronze		C14H26O	IHRPKOQVBCPMQH-NDEAWQBTSA-N	IHRPKOQVBCPMQH	Lipids and lipid-like molecules	Fatty Acyls	Fatty alcohols	Fatty acyls	Fatty alcohols	Fatty acids	mzspec:GNPS:GNPS-LIBRARY:CCMSLIB00003136183
M+H	Candidate Serotonin-C2:0 (delta mass:42.0106)	CCMSLIB00012716344	14054	spectra_filtered.mgf	GNPS-N-ACYL-LIPIDS-MASSQL.mgf	0.999929	1115000000	0	0.974945	8	0.000213623	219.113	1	temp/spectra_filtered.mgf14054	1	LC-ESI	Orbitrap	Crude	Pieter Dorrestein	helenamrusso	219.113	219.113	0						4	Positive	GNPS-N-ACYL-LIPIDS-MASSQL	219.113	UPDATE-SINGLE-ANNOTATED-BRONZE	Insilico											mzspec:GNPS:GNPS-LIBRARY:CCMSLIB00012716344
M+H	Spectral Match to Ile-Pro from NIST14	CCMSLIB00003138780	6434	spectra_filtered.mgf	GNPS-NIST14-MATCHES.mgf	0.911213	1089750000	0	0.399523	5	9.16E-05	229.155	1	temp/spectra_filtered.mgf6434	1	ESI	Q-TOF	Isolated	Data from Joshua Wollam	Data deposited by fevargas	229.155	0	1						3	Positive	GNPS-NIST14-MATCHES	229.155	UPDATE-SINGLE-ANNOTATED-BRONZE	Bronze											mzspec:GNPS:GNPS-LIBRARY:CCMSLIB00003138780
M+H	Spectral Match to Isomyristic acid from NIST14	CCMSLIB00003135395	82655	spectra_filtered.mgf	GNPS-NIST14-MATCHES.mgf	0.749001	28923000	0	0.399417	4	9.16E-05	229.216	1	temp/spectra_filtered.mgf82655	1	ESI	qTof	Isolated	Data from P.Dorrestein	Data deposited by amelnik	229.216	228.209	1	2724574		CC(C)CCCCCCCCCCC(=O)O	"InChI=1S/C14H28O2/c1-13(2)11-9-7-5-3-4-6-8-10-12-14(15)16/h13H,3-12H2,1-2H3,(H,15,16)"		3	Positive	GNPS-NIST14-MATCHES	229.216	UPDATE-SINGLE-ANNOTATED-BRONZE	Bronze		C14H28O2	YYVJAABUJYRQJO-UHFFFAOYSA-N	YYVJAABUJYRQJO	Lipids and lipid-like molecules	Fatty Acyls	Fatty acids and conjugates	Fatty Acids and Conjugates	Branched fatty acids	Fatty acids	mzspec:GNPS:GNPS-LIBRARY:CCMSLIB00003135395
M+H	Spectral Match to Leu-Val from NIST14	CCMSLIB00003139095	6634	spectra_filtered.mgf	GNPS-NIST14-MATCHES.mgf	0.813499	274596000	0	1.32014	5	0.000305176	231.17	1	temp/spectra_filtered.mgf6634	1	ESI	QqQ	Isolated	Data from Rob Knight 	Data deposited by amelnik	231.17	0	1	13588959					3	Positive	GNPS-NIST14-MATCHES	231.17	UPDATE-SINGLE-ANNOTATED-BRONZE	Bronze											mzspec:GNPS:GNPS-LIBRARY:CCMSLIB00003139095
M+H	lumichrome	CCMSLIB00012475013	30752	spectra_filtered.mgf	GNPS-LIBRARY.mgf	0.937572	617300000	0	5.77487	6	0.00140381	243.088	1	temp/spectra_filtered.mgf30752	1	LC-ESI	Orbitrap	Commercial	Prof. Georg Pohnert	Ruchicka	243.089	0	1	 	 	 	 	 	3	Positive	GNPS-LIBRARY	243.089	UPDATE-SINGLE-ANNOTATED-BRONZE	Bronze											mzspec:GNPS:GNPS-LIBRARY:CCMSLIB00012475013
M+H	Palythine	CCMSLIB00012475044	4139	spectra_filtered.mgf	GNPS-LIBRARY.mgf	0.811067	1491900000	0	1.61855	5	0.000396729	245.113	1	temp/spectra_filtered.mgf4139	1	LC-ESI	Orbitrap	Crude	Anastasia Hiskia	Sevasti-Kiriaki Zervou	245.113	244.106	1	 	 	COC1=C(N)C[C@](CO)(O)CC1=NCC(O)=O	"InChI=1S/C10H16N2O5/c1-17-9-6(11)2-10(16,5-13)3-7(9)12-4-8(14)15/h13,16H,2-5,11H2,1H3,(H,14,15)/t10-/m0/s1"	KYCBIRYKYQCBFO-JTQLQIEISA-N	3	Positive	GNPS-LIBRARY	245.113	UPDATE-SINGLE-ANNOTATED-BRONZE	Bronze		C10H16N2O5	KYCBIRYKYQCBFO-JTQLQIEISA-N	KYCBIRYKYQCBFO	Organic acids and derivatives	Carboxylic acids and derivatives	"Amino acids, peptides, and analogues"	Mycosporine derivatives	Mycosporine and Mycosporine-like amino acids	Amino acids and Peptides|Shikimates and Phenylpropanoids	mzspec:GNPS:GNPS-LIBRARY:CCMSLIB00012475044
M+H	Spectral Match to Leu-Ile from NIST14	CCMSLIB00003139268	13178	spectra_filtered.mgf	GNPS-NIST14-MATCHES.mgf	0.728424	2805250000	0	0	4	0	245.186	1	temp/spectra_filtered.mgf13178	1	ESI	Q-TOF	Isolated	Data from Gabriel Haddad	Data deposited by mjmeehan	245.186	0	1						3	Positive	GNPS-NIST14-MATCHES	245.186	UPDATE-SINGLE-ANNOTATED-BRONZE	Bronze											mzspec:GNPS:GNPS-LIBRARY:CCMSLIB00003139268
M+H	Spectral Match to Palmitamide from NIST14	CCMSLIB00003137100	93562	spectra_filtered.mgf	GNPS-NIST14-MATCHES.mgf	0.972894	2456000000	0	1.54813	12	0.000396729	256.263	1	temp/spectra_filtered.mgf93562	1	ESI	qTof	Isolated	Data from Wolfender/Litaudon	Data deposited by pmallard	256.263	255.256	1	629549		CCCCCCCCCCCCCCCC(=O)N	"InChI=1S/C16H33NO/c1-2-3-4-5-6-7-8-9-10-11-12-13-14-15-16(17)18/h2-15H2,1H3,(H2,17,18)"		3	Positive	GNPS-NIST14-MATCHES	256.263	UPDATE-SINGLE-ANNOTATED-BRONZE	Bronze		C16H33NO	HSEMFIZWXHQJAE-UHFFFAOYSA-N	HSEMFIZWXHQJAE	Lipids and lipid-like molecules	Fatty Acyls	Fatty amides	Fatty amides	Primary amides	Fatty acids	mzspec:GNPS:GNPS-LIBRARY:CCMSLIB00003137100
M+H	Spectral Match to Palmitamide from NIST14	CCMSLIB00003135927	53665	spectra_filtered.mgf	GNPS-NIST14-MATCHES.mgf	0.75513	3666600	0	5.83528	4	0.00149536	256.263	1	temp/spectra_filtered.mgf53665	1	ESI	HCD	Isolated	Data from Pieter Dorrestein	Data deposited by lfnothias	256.262	0	1	629549					3	Positive	GNPS-NIST14-MATCHES	256.262	UPDATE-SINGLE-ANNOTATED-BRONZE	Bronze											mzspec:GNPS:GNPS-LIBRARY:CCMSLIB00003135927
M+H	Spectral Match to Lys-Ile from NIST14	CCMSLIB00003138419	4758	spectra_filtered.mgf	GNPS-NIST14-MATCHES.mgf	0.85142	88340000	0	3.04946	8	0.000793457	260.197	1	temp/spectra_filtered.mgf4758	1	ESI	Q-TOF	Isolated	Data from Christopher A. Lowry	Data deposited by fevargas	260.196	0	1						3	Positive	GNPS-NIST14-MATCHES	260.196	UPDATE-SINGLE-ANNOTATED-BRONZE	Bronze											mzspec:GNPS:GNPS-LIBRARY:CCMSLIB00003138419
M+H	Spectral Match to Ile-Met from NIST14	CCMSLIB00003137955	12957	spectra_filtered.mgf	GNPS-NIST14-MATCHES.mgf	0.969159	174856000	0	2.31948	9	0.000610352	263.143	1	temp/spectra_filtered.mgf12957	1	ESI	Q-TOF	Isolated	Data from Joshua Wollam	Data deposited by fevargas	263.142	0	1						3	Positive	GNPS-NIST14-MATCHES	263.142	UPDATE-SINGLE-ANNOTATED-BRONZE	Bronze											mzspec:GNPS:GNPS-LIBRARY:CCMSLIB00003137955
M+H	phenylacetylglutamine	CCMSLIB00002316426	11718	spectra_filtered.mgf	GNPS-LIBRARY.mgf	0.997318	153270000	0	1.03598	12	0.000274658	265.118	1	temp/spectra_filtered.mgf11718	1	LC-ESI	Orbitrap	Other	Dorrestein	alan_jarmusch	265.118	0	1	28047-15-6	 	C1=CC=C(C=C1)CC(=O)N[C@@H](CCC(=O)N)C(=O)O	"InChI=1S/C13H16N2O4/c14-11(16)7-6-10(13(18)19)15-12(17)8-9-4-2-1-3-5-9/h1-5,10H,6-8H2,(H2,14,16)(H,15,17)(H,18,19)/t10-/m0/s1"	 	3	Positive	GNPS-LIBRARY	265.118	UPDATE-SINGLE-ANNOTATED-BRONZE	Bronze	Urine[Source Environment]	C13H16N2O4	JFLIEFSWGNOPJJ-JTQLQIEISA-N	JFLIEFSWGNOPJJ	Organic acids and derivatives	Carboxylic acids and derivatives	"Amino acids, peptides, and analogues"	Small peptides	Dipeptides	Amino acids and Peptides	mzspec:GNPS:GNPS-LIBRARY:CCMSLIB00002316426
M+H	"Massbank:EQ330402 Adenosine|(2R,3R,4S,5R)-2-(6-aminopurin-9-yl)-5-(hydroxymethyl)oxolane-3,4-diol"	CCMSLIB00005732078	3037	spectra_filtered.mgf	MASSBANK.mgf	0.996761	202803000	0	0.682964	5	0.000183105	268.104	1	temp/spectra_filtered.mgf3037	1	ESI	Hybrid FT	Isolated	Massbank	Massbank	268.104	0	1	58-61-7		C1=NC(=C2C(=N1)N(C=N2)[C@H]3[C@@H]([C@@H]([C@H](O3)CO)O)O)N	"1S/C10H13N5O4/c11-8-5-9(13-2-12-8)15(3-14-5)10-7(18)6(17)4(1-16)19-10/h2-4,6-7,10,16-18H,1H2,(H2,11,12,13)/t4-,6-,7-,10-/m1/s1"		3	Positive	MASSBANK	268.104	UPDATE-SINGLE-ANNOTATED-BRONZE	Bronze		C10H13N5O4	OIRDTQYFTABQOQ-KQYNXXCUSA-N	OIRDTQYFTABQOQ				Nucleosides	Purine nucleos(t)ides	Carbohydrates	mzspec:GNPS:GNPS-LIBRARY:CCMSLIB00005732078
M+H	Candidate Alanine/Sarcosine-C12:2 (delta mass:178.136)	CCMSLIB00012716645	62245	spectra_filtered.mgf	GNPS-N-ACYL-LIPIDS-MASSQL.mgf	0.794733	13616000	0	1.47928	6	0.000396729	268.191	1	temp/spectra_filtered.mgf62245	1	LC-ESI	Orbitrap	Crude	Pieter Dorrestein	helenamrusso	268.191	268.191	0						4	Positive	GNPS-N-ACYL-LIPIDS-MASSQL	268.191	UPDATE-SINGLE-ANNOTATED-BRONZE	Insilico											mzspec:GNPS:GNPS-LIBRARY:CCMSLIB00012716645
M+H	Candidate 5-aminovaleric acid-C10:1 (delta mass:152.1201)	CCMSLIB00012716652	9703	spectra_filtered.mgf	GNPS-N-ACYL-LIPIDS-MASSQL.mgf	0.974423	6186000	0	1.46824	12	0.000396729	270.206	1	temp/spectra_filtered.mgf9703	1	LC-ESI	Orbitrap	Crude	Pieter Dorrestein	helenamrusso	270.206	270.206	0						4	Positive	GNPS-N-ACYL-LIPIDS-MASSQL	270.206	UPDATE-SINGLE-ANNOTATED-BRONZE	Insilico											mzspec:GNPS:GNPS-LIBRARY:CCMSLIB00012716652
M+H	Candidate Glutamine-C8:1 (delta mass:124.0887)	CCMSLIB00012716653	20593	spectra_filtered.mgf	GNPS-N-ACYL-LIPIDS-MASSQL.mgf	0.902335	120320000	0	1.12542	10	0.000305176	271.165	1	temp/spectra_filtered.mgf20593	1	LC-ESI	Orbitrap	Crude	Pieter Dorrestein	helenamrusso	271.165	271.165	0						4	Positive	GNPS-N-ACYL-LIPIDS-MASSQL	271.165	UPDATE-SINGLE-ANNOTATED-BRONZE	Insilico											mzspec:GNPS:GNPS-LIBRARY:CCMSLIB00012716653
M+H	Spectral Match to Methyl hexadecanoate from NIST14	CCMSLIB00003137004	93871	spectra_filtered.mgf	GNPS-NIST14-MATCHES.mgf	0.940452	1008100	0	0.337505	7	9.16E-05	271.263	1	temp/spectra_filtered.mgf93871	1	ESI	qTof	Isolated	Data from Pieter C. Dorrestein	Data deposited by daniel	271.263	270.256	1	112390		CCCCCCCCCCCCCCCC(=O)OC	"InChI=1S/C17H34O2/c1-3-4-5-6-7-8-9-10-11-12-13-14-15-16-17(18)19-2/h3-16H2,1-2H3"		3	Positive	GNPS-NIST14-MATCHES	271.263	UPDATE-SINGLE-ANNOTATED-BRONZE	Bronze		C17H34O2	FLIACVVOZYBSBS-UHFFFAOYSA-N	FLIACVVOZYBSBS	Lipids and lipid-like molecules	Fatty Acyls	Fatty acid esters	Fatty esters	Wax monoesters	Fatty acids	mzspec:GNPS:GNPS-LIBRARY:CCMSLIB00003137004
M+H	Candidate Alanine/Sarcosine-C12:0 (delta mass:182.1671)	CCMSLIB00012716971	67731	spectra_filtered.mgf	GNPS-N-ACYL-LIPIDS-MASSQL.mgf	0.996656	173548000	0	0	12	0	272.222	1	temp/spectra_filtered.mgf67731	1	LC-ESI	Orbitrap	Crude	Pieter Dorrestein	helenamrusso	272.222	272.222	0						4	Positive	GNPS-N-ACYL-LIPIDS-MASSQL	272.222	UPDATE-SINGLE-ANNOTATED-BRONZE	Insilico											mzspec:GNPS:GNPS-LIBRARY:CCMSLIB00012716971
M+H	Cer(d16:1/0:0); [M+H]+ C16H34N1O2	CCMSLIB00010068498	68321	spectra_filtered.mgf	PNNL-LIPIDS-POSITIVE.mgf	0.937121	61069000	0	10.6486	4	0.00289917	272.256	1	temp/spectra_filtered.mgf68321	1	LC-ESI	HCD; Velos	Commercial	Thomas Metz	Thomas Metz	272.259	0	1						1	Positive	PNNL-LIPIDS-POSITIVE	272.259	UPDATE-SINGLE-ANNOTATED-GOLD	Gold											mzspec:GNPS:GNPS-LIBRARY:CCMSLIB00010068498
M+H	Spectral Match to Asn-Phe from NIST14	CCMSLIB00003135381	6756	spectra_filtered.mgf	GNPS-NIST14-MATCHES.mgf	0.809238	183200000	0	0.762588	11	0.000213623	280.129	1	temp/spectra_filtered.mgf6756	1	ESI	qTof	Isolated	Data from Joshua Wollam	Data deposited by fevargas	280.129	279.122	1			C1=CC=C(C=C1)CC(C(=O)O)NC(=O)C(CC(=O)N)N	"InChI=1S/C13H17N3O4/c14-9(7-11(15)17)12(18)16-10(13(19)20)6-8-4-2-1-3-5-8/h1-5,9-10H,6-7,14H2,(H2,15,17)(H,16,18)(H,19,20)"		3	Positive	GNPS-NIST14-MATCHES	280.129	UPDATE-SINGLE-ANNOTATED-BRONZE	Bronze		C13H17N3O4	OMSMPWHEGLNQOD-UHFFFAOYSA-N	OMSMPWHEGLNQOD	Organic acids and derivatives	Carboxylic acids and derivatives	"Amino acids, peptides, and analogues"	Small peptides	Dipeptides	Amino acids and Peptides	mzspec:GNPS:GNPS-LIBRARY:CCMSLIB00003135381
M+H	Candidate Taurine-C10:0 (delta mass:154.1356)	CCMSLIB00012717147	58599	spectra_filtered.mgf	GNPS-N-ACYL-LIPIDS-MASSQL.mgf	0.991525	29794900	0	1.41609	12	0.000396729	280.158	1	temp/spectra_filtered.mgf58599	1	LC-ESI	Orbitrap	Crude	Pieter Dorrestein	helenamrusso	280.158	280.158	0						4	Positive	GNPS-N-ACYL-LIPIDS-MASSQL	280.158	UPDATE-SINGLE-ANNOTATED-BRONZE	Insilico											mzspec:GNPS:GNPS-LIBRARY:CCMSLIB00012717147
M+H	ASP-PHE	CCMSLIB00006679860	13084	spectra_filtered.mgf	MONA.mgf	0.931159	14270000	0	1.0856	11	0.000305176	281.113	1	temp/spectra_filtered.mgf13084	1	ESI	Orbitrap	isolated	MoNA	MoNA:MoNA037642	281.113	0	1			C1=CC=C(C=C1)C[C@@H](C(=O)O)/N=C(/[C@H](CC(=O)O)N)\O	"""InChI=1S/C13H16N2O5/c14-9(7-11(16)17)12(18)15-10(13(19)20)6-8-4-2-1-3-5-8/h1-5,9-10H,6-7,14H2,(H,15,18)(H,16,17)(H,19,20)/t9-,10-/m0/s1"""		3	positive	MONA	281.113	UPDATE-SINGLE-ANNOTATED-BRONZE	Bronze		C13H16N2O5	YZQCXOFQZKCETR-UWVGGRQHSA-N	YZQCXOFQZKCETR	Organic acids and derivatives	Carboxylic acids and derivatives	"Amino acids, peptides, and analogues"	Small peptides	Aminoacids|Dipeptides	Amino acids and Peptides|Shikimates and Phenylpropanoids	mzspec:GNPS:GNPS-LIBRARY:CCMSLIB00006679860
M+H	"Spectral Match to 9-Octadecenamide, (Z)- from NIST14"	CCMSLIB00003139413	88739	spectra_filtered.mgf	GNPS-NIST14-MATCHES.mgf	0.854534	4808000000	0	0.324334	10	9.16E-05	282.279	1	temp/spectra_filtered.mgf88739	1	ESI	QqQ	Isolated	Data from Pieter C Dorrestein	Data deposited by negarg	282.279	0	1	301020					3	Positive	GNPS-NIST14-MATCHES	282.279	UPDATE-SINGLE-ANNOTATED-BRONZE	Bronze											mzspec:GNPS:GNPS-LIBRARY:CCMSLIB00003139413
M+H	Palythene	CCMSLIB00010013012	4152	spectra_filtered.mgf	GNPS-LIBRARY.mgf	0.946913	1855700000	0	1.7124	7	0.000488281	285.145	1	temp/spectra_filtered.mgf4152	1	LC-ESI	Orbitrap	Crude	Michael Zwerger	Michael Zwerger	285.144	0	1	 	 	CC=CNC1=C(C(=NCC(=O)O)CC(C1)(CO)O)OC	"InChI=1S/C13H20N2O5/c1-3-4-14-9-5-13(19,8-16)6-10(12(9)20-2)15-7-11(17)18/h3-4,14,16,19H,5-8H2,1-2H3,(H,17,18)/b4-3+,15-10?"	 	3	Positive	GNPS-LIBRARY	285.144	UPDATE-SINGLE-ANNOTATED-BRONZE	Bronze		C13H20N2O5	NJNSCDPJAXLFPB-UHFFFAOYSA-N	NJNSCDPJAXLFPB	Organic acids and derivatives	Carboxylic acids and derivatives	"Amino acids, peptides, and analogues"	Mycosporine derivatives	Mycosporine and Mycosporine-like amino acids	Amino acids and Peptides|Shikimates and Phenylpropanoids	mzspec:GNPS:GNPS-LIBRARY:CCMSLIB00010013012
M+H	Spectral Match to Piperine from NIST14	CCMSLIB00003140174	73392	spectra_filtered.mgf	GNPS-NIST14-MATCHES.mgf	0.98036	32108000	0	3.83945	10	0.00109863	286.144	1	temp/spectra_filtered.mgf73392	1	ESI	HCD	Isolated	Data from Pieter Dorrestein	Data deposited by daniel	286.143	0	1	94622					3	Positive	GNPS-NIST14-MATCHES	286.143	UPDATE-SINGLE-ANNOTATED-BRONZE	Bronze	Alkaloid[Chemical Family]||Food molecule[Source Environment]										mzspec:GNPS:GNPS-LIBRARY:CCMSLIB00003140174
M+H	Spectral Match to Ile-Arg from NIST14	CCMSLIB00003139069	3072	spectra_filtered.mgf	GNPS-NIST14-MATCHES.mgf	0.793313	51600000	0	0.317668	9	9.16E-05	288.203	1	temp/spectra_filtered.mgf3072	1	ESI	QQQ	Isolated	Data from Pieter C Dorrestein	Data deposited by negarg	288.203	287.196	1			CC[C@H](C)[C@@H](C(=O)N[C@@H](CCCN=C(N)N)C(=O)O)N	"InChI=1S/C12H25N5O3/c1-3-7(2)9(13)10(18)17-8(11(19)20)5-4-6-16-12(14)15/h7-9H,3-6,13H2,1-2H3,(H,17,18)(H,19,20)(H4,14,15,16)/t7-,8-,9-/m0/s1"		3	Positive	GNPS-NIST14-MATCHES	288.203	UPDATE-SINGLE-ANNOTATED-BRONZE	Bronze		C12H25N5O3	HYXQKVOADYPQEA-CIUDSAMLSA-N	HYXQKVOADYPQEA	Organic acids and derivatives	Carboxylic acids and derivatives	"Amino acids, peptides, and analogues"	Small peptides	Dipeptides	Amino acids and Peptides	mzspec:GNPS:GNPS-LIBRARY:CCMSLIB00003139069
M+H	"Spectral Match to 9Z,11E,13E-Octadecatrienoic acid methyl ester from NIST14"	CCMSLIB00003136996	87876	spectra_filtered.mgf	GNPS-NIST14-MATCHES.mgf	0.955794	4791200	0	1.04068	12	0.000305176	293.247	1	temp/spectra_filtered.mgf87876	1	ESI	HCD	Isolated	Data from Joshua Wollam	Data deposited by fevargas	293.247	0	1	4175477					3	Positive	GNPS-NIST14-MATCHES	293.247	UPDATE-SINGLE-ANNOTATED-BRONZE	Bronze											mzspec:GNPS:GNPS-LIBRARY:CCMSLIB00003136996
M+H	Massbank:PR310824 N-Fructosyl isoleucine	CCMSLIB00005740456	3566	spectra_filtered.mgf	MASSBANK.mgf	0.78136	4231000	0	4.46109	11	0.00131226	294.155	1	temp/spectra_filtered.mgf3566	1	ESI	qTof	Isolated	Massbank	Massbank	294.156	0	1			O=C(O)C(NCC1(O)(OC(CO)C(O)C1(O)))C(C)CC	"1S/C12H23NO7/c1-3-6(2)8(11(17)18)13-5-12(19)10(16)9(15)7(4-14)20-12/h6-10,13-16,19H,3-5H2,1-2H3,(H,17,18)"		3	Positive	MASSBANK	294.156	UPDATE-SINGLE-ANNOTATED-BRONZE	Bronze		C12H23NO7	VYGRYVGDPYFVCA-UHFFFAOYSA-N	VYGRYVGDPYFVCA	Organic acids and derivatives	Carboxylic acids and derivatives	"Amino acids, peptides, and analogues"	Small peptides	Dipeptides	Amino acids and Peptides	mzspec:GNPS:GNPS-LIBRARY:CCMSLIB00005740456
M+H	Spectral Match to Glu Phe from METLIN	CCMSLIB00003139467	13226	spectra_filtered.mgf	GNPS-NIST14-MATCHES.mgf	0.953208	102220000	0	2.79192	8	0.000823975	295.129	1	temp/spectra_filtered.mgf13226	1	LC-ESI	qTof	Isolated	Data from Pieter Dorrestein	Data deposited by daniel	295.128	0	1			O=C(O)[C@H](CC1=CC=CC=C1)NC(CC[C@H](N)C(O)=O)=O	"InChI=1S/C14H18N2O5/c15-10(13(18)19)6-7-12(17)16-11(14(20)21)8-9-4-2-1-3-5-9/h1-5,10-11H,6-8,15H2,(H,16,17)(H,18,19)(H,20,21)/t10-,11-/m0/s1"		3	Positive	GNPS-NIST14-MATCHES	295.128	UPDATE-SINGLE-ANNOTATED-BRONZE	Bronze		C14H18N2O5	XHHOHZPNYFQJKL-QWRGUYRKSA-N	XHHOHZPNYFQJKL	Organic acids and derivatives	Carboxylic acids and derivatives	"Amino acids, peptides, and analogues"	Small peptides	Dipeptides	Amino acids and Peptides	mzspec:GNPS:GNPS-LIBRARY:CCMSLIB00003139467
M+H	Spectral Match to Ile-Tyr from NIST14	CCMSLIB00003137975	1750	spectra_filtered.mgf	GNPS-NIST14-MATCHES.mgf	0.820824	19390000	0	21.4025	7	0.00631714	295.165	1	temp/spectra_filtered.mgf1750	1	ESI	Q-TOF	Isolated	Data from Pieter Dorrestein	Data deposited by lfnothias	295.159	0	1						3	Positive	GNPS-NIST14-MATCHES	295.159	UPDATE-SINGLE-ANNOTATED-BRONZE	Bronze											mzspec:GNPS:GNPS-LIBRARY:CCMSLIB00003137975
M+H	Spectral Match to Ile-Tyr from NIST14	CCMSLIB00003137975	7615	spectra_filtered.mgf	GNPS-NIST14-MATCHES.mgf	0.946342	212670000	0	21.7127	8	0.00640869	295.165	1	temp/spectra_filtered.mgf7615	1	ESI	Q-TOF	Isolated	Data from Pieter Dorrestein	Data deposited by lfnothias	295.159	0	1						3	Positive	GNPS-NIST14-MATCHES	295.159	UPDATE-SINGLE-ANNOTATED-BRONZE	Bronze											mzspec:GNPS:GNPS-LIBRARY:CCMSLIB00003137975
M+H	Massbank:NA002994 [6]-Gingerol|5-hydroxy-1-(4-hydroxy-3-methoxyphenyl)decan-3-one	CCMSLIB00005767763	73400	spectra_filtered.mgf	MASSBANK.mgf	0.881349	28460000	0	5.47929	8	0.00161743	295.188	1	temp/spectra_filtered.mgf73400	1	ESI	Hybrid FT	Isolated	Massbank	Massbank	295.19	0	1	1391-73-7		CCCCCC(O)CC(=O)CCC1=CC(OC)=C(O)C=C1	"1S/C17H26O4/c1-3-4-5-6-14(18)12-15(19)9-7-13-8-10-16(20)17(11-13)21-2/h8,10-11,14,18,20H,3-7,9,12H2,1-2H3"		3	Positive	MASSBANK	295.19	UPDATE-SINGLE-ANNOTATED-BRONZE	Bronze		C17H26O4	NLDDIKRKFXEWBK-UHFFFAOYSA-N	NLDDIKRKFXEWBK	Benzenoids	Phenols	Methoxyphenols				mzspec:GNPS:GNPS-LIBRARY:CCMSLIB00005767763
M+H	Massbank:NA002994 [6]-Gingerol|5-hydroxy-1-(4-hydroxy-3-methoxyphenyl)decan-3-one	CCMSLIB00005767763	77792	spectra_filtered.mgf	MASSBANK.mgf	0.916859	2699900000	0	1.03383	8	0.000305176	295.19	1	temp/spectra_filtered.mgf77792	1	ESI	Hybrid FT	Isolated	Massbank	Massbank	295.19	0	1	1391-73-7		CCCCCC(O)CC(=O)CCC1=CC(OC)=C(O)C=C1	"1S/C17H26O4/c1-3-4-5-6-14(18)12-15(19)9-7-13-8-10-16(20)17(11-13)21-2/h8,10-11,14,18,20H,3-7,9,12H2,1-2H3"		3	Positive	MASSBANK	295.19	UPDATE-SINGLE-ANNOTATED-BRONZE	Bronze		C17H26O4	NLDDIKRKFXEWBK-UHFFFAOYSA-N	NLDDIKRKFXEWBK	Benzenoids	Phenols	Methoxyphenols				mzspec:GNPS:GNPS-LIBRARY:CCMSLIB00005767763
M+H	"Spectral Match to 13-Keto-9Z,11E-octadecadienoic acid from NIST14"	CCMSLIB00003138387	54264	spectra_filtered.mgf	GNPS-NIST14-MATCHES.mgf	0.749114	34250000	0	2.68763	11	0.000793457	295.227	1	temp/spectra_filtered.mgf54264	1	ESI	qTof	Isolated	Data from Rob Knight	Data deposited by rsilva	295.226	294.22	1	54739309		CCCCCC(=O)/C=C/C=C\CCCCCCCC(=O)O	"InChI=1S/C18H30O3/c1-2-3-11-14-17(19)15-12-9-7-5-4-6-8-10-13-16-18(20)21/h7,9,12,15H,2-6,8,10-11,13-14,16H2,1H3,(H,20,21)/b9-7-,15-12+"		3	Positive	GNPS-NIST14-MATCHES	295.226	UPDATE-SINGLE-ANNOTATED-BRONZE	Bronze		C18H30O3	JHXAZBBVQSRKJR-BSZOFBHHSA-N	JHXAZBBVQSRKJR	Lipids and lipid-like molecules	Fatty Acyls	Lineolic acids and derivatives	Fatty Acids and Conjugates|Octadecanoids	Other Octadecanoids|Oxo fatty acids|Unsaturated fatty acids	Fatty acids	mzspec:GNPS:GNPS-LIBRARY:CCMSLIB00003138387
M+H	Domoic acid	CCMSLIB00001023716	18788	spectra_filtered.mgf	GNPS-LIBRARY.mgf	0.981882	7914000000	0	3.22634	13	0.00100708	312.144	1	temp/spectra_filtered.mgf18788	1	LC-ESI	Orbitrap	Commercial	Lihini Aluwihare	Daniel Petras	312.143	312.145	1	14277-97-5	 	CC(C=CC=C(C)C1CNC(C1CC(=O)O)C(=O)O)C(=O)O	VZFRNCSOCOPNDB-AOKDLOFSSA-N	 	3	Positive	GNPS-LIBRARY	312.143	UPDATE-SINGLE-ANNOTATED-BRONZE	Bronze		C15H21NO6	VZFRNCSOCOPNDB-UHFFFAOYSA-N	VZFRNCSOCOPNDB	Organic acids and derivatives	Carboxylic acids and derivatives	"Amino acids, peptides, and analogues"	Small peptides	Aminoacids	Amino acids and Peptides	mzspec:GNPS:GNPS-LIBRARY:CCMSLIB00001023716
M+H	7'-carboxy-N-geranyl-L-gluatamic acid 	CCMSLIB00005691898	22344	spectra_filtered.mgf	GNPS-LIBRARY.mgf	0.998903	170954000	0	2.23423	14	0.000701904	314.16	1	temp/spectra_filtered.mgf22344	1	LC-ESI	Orbitrap	Other	Bradley S. Moore	Monica Thukral Daniel Petras	314.159	314.159	1	 	 	C/C(C(O)=O)=C\CC/C(C)=C/C([H])[N+]([H])([H])[C@@H](CCC(O)=O)C(O)=O	"InChI=1S/C15H23NO6/c1-10(4-3-5-11(2)14(19)20)8-9-16-12(15(21)22)6-7-13(17)18/h5,8,12,16H,3-4,6-7,9H2,1-2H3,(H,17,18)(H,19,20)(H,21,22)/p+1/b10-8+,11-5+/t12-/m0/s1"	 	3	Positive	GNPS-LIBRARY	314.159	UPDATE-SINGLE-ANNOTATED-BRONZE	Bronze			GLOMHRXTBJVWKY-UIZYFNENSA-O	GLOMHRXTBJVWKY	Organic acids and derivatives	Carboxylic acids and derivatives	"Amino acids, peptides, and analogues"				mzspec:GNPS:GNPS-LIBRARY:CCMSLIB00005691898
M+H	Spectral Match to Leu-Trp from NIST14	CCMSLIB00003137572	21187	spectra_filtered.mgf	GNPS-NIST14-MATCHES.mgf	0.965528	63139900	0	0.959126	13	0.000305176	318.181	1	temp/spectra_filtered.mgf21187	1	ESI	Q-TOF	Isolated	Data from Pieter Dorrestein	Data deposited by daniel	318.181	0	1	5156229					3	Positive	GNPS-NIST14-MATCHES	318.181	UPDATE-SINGLE-ANNOTATED-BRONZE	Bronze											mzspec:GNPS:GNPS-LIBRARY:CCMSLIB00003137572
M+H	Methyl-Domoic Acid	CCMSLIB00005690416	20264	spectra_filtered.mgf	GNPS-LIBRARY.mgf	0.987208	2589000000	0	0.935663	17	0.000305176	326.16	1	temp/spectra_filtered.mgf20264	1	LC-ESI	Orbitrap	Lysate	Lihini Aluwihare	Daniel Petras	326.16	0	0	 	 	 	 	 	3	Positive	GNPS-LIBRARY	326.16	UPDATE-SINGLE-ANNOTATED-BRONZE	Bronze											mzspec:GNPS:GNPS-LIBRARY:CCMSLIB00005690416
M+H	Cabrillostatin	CCMSLIB00011427558	67905	spectra_filtered.mgf	GNPS-LIBRARY.mgf	0.851345	5492330000	0	5.76417	5	0.00189209	328.248	1	temp/spectra_filtered.mgf67905	1	LC-ESI	qTof	Isolated	Paul Jensen	Alex Bogdanov	328.25	327.241	1	 	 	O=C(N[C@@H](CC(C)C)[C@@H](O)C1)CCCCCCCC(C)OC1=O	"InChI=1S/C18H33NO4/c1-13(2)11-15-16(20)12-18(22)23-14(3)9-7-5-4-6-8-10-17(21)19-15/h13-16,20H,4-12H2,1-3H3,(H,19,21)/t14?,15-,16-/m0/s1"	 	3	Positive	GNPS-LIBRARY	328.25	UPDATE-SINGLE-ANNOTATED-BRONZE	Bronze		C18H33NO4	LZVZRVUYYLRTDR-YVZMLIKISA-N	LZVZRVUYYLRTDR	Organic acids and derivatives	Hydroxy acids and derivatives	Beta hydroxy acids and derivatives			Polyketides	mzspec:GNPS:GNPS-LIBRARY:CCMSLIB00011427558
M+H	Candidate Glutamic acid-C12:0 (delta mass:182.1666)	CCMSLIB00012717382	67173	spectra_filtered.mgf	GNPS-N-ACYL-LIPIDS-MASSQL.mgf	0.987783	447260000	0	1.57104	8	0.000518799	330.228	1	temp/spectra_filtered.mgf67173	1	LC-ESI	Orbitrap	Crude	Pieter Dorrestein	helenamrusso	330.227	330.227	0						4	Positive	GNPS-N-ACYL-LIPIDS-MASSQL	330.227	UPDATE-SINGLE-ANNOTATED-BRONZE	Insilico											mzspec:GNPS:GNPS-LIBRARY:CCMSLIB00012717382
M+H	Spectral Match to 1-Hexadecanoyl-sn-glycerol from NIST14	CCMSLIB00003137957	86549	spectra_filtered.mgf	GNPS-NIST14-MATCHES.mgf	0.918561	28134700	0	1.19755	13	0.000396729	331.284	1	temp/spectra_filtered.mgf86549	1	ESI	Q-TOF	Isolated	Data from Rob Knight 	Data deposited by amelnik	331.284	0	1	542449					3	Positive	GNPS-NIST14-MATCHES	331.284	UPDATE-SINGLE-ANNOTATED-BRONZE	Bronze											mzspec:GNPS:GNPS-LIBRARY:CCMSLIB00003137957
M+H	Spectral Match to Thr-Val-Leu from NIST14	CCMSLIB00003138049	15898	spectra_filtered.mgf	GNPS-NIST14-MATCHES.mgf	0.788092	243905000	0	6.33831	6	0.00210571	332.218	1	temp/spectra_filtered.mgf15898	1	ESI	QqQ	Isolated	Data from Rob Knight	Data deposited by rsilva	332.22	0	1						3	Positive	GNPS-NIST14-MATCHES	332.22	UPDATE-SINGLE-ANNOTATED-BRONZE	Bronze											mzspec:GNPS:GNPS-LIBRARY:CCMSLIB00003138049
M+H	Shinorine	CCMSLIB00010013009	3149	spectra_filtered.mgf	GNPS-LIBRARY.mgf	0.831599	2453700	0	3.66437	9	0.0012207	333.129	1	temp/spectra_filtered.mgf3149	1	LC-ESI	Orbitrap	Crude	Fabian Hammerle	Michael Zwerger	333.128	0	1	 	 	OC(CC(NCC(O)=O)=C/1OC)(CO)CC1=N/C(C(O)=O)CO	"InChI=1S/C13H20N2O8/c1-23-11-7(14-4-10(18)19)2-13(22,6-17)3-8(11)15-9(5-16)12(20)21/h9,14,16-17,22H,2-6H2,1H3,(H,18,19)(H,20,21)/b15-8+"	 	3	Positive	GNPS-LIBRARY	333.128	UPDATE-SINGLE-ANNOTATED-BRONZE	Bronze		C13H20N2O8	WXEQFJUHQIGKNG-OVCLIPMQSA-N	WXEQFJUHQIGKNG	Organic acids and derivatives	Carboxylic acids and derivatives	"Amino acids, peptides, and analogues"	Mycosporine derivatives	Mycosporine and Mycosporine-like amino acids	Amino acids and Peptides|Shikimates and Phenylpropanoids	mzspec:GNPS:GNPS-LIBRARY:CCMSLIB00010013009
M+H	"Spectral Match to 13-Docosenamide, (Z)- from NIST14"	CCMSLIB00003138796	94982	spectra_filtered.mgf	GNPS-NIST14-MATCHES.mgf	0.844626	8928000000	0	1.44316	9	0.000488281	338.341	1	temp/spectra_filtered.mgf94982	1	ESI	qTof	Isolated	Data from Joshua Wollam	Data deposited by fevargas	338.341	337.335	1	112845		CCCCCCCC/C=C\CCCCCCCCCCCC(=O)N	"InChI=1S/C22H43NO/c1-2-3-4-5-6-7-8-9-10-11-12-13-14-15-16-17-18-19-20-21-22(23)24/h9-10H,2-8,11-21H2,1H3,(H2,23,24)/b10-9-"		3	Positive	GNPS-NIST14-MATCHES	338.341	UPDATE-SINGLE-ANNOTATED-BRONZE	Bronze		C22H43NO	UAUDZVJPLUQNMU-KTKRTIGZSA-N	UAUDZVJPLUQNMU	Lipids and lipid-like molecules	Fatty Acyls	Fatty amides	Fatty amides	Primary amides	Fatty acids	mzspec:GNPS:GNPS-LIBRARY:CCMSLIB00003138796
M+H	Candidate Aminoadipic acid-C12:0 (delta mass:182.1675)	CCMSLIB00012717447	76567	spectra_filtered.mgf	GNPS-N-ACYL-LIPIDS-MASSQL.mgf	0.950938	195293000	0	2.30493	9	0.000793457	344.243	1	temp/spectra_filtered.mgf76567	1	LC-ESI	Orbitrap	Crude	Pieter Dorrestein	helenamrusso	344.244	344.244	0						4	Positive	GNPS-N-ACYL-LIPIDS-MASSQL	344.244	UPDATE-SINGLE-ANNOTATED-BRONZE	Insilico											mzspec:GNPS:GNPS-LIBRARY:CCMSLIB00012717447
M+H	Candidate Serine-C16:0 (delta mass:238.2299)	CCMSLIB00012717457	87707	spectra_filtered.mgf	GNPS-N-ACYL-LIPIDS-MASSQL.mgf	0.983639	96690000	0	1.15234	13	0.000396729	344.28	1	temp/spectra_filtered.mgf87707	1	LC-ESI	Orbitrap	Crude	Pieter Dorrestein	helenamrusso	344.28	344.28	0						4	Positive	GNPS-N-ACYL-LIPIDS-MASSQL	344.28	UPDATE-SINGLE-ANNOTATED-BRONZE	Insilico											mzspec:GNPS:GNPS-LIBRARY:CCMSLIB00012717457
M+H	Tau-C15:1	CCMSLIB00010010875	61389	spectra_filtered.mgf	ECG-ACYL-AMIDES-C4-C24-LIBRARY.mgf	0.886052	14829000	0	2.01569	7	0.000701904	348.221	1	temp/spectra_filtered.mgf61389	1	ESI	qTof	Crude	Dorrestein	Emily Gentry	348.22	347.213	1			O=C(NCCS(=O)(O)=O)CCCCCCCCC=CCCCC	"InChI=1S/C17H33NO4S/c1-2-3-4-5-6-7-8-9-10-11-12-13-14-17(19)18-15-16-23(20,21)22/h5-6H,2-4,7-16H2,1H3,(H,18,19)(H,20,21,22)"		2	Positive	ECG-ACYL-AMIDES-C4-C24-LIBRARY	348.22	UPDATE-SINGLE-ANNOTATED-SILVER	Silver		C17H33NO4S	ZCQRNSRYQCQKQY-UHFFFAOYSA-N	ZCQRNSRYQCQKQY	Lipids and lipid-like molecules	Fatty Acyls	Fatty amides	Fatty amides	N-acyl amines	Fatty acids	mzspec:GNPS:GNPS-LIBRARY:CCMSLIB00010010875
M+H	Spectral Match to Ile-Val-Lys from NIST14	CCMSLIB00003136608	4074	spectra_filtered.mgf	GNPS-NIST14-MATCHES.mgf	0.828922	133660000	0	7.81483	11	0.00280762	359.265	1	temp/spectra_filtered.mgf4074	1	ESI	Q-TOF	Isolated	Data from Christopher A. Lowry	Data deposited by fevargas	359.268	0	1						3	Positive	GNPS-NIST14-MATCHES	359.268	UPDATE-SINGLE-ANNOTATED-BRONZE	Bronze											mzspec:GNPS:GNPS-LIBRARY:CCMSLIB00003136608
M+H	(3-hydroxytetradecanoyl)lysine	CCMSLIB00004679236	70009	spectra_filtered.mgf	GNPS-LIBRARY.mgf	0.741023	13090000	0	1.06274	8	0.000396729	373.306	1	temp/spectra_filtered.mgf70009	1	LC-ESI	qTof	Lysate	Dorrestein	aaksenov	373.306	0	0	 	 	 	 	 	3	Positive	GNPS-LIBRARY	373.306	UPDATE-SINGLE-ANNOTATED-BRONZE	Bronze											mzspec:GNPS:GNPS-LIBRARY:CCMSLIB00004679236
M+H	"Spectral Match to Cholesta-4,6-dien-3-one from NIST14"	CCMSLIB00003138683	94042	spectra_filtered.mgf	GNPS-NIST14-MATCHES.mgf	0.869171	9055000	0	0.238835	9	9.16E-05	383.331	1	temp/spectra_filtered.mgf94042	1	ESI	HCD	Isolated	Data from Pieter Dorrestein	Data deposited by daniel	383.331	0	1	566938					3	Positive	GNPS-NIST14-MATCHES	383.331	UPDATE-SINGLE-ANNOTATED-BRONZE	Bronze											mzspec:GNPS:GNPS-LIBRARY:CCMSLIB00003138683
M+H	Spectral Match to 12-Ketodeoxycholic acid from NIST14	CCMSLIB00003135123	69060	spectra_filtered.mgf	GNPS-NIST14-MATCHES.mgf	0.942072	154819000	0	1.79385	18	0.000701904	391.285	1	temp/spectra_filtered.mgf69060	1	LC-ESI	qTof	Isolated	Data from Joshua Wollam	Data deposited by fevargas	391.284	0	1	5130290		CC(CCC(=O)O)C1CCC2C1(C(=O)CC3C2CCC4C3(CCC(C4)O)C)C	"InChI=1S/C24H38O4/c1-14(4-9-22(27)28)18-7-8-19-17-6-5-15-12-16(25)10-11-23(15,2)20(17)13-21(26)24(18,19)3/h14-20,25H,4-13H2,1-3H3,(H,27,28)"		3	Positive	GNPS-NIST14-MATCHES	391.284	UPDATE-SINGLE-ANNOTATED-BRONZE	Bronze		C24H38O4	CVNYHSDFZXHMMJ-UHFFFAOYSA-N	CVNYHSDFZXHMMJ	Lipids and lipid-like molecules	Steroids and steroid derivatives	"Bile acids, alcohols and derivatives"	Steroids	Cholane steroids	Terpenoids	mzspec:GNPS:GNPS-LIBRARY:CCMSLIB00003135123
M+H	(3-hydroxyhexadecanoyl)lysine	CCMSLIB00004679234	76010	spectra_filtered.mgf	GNPS-LIBRARY.mgf	0.82764	3858300	0	0.532277	10	0.000213623	401.338	1	temp/spectra_filtered.mgf76010	1	LC-ESI	qTof	Lysate	Dorrestein	aaksenov	401.338	0	0	 	 	 	 	 	3	Positive	GNPS-LIBRARY	401.338	UPDATE-SINGLE-ANNOTATED-BRONZE	Bronze											mzspec:GNPS:GNPS-LIBRARY:CCMSLIB00004679234
M+H	Portimine A	CCMSLIB00012475035	15976	spectra_filtered.mgf	GNPS-LIBRARY.mgf	0.830394	13290000	0	1.74505	13	0.000701904	402.228	1	temp/spectra_filtered.mgf15976	1	LC-ESI	Orbitrap	Crude	Anastasia Hiskia	Sevasti-Kiriaki Zervou	402.227	401.22	1	 	 	C[C@H]1C[C@@H](O)C(=O)[C@H]2O[C@]3(CC[C@@H]1O3)C[C@H](O)C1=NCC[C@]31CCC(=C[C@H]23)C=C	"InChI=1S/C23H31NO5/c1-3-14-4-6-22-8-9-24-21(22)17(26)12-23-7-5-18(28-23)13(2)10-16(25)19(27)20(29-23)15(22)11-14/h3,11,13,15-18,20,25-26H,1,4-10,12H2,2H3/t13-,15+,16+,17-,18-,20-,22+,23+/m0/s1 "	JYQBXOZZPLFICX-CPWUQFAPSA-N 	3	Positive	GNPS-LIBRARY	402.227	UPDATE-SINGLE-ANNOTATED-BRONZE	Bronze		C23H31NO5	JYQBXOZZPLFICX-CPWUQFAPSA-N	JYQBXOZZPLFICX						Alkaloids	mzspec:GNPS:GNPS-LIBRARY:CCMSLIB00012475035
M+H	PE(16:1/0:0); [M+H]+ C21H43N1O7P1	CCMSLIB00010086490	72021	spectra_filtered.mgf	PNNL-LIPIDS-POSITIVE.mgf	0.830796	593801000	0	1.82183	9	0.000823975	452.277	1	temp/spectra_filtered.mgf72021	1	LC-ESI	qTof	Commercial	Thomas Metz	Thomas Metz	452.278	0	1						1	Positive	PNNL-LIPIDS-POSITIVE	452.278	UPDATE-SINGLE-ANNOTATED-GOLD	Gold											mzspec:GNPS:GNPS-LIBRARY:CCMSLIB00010086490
M+H	Spectral Match to 1-Palmitoyl-2-hydroxy-sn-glycero-3-phosphoethanolamine from NIST14	CCMSLIB00003134881	79171	spectra_filtered.mgf	GNPS-NIST14-MATCHES.mgf	0.932189	469152000	0	3.76187	11	0.00170898	454.293	1	temp/spectra_filtered.mgf79171	1	ESI	qTof	Isolated	Data from Katrina Waters;Yoshihiro Kawaoka;Michael Diamond;Richard Smith;Thomas Metz	Data deposited by alchemistmatt	454.291	453.285	1	53862354		CCCCCCCCCCCCCCCC(=O)OC[C@H](COP(=O)(O)OCCN)O	"InChI=1S/C21H44NO7P/c1-2-3-4-5-6-7-8-9-10-11-12-13-14-15-21(24)27-18-20(23)19-29-30(25,26)28-17-16-22/h20,23H,2-19,22H2,1H3,(H,25,26)/t20-/m1/s1"		3	Positive	GNPS-NIST14-MATCHES	454.291	UPDATE-SINGLE-ANNOTATED-BRONZE	Bronze		C21H44NO7P	YVYMBNSKXOXSKW-HXUWFJFHSA-N	YVYMBNSKXOXSKW	Lipids and lipid-like molecules	Glycerophospholipids	Glycerophosphoethanolamines	Glycerophospholipids	Glycerophosphoethanolamines	Fatty acids	mzspec:GNPS:GNPS-LIBRARY:CCMSLIB00003134881
M+H	Smenathiazole A	CCMSLIB00004752860	62403	spectra_filtered.mgf	GNPS-LIBRARY.mgf	0.793772	13463800	0	1.51862	7	0.000701904	462.197	1	temp/spectra_filtered.mgf62403	1	LC-ESI	qTof	Lysate	Neha Garg	Neha Garg	462.198	0	1	 	 	[H]C#CCCC/C(C/C=C(C)/C(NC(C(C)C)C([NH+]1C(C2=NC=CS2)CCC1)=O)=O)=C/Cl	"InChI=1S/C24H32ClN3O2S/c1-5-6-7-9-19(16-25)12-11-18(4)22(29)27-21(17(2)3)24(30)28-14-8-10-20(28)23-26-13-15-31-23/h1,11,13,15-17,20-21H,6-10,12,14H2,2-4H3,(H,27,29)/p+1/b18-11+,19-16-"	 	3	Positive	GNPS-LIBRARY	462.198	UPDATE-SINGLE-ANNOTATED-BRONZE	Bronze		CH4	LFMFFFFYZMXHNI-DZKKHAQYSA-O	LFMFFFFYZMXHNI	Organic acids and derivatives	Carboxylic acids and derivatives	"Amino acids, peptides, and analogues"				mzspec:GNPS:GNPS-LIBRARY:CCMSLIB00004752860
M+H	Lyso DGCC (14:0)	CCMSLIB00006678243	77753	spectra_filtered.mgf	GNPS-LIBRARY.mgf	0.96155	771960000	0	1.25412	4	0.000579834	462.343	1	temp/spectra_filtered.mgf77753	1	LC-ESI	Orbitrap	Other	S Ding	Su Ding	462.342	462.341	1						3	Positive	GNPS-LIBRARY	462.342	UPDATE-SINGLE-ANNOTATED-BRONZE	Bronze											mzspec:GNPS:GNPS-LIBRARY:CCMSLIB00006678243
M+H	Ala-DCA	CCMSLIB00006582077	79276	spectra_filtered.mgf	BILELIB19.mgf	0.93631	108010000	0	0.394337	18	0.000183105	464.337	1	temp/spectra_filtered.mgf79276	1	ESI	Orbitrap	Crude	Dorrestein	Emily Gentry	464.337	463.33	1			C[C@H](CCC(N[C@H](C(O)=O)C)=O)[C@H]1CC[C@@]2([H])[C@]3([H])CC[C@]4([H])C[C@H](O)CC[C@]4(C)[C@H]3C[C@H](O)[C@@]21C	"InChI=1S/C27H45NO5/c1-15(5-10-24(31)28-16(2)25(32)33)20-8-9-21-19-7-6-17-13-18(29)11-12-26(17,3)22(19)14-23(30)27(20,21)4/h15-23,29-30H,5-14H2,1-4H3,(H,28,31)(H,32,33)/t15-,16?,17-,18-,19+,20-,21+,22+,23+,26+,27-/m1/s1"		2	Positive	BILELIB19	464.337	UPDATE-SINGLE-ANNOTATED-SILVER	Silver		C27H45NO5	UUMHESNLNMWIQK-OPUASHEASA-N	UUMHESNLNMWIQK	Lipids and lipid-like molecules	Steroids and steroid derivatives	"Bile acids, alcohols and derivatives"	Steroids	Cholane steroids	Terpenoids	mzspec:GNPS:GNPS-LIBRARY:CCMSLIB00006582077
M+H	GLYCOCHOLIC ACID	CCMSLIB00006680056	55614	spectra_filtered.mgf	MONA.mgf	0.982397	1494620000	0	0.392664	23	0.000183105	466.316	1	temp/spectra_filtered.mgf55614	1	ESI	Orbitrap	isolated	MoNA	MoNA:MoNA037270	466.316	0	1			C[C@H](CC/C(=N/CC(=O)O)/O)[C@H]1CC[C@H]2[C@H]3[C@H](C[C@@H]([C@]12C)O)[C@@]4(C)CC[C@H](C[C@H]4C[C@H]3O)O	"""InChI=1S/C26H43NO6/c1-14(4-7-22(31)27-13-23(32)33)17-5-6-18-24-19(12-21(30)26(17,18)3)25(2)9-8-16(28)10-15(25)11-20(24)29/h14-21,24,28-30H,4-13H2,1-3H3,(H,27,31)(H,32,33)/t14-,15+,16-,17-,18+,19+,20-,21+,24+,25+,26-/m1/s1"""		3	positive	MONA	466.316	UPDATE-SINGLE-ANNOTATED-BRONZE	Bronze		C26H43NO6	RFDAIACWWDREDC-FRVQLJSFSA-N	RFDAIACWWDREDC	Lipids and lipid-like molecules	Steroids and steroid derivatives	"Bile acids, alcohols and derivatives"	Steroids	Cholane steroids	Terpenoids	mzspec:GNPS:GNPS-LIBRARY:CCMSLIB00006680056
M+H	Spectral Match to 1-Myristoyl-sn-glycero-3-phosphocholine from NIST14	CCMSLIB00003136846	75169	spectra_filtered.mgf	GNPS-NIST14-MATCHES.mgf	0.997538	1268850000	0	1.23815	16	0.000579834	468.309	1	temp/spectra_filtered.mgf75169	1	ESI	HCD	Isolated	Data from Pieter Dorrestein	Data deposited by daniel	468.308	0	1	20559164					3	Positive	GNPS-NIST14-MATCHES	468.308	UPDATE-SINGLE-ANNOTATED-BRONZE	Bronze											mzspec:GNPS:GNPS-LIBRARY:CCMSLIB00003136846
M+H	PE(18:2/0:0); [M+H]+ C23H45N1O7P1	CCMSLIB00010098903	78386	spectra_filtered.mgf	PNNL-LIPIDS-POSITIVE.mgf	0.769638	9416700	0	0.638052	8	0.000305176	478.293	1	temp/spectra_filtered.mgf78386	1	LC-ESI	HCD; Velos	Commercial	Thomas Metz	Thomas Metz	478.293	0	1						1	Positive	PNNL-LIPIDS-POSITIVE	478.293	UPDATE-SINGLE-ANNOTATED-GOLD	Gold											mzspec:GNPS:GNPS-LIBRARY:CCMSLIB00010098903
M+H	Spectral Match to 1-(9Z-Octadecenoyl)-sn-glycero-3-phosphoethanolamine from NIST14	CCMSLIB00003134777	78493	spectra_filtered.mgf	GNPS-NIST14-MATCHES.mgf	0.847121	145740000	0	1.0166	12	0.000488281	480.309	1	temp/spectra_filtered.mgf78493	1	ESI	qTof	Isolated	Data from Wolfender/Litaudon	Data deposited by pmallard	480.309	479.301	1	89576294		CCCCCCCC/C=C\CCCCCCCC(=O)OC[C@H](COP(=O)(O)OCCN)O	"InChI=1S/C23H46NO7P/c1-2-3-4-5-6-7-8-9-10-11-12-13-14-15-16-17-23(26)29-20-22(25)21-31-32(27,28)30-19-18-24/h9-10,22,25H,2-8,11-21,24H2,1H3,(H,27,28)/b10-9-/t22-/m1/s1"		3	Positive	GNPS-NIST14-MATCHES	480.309	UPDATE-SINGLE-ANNOTATED-BRONZE	Bronze		C23H46NO7P	PYVRVRFVLRNJLY-MZMPXXGTSA-N	PYVRVRFVLRNJLY	Lipids and lipid-like molecules	Glycerophospholipids	Glycerophosphoethanolamines	Glycerophospholipids	Glycerophosphoethanolamines	Fatty acids	mzspec:GNPS:GNPS-LIBRARY:CCMSLIB00003134777
M+H	Ala-CA	CCMSLIB00006582244	67891	spectra_filtered.mgf	BILELIB19.mgf	0.954544	471110000	0	0	21	0	480.332	1	temp/spectra_filtered.mgf67891	1	ESI	Orbitrap	Crude	Dorrestein	Emily Gentry	480.332	479.325	1			C[C@H](CCC(N[C@H](C(O)=O)C)=O)[C@H]1CC[C@@]2([H])[C@]3([H])[C@H](O)C[C@]4([H])C[C@H](O)CC[C@]4(C)[C@H]3C[C@H](O)[C@@]21C	"InChI=1S/C27H45NO6/c1-14(5-8-23(32)28-15(2)25(33)34)18-6-7-19-24-20(13-22(31)27(18,19)4)26(3)10-9-17(29)11-16(26)12-21(24)30/h14-22,24,29-31H,5-13H2,1-4H3,(H,28,32)(H,33,34)/t14-,15?,16+,17-,18-,19+,20+,21-,22+,24+,26+,27-/m1/s1"		2	Positive	BILELIB19	480.332	UPDATE-SINGLE-ANNOTATED-SILVER	Silver		C27H45NO6	AZWGEBXBDOIOHW-OKVQJXITSA-N	AZWGEBXBDOIOHW	Lipids and lipid-like molecules	Steroids and steroid derivatives	"Bile acids, alcohols and derivatives"	Steroids	Cholane steroids	Terpenoids	mzspec:GNPS:GNPS-LIBRARY:CCMSLIB00006582244
M+H	Spectral Match to 1-Pentadecanoyl-sn-glycero-3-phosphocholine from NIST14	CCMSLIB00003137165	76955	spectra_filtered.mgf	GNPS-NIST14-MATCHES.mgf	0.986265	565327000	0	2.91052	11	0.00140381	482.324	1	temp/spectra_filtered.mgf76955	1	ESI	qTof	Isolated	Data from Pieter Dorrestein	Data deposited by daniel	482.323	481.317	1	108273898		CCCCCCCCCCCCCCC(=O)OC[C@H](COP(=O)([O-])OCC[N+](C)(C)C)O	"InChI=1S/C23H48NO7P/c1-5-6-7-8-9-10-11-12-13-14-15-16-17-23(26)29-20-22(25)21-31-32(27,28)30-19-18-24(2,3)4/h22,25H,5-21H2,1-4H3/t22-/m1/s1"		3	Positive	GNPS-NIST14-MATCHES	482.323	UPDATE-SINGLE-ANNOTATED-BRONZE	Bronze			RJZVWDTYEWCUAR-JOCHJYFZSA-N	RJZVWDTYEWCUAR	Lipids and lipid-like molecules	Glycerophospholipids	Glycerophosphocholines				mzspec:GNPS:GNPS-LIBRARY:CCMSLIB00003137165
M+H	Spectral Match to 1-Hexadecyl-sn-glycero-3-phosphocholine from NIST14	CCMSLIB00003134553	84192	spectra_filtered.mgf	GNPS-NIST14-MATCHES.mgf	0.997889	640533000	0	1.07554	13	0.000518799	482.361	1	temp/spectra_filtered.mgf84192	1	ESI	Ion Trap	Isolated	Data from Pieter Dorrestein	Data deposited by daniel	482.36	481.353	1	52691620		CCCCCCCCCCCCCCCCOC[C@H](COP(=O)([O-])OCC[N+](C)(C)C)O	"InChI=1S/C24H52NO6P/c1-5-6-7-8-9-10-11-12-13-14-15-16-17-18-20-29-22-24(26)23-31-32(27,28)30-21-19-25(2,3)4/h24,26H,5-23H2,1-4H3/t24-/m1/s1"		3	Positive	GNPS-NIST14-MATCHES	482.36	UPDATE-SINGLE-ANNOTATED-BRONZE	Bronze			VLBPIWYTPAXCFJ-XMMPIXPASA-N	VLBPIWYTPAXCFJ	Lipids and lipid-like molecules	Glycerophospholipids	Glycerophosphocholines				mzspec:GNPS:GNPS-LIBRARY:CCMSLIB00003134553
M+H	PG(16:0_0:0) - 2-hydroxy-3-(2-hydroxyacetoxy)propyl palmitate	CCMSLIB00005436330	98064	spectra_filtered.mgf	GNPS-LIBRARY.mgf	0.770395	55520000	0	0.880399	9	0.000427246	485.287	1	temp/spectra_filtered.mgf98064	1	LC-ESI	qTof	Commercial	O Laprevote	C-TAC	485.287	506.262	1	326495-22-1	 	 	 	 	3	Positive	GNPS-LIBRARY	485.287	UPDATE-SINGLE-ANNOTATED-BRONZE	Bronze											mzspec:GNPS:GNPS-LIBRARY:CCMSLIB00005436330
M+H	Smenathiazole B	CCMSLIB00004752861	61186	spectra_filtered.mgf	GNPS-LIBRARY.mgf	0.854508	33666000	0	0.627679	10	0.000305176	486.197	1	temp/spectra_filtered.mgf61186	1	LC-ESI	qTof	Crude	neha Garg	Neha Garg	486.197	0	1	 	 	Cl/C=C(C/C=C(C)/C(NC(C(C)C)C([NH+]1C(C2=NC=CS2)CCC1)=O)=O)/CC3=CC=CC=C3	"InChI=1S/C26H32ClN3O2S/c1-18(2)23(26(32)30-14-7-10-22(30)25-28-13-15-33-25)29-24(31)19(3)11-12-21(17-27)16-20-8-5-4-6-9-20/h4-6,8-9,11,13,15,17-18,22-23H,7,10,12,14,16H2,1-3H3,(H,29,31)/p+1/b19-11+,21-17+"	 	3	Positive	GNPS-LIBRARY	486.197	UPDATE-SINGLE-ANNOTATED-BRONZE	Bronze			ISCCMPZDUXGWLH-QABDXITQSA-O	ISCCMPZDUXGWLH	Organic acids and derivatives	Carboxylic acids and derivatives	"Amino acids, peptides, and analogues"				mzspec:GNPS:GNPS-LIBRARY:CCMSLIB00004752861
M+H	Betaine Lipid DGCC 16:0	CCMSLIB00005724408	84312	spectra_filtered.mgf	GNPS-LIBRARY.mgf	0.966376	5930640000	0	9.58402	8	0.00469971	490.374	1	temp/spectra_filtered.mgf84312	1	LC-ESI	qTof	Lysate	Quinn	Quinn	490.369	0	1	 	 	 	 	 	3	Positive	GNPS-LIBRARY	490.369	UPDATE-SINGLE-ANNOTATED-BRONZE	Bronze											mzspec:GNPS:GNPS-LIBRARY:CCMSLIB00005724408
M+H	Betaine Lipid DGCC 16:0	CCMSLIB00005724408	97611	spectra_filtered.mgf	GNPS-LIBRARY.mgf	0.963192	85563000	0	10.4553	7	0.00512695	490.374	1	temp/spectra_filtered.mgf97611	1	LC-ESI	qTof	Lysate	Quinn	Quinn	490.369	0	1	 	 	 	 	 	3	Positive	GNPS-LIBRARY	490.369	UPDATE-SINGLE-ANNOTATED-BRONZE	Bronze											mzspec:GNPS:GNPS-LIBRARY:CCMSLIB00005724408
M+H	Cadaverine-CA	CCMSLIB00011432462	49926	spectra_filtered.mgf	BILELIB19.mgf	0.81826	33723000	0	0.185555	22	9.16E-05	493.4	1	temp/spectra_filtered.mgf49926	1	ESI	Orbitrap	Commercial	Dorrestein	Ipsita	493.4	492.393	1			O[C@@H]1CC[C@]2(C)[C@@]3([H])C[C@H](O)[C@]4(C)[C@@H]([C@H](C)CCC(NCCCCCN)=O)CC[C@@]4([H])[C@]3([H])[C@H](O)C[C@@]([H])2C1	"InChI=1S/C29H52N2O4/c1-18(7-10-26(35)31-14-6-4-5-13-30)21-8-9-22-27-23(17-25(34)29(21,22)3)28(2)12-11-20(32)15-19(28)16-24(27)33/h18-25,27,32-34H,4-17,30H2,1-3H3,(H,31,35)/t18-,19+,20-,21-,22+,23+,24-,25+,27+,28+,29-/m1/s1"		1	Positive	BILELIB19	493.4	UPDATE-SINGLE-ANNOTATED-GOLD	Gold		C29H52N2O4	QMWWVWNGLRKGLD-JSAKOLFCSA-N	QMWWVWNGLRKGLD	Lipids and lipid-like molecules	Steroids and steroid derivatives	"Bile acids, alcohols and derivatives"	Steroids	Cholestane steroids	Terpenoids	mzspec:GNPS:GNPS-LIBRARY:CCMSLIB00011432462
M+H	Lyso PC (16:1)	CCMSLIB00006678147	77362	spectra_filtered.mgf	GNPS-LIBRARY.mgf	0.969954	577339000	0	0.61736	9	0.000305176	494.324	1	temp/spectra_filtered.mgf77362	1	LC-ESI	Orbitrap	Other	S Ding	Su Ding	494.324	494.323	1						3	Positive	GNPS-LIBRARY	494.324	UPDATE-SINGLE-ANNOTATED-BRONZE	Bronze											mzspec:GNPS:GNPS-LIBRARY:CCMSLIB00006678147
M+H	Spectral Match to Lyso-PC(16:0) from NIST14	CCMSLIB00003135613	81592	spectra_filtered.mgf	GNPS-NIST14-MATCHES.mgf	0.985457	6172490000	0	1.6601	8	0.000823975	496.34	1	temp/spectra_filtered.mgf81592	1	ESI	qTof	Isolated	Data from Pieter Dorrestein	Data deposited by daniel	496.339	495.332	1	17364168		CCCCCCCCCCCCCCCC(=O)OC[C@H](COP(=O)([O-])OCC[N+](C)(C)C)O	"InChI=1S/C24H50NO7P/c1-5-6-7-8-9-10-11-12-13-14-15-16-17-18-24(27)30-21-23(26)22-32-33(28,29)31-20-19-25(2,3)4/h23,26H,5-22H2,1-4H3/t23-/m1/s1"		3	Positive	GNPS-NIST14-MATCHES	496.339	UPDATE-SINGLE-ANNOTATED-BRONZE	Bronze			ASWBNKHCZGQVJV-HSZRJFAPSA-N	ASWBNKHCZGQVJV	Lipids and lipid-like molecules	Glycerophospholipids	Glycerophosphocholines				mzspec:GNPS:GNPS-LIBRARY:CCMSLIB00003135613
M+H	Spectral Match to Lyso-PC(16:0) from NIST14	CCMSLIB00003140032	63125	spectra_filtered.mgf	GNPS-NIST14-MATCHES.mgf	0.975508	120947000	0	6.27151	12	0.00311279	496.342	1	temp/spectra_filtered.mgf63125	1	ESI	qTof	Isolated	Data from Julia Gauglitz	Data deposited by fevargas	496.339	495.332	1	17364168		CCCCCCCCCCCCCCCC(=O)OC[C@H](COP(=O)([O-])OCC[N+](C)(C)C)O	"InChI=1S/C24H50NO7P/c1-5-6-7-8-9-10-11-12-13-14-15-16-17-18-24(27)30-21-23(26)22-32-33(28,29)31-20-19-25(2,3)4/h23,26H,5-22H2,1-4H3/t23-/m1/s1"		3	Positive	GNPS-NIST14-MATCHES	496.339	UPDATE-SINGLE-ANNOTATED-BRONZE	Bronze			ASWBNKHCZGQVJV-HSZRJFAPSA-N	ASWBNKHCZGQVJV	Lipids and lipid-like molecules	Glycerophospholipids	Glycerophosphocholines				mzspec:GNPS:GNPS-LIBRARY:CCMSLIB00003140032
M+H	Smenamide A	CCMSLIB00004752852	76076	spectra_filtered.mgf	GNPS-LIBRARY.mgf	0.830262	12865900	0	0.426179	13	0.000213623	501.252	1	temp/spectra_filtered.mgf76076	1	LC-ESI	qTof	Crude	Neha Garg	Neha Garg	501.252	0	0	 	 	CC(N(C)CCC/C(CCC(C)/C=C(C([NH+]1C(C=C(OC)C1CC2=CC=CC=C2)=O)=O)/C)=C\Cl)=O	"InChI=1S/C28H37ClN2O4/c1-20(13-14-24(19-29)12-9-15-30(4)22(3)32)16-21(2)28(34)31-25(26(35-5)18-27(31)33)17-23-10-7-6-8-11-23/h6-8,10-11,16,18-20,25H,9,12-15,17H2,1-5H3/p+1/b21-16-,24-19+"	 	1	Positive	GNPS-LIBRARY	501.252	UPDATE-SINGLE-ANNOTATED-GOLD	Gold			XJGQYXLPKXLNRM-UOXMMRTKSA-O	XJGQYXLPKXLNRM							mzspec:GNPS:GNPS-LIBRARY:CCMSLIB00004752852
M+H	PE(20:4/0:0); [M+H]+ C25H45N1O7P1	CCMSLIB00010063955	77586	spectra_filtered.mgf	PNNL-LIPIDS-POSITIVE.mgf	0.765455	55182000	0	0.607565	10	0.000305176	502.293	1	temp/spectra_filtered.mgf77586	1	LC-ESI	HCD; Velos	Commercial	Thomas Metz	Thomas Metz	502.293	0	1						1	Positive	PNNL-LIPIDS-POSITIVE	502.293	UPDATE-SINGLE-ANNOTATED-GOLD	Gold											mzspec:GNPS:GNPS-LIBRARY:CCMSLIB00010063955
M+H	PC(O-18:1/0:0); [M+H]+ C26H55N1O6P1	CCMSLIB00010062553	84770	spectra_filtered.mgf	PNNL-LIPIDS-POSITIVE.mgf	0.9321	10443800	0	1.0205	5	0.000518799	508.376	1	temp/spectra_filtered.mgf84770	1	LC-ESI	HCD; Velos	Commercial	Thomas Metz	Thomas Metz	508.377	0	1						1	Positive	PNNL-LIPIDS-POSITIVE	508.377	UPDATE-SINGLE-ANNOTATED-GOLD	Gold											mzspec:GNPS:GNPS-LIBRARY:CCMSLIB00010062553
M+H	Spectral Match to 1-Heptadecanoyl-sn-glycero-3-phosphocholine from NIST14	CCMSLIB00003137406	84146	spectra_filtered.mgf	GNPS-NIST14-MATCHES.mgf	0.981282	25246300	0	1.55472	10	0.000793457	510.356	1	temp/spectra_filtered.mgf84146	1	ESI	HCD	Isolated	Data from Pieter Dorrestein	Data deposited by daniel	510.355	0	1	50930239					3	Positive	GNPS-NIST14-MATCHES	510.355	UPDATE-SINGLE-ANNOTATED-BRONZE	Bronze											mzspec:GNPS:GNPS-LIBRARY:CCMSLIB00003137406
M+H	taurocholic acid	CCMSLIB00005435561	60429	spectra_filtered.mgf	BILELIB19.mgf	0.963603	13527600	0	2.48256	21	0.00128174	516.298	1	temp/spectra_filtered.mgf60429	1	ESI	Orbitrap	commercial	Dorrestein	A. Jarmusch	516.297	515.292	1	?81-24-3		C[C@H](CCC(=O)NCCS(=O)(=O)O)[C@H]1CC[C@@H]2[C@@]1([C@H](C[C@H]3[C@H]2[C@@H](C[C@H]4[C@@]3(CC[C@H](C4)O)C)O)O)C	"1S/C26H45NO7S/c1-15(4-7-23(31)27-10-11-35(32,33)34)18-5-6-19-24-20(14-22(30)26(18,19)3)25(2)9-8-17(28)12-16(25)13-21(24)29/h15-22,24,28-30H,4-14H2,1-3H3,(H,27,31)(H,32,33,34)/t15?,16-,17+,18+,19-,20-,21+,22-,24-,25?,26?/m0/s1"		1	Positive	BILELIB19	516.297	UPDATE-SINGLE-ANNOTATED-GOLD	Gold		C26H45NO7S	WBWWGRHZICKQGZ-HZAMXZRMSA-N	WBWWGRHZICKQGZ	Lipids and lipid-like molecules	Steroids and steroid derivatives	"Bile acids, alcohols and derivatives"	Steroids	Cholane steroids	Terpenoids	mzspec:GNPS:GNPS-LIBRARY:CCMSLIB00005435561
M+H	PC(18:3/0:0); [M+H]+ C26H49N1O7P1	CCMSLIB00010091589	77865	spectra_filtered.mgf	PNNL-LIPIDS-POSITIVE.mgf	0.906178	885894000	0	2.35509	8	0.0012207	518.324	1	temp/spectra_filtered.mgf77865	1	LC-ESI	HCD; Velos	Commercial	Thomas Metz	Thomas Metz	518.325	0	1						1	Positive	PNNL-LIPIDS-POSITIVE	518.325	UPDATE-SINGLE-ANNOTATED-GOLD	Gold											mzspec:GNPS:GNPS-LIBRARY:CCMSLIB00010091589
M+H	PC(18:3/0:0); [M+H]+ C26H49N1O7P1	CCMSLIB00010069426	83659	spectra_filtered.mgf	PNNL-LIPIDS-POSITIVE.mgf	0.913503	21144900	0	1.53081	7	0.000793457	518.326	1	temp/spectra_filtered.mgf83659	1	LC-ESI	HCD; Velos	Commercial	Thomas Metz	Thomas Metz	518.325	0	1						1	Positive	PNNL-LIPIDS-POSITIVE	518.325	UPDATE-SINGLE-ANNOTATED-GOLD	Gold											mzspec:GNPS:GNPS-LIBRARY:CCMSLIB00010069426
M+H	PC(18:2/0:0); [M+H]+ C26H51N1O7P1	CCMSLIB00010055576	78496	spectra_filtered.mgf	PNNL-LIPIDS-POSITIVE.mgf	0.935765	620017000	0	0.117299	7	6.10E-05	520.34	1	temp/spectra_filtered.mgf78496	1	LC-ESI	HCD; Lumos	Commercial	Thomas Metz	Thomas Metz	520.34	0	1						1	Positive	PNNL-LIPIDS-POSITIVE	520.34	UPDATE-SINGLE-ANNOTATED-GOLD	Gold											mzspec:GNPS:GNPS-LIBRARY:CCMSLIB00010055576
M+H	Spectral Match to 1-Stearoyl-2-hydroxy-sn-glycero-3-phosphocholine from NIST14	CCMSLIB00003136720	97727	spectra_filtered.mgf	GNPS-NIST14-MATCHES.mgf	0.974006	30299400	0	0	9	0	524.371	1	temp/spectra_filtered.mgf97727	1	ESI	HCD	Isolated	Data from P.Dorrestein	Data deposited by amelnik	524.371	0	1	19420576					3	Positive	GNPS-NIST14-MATCHES	524.371	UPDATE-SINGLE-ANNOTATED-BRONZE	Bronze											mzspec:GNPS:GNPS-LIBRARY:CCMSLIB00003136720
M+H	Spectral Match to 1-Stearoyl-2-hydroxy-sn-glycero-3-phosphocholine from NIST14	CCMSLIB00003136720	88515	spectra_filtered.mgf	GNPS-NIST14-MATCHES.mgf	0.983782	55611500	0	1.39676	9	0.000732422	524.372	1	temp/spectra_filtered.mgf88515	1	ESI	HCD	Isolated	Data from P.Dorrestein	Data deposited by amelnik	524.371	0	1	19420576					3	Positive	GNPS-NIST14-MATCHES	524.371	UPDATE-SINGLE-ANNOTATED-BRONZE	Bronze											mzspec:GNPS:GNPS-LIBRARY:CCMSLIB00003136720
M+H	PE(22:6/0:0); [M+H]+ C27H45N1O7P1	CCMSLIB00010097615	78498	spectra_filtered.mgf	PNNL-LIPIDS-POSITIVE.mgf	0.862084	536950000	0	0.231944	7	0.00012207	526.293	1	temp/spectra_filtered.mgf78498	1	LC-ESI	HCD; Velos	Commercial	Thomas Metz	Thomas Metz	526.293	0	1						1	Positive	PNNL-LIPIDS-POSITIVE	526.293	UPDATE-SINGLE-ANNOTATED-GOLD	Gold											mzspec:GNPS:GNPS-LIBRARY:CCMSLIB00010097615
M+H	Pyropheophorbide a	CCMSLIB00010128703	93223	spectra_filtered.mgf	GNPS-LIBRARY.mgf	0.933114	146257000	0	0.342081	12	0.000183105	535.27	1	temp/spectra_filtered.mgf93223	1	LC-ESI	Orbitrap	Isolated	Wolfender	R. Huber	535.27	0	1	 	 	OC(CC[C@H]1[C@@H](C2=N/C1=C(CC3=O)\C4=C3C(C)=C(N4)/C=C5N=C(C(C)=C\5CC)/C=C(N/6)/C(C=C)=C(C6=C\2)C)C)=O	"InChI=1S/C33H34N4O3/c1-7-19-15(3)23-12-25-17(5)21(9-10-30(39)40)32(36-25)22-11-29(38)31-18(6)26(37-33(22)31)14-28-20(8-2)16(4)24(35-28)13-27(19)34-23/h7,12-14,17,21,34,37H,1,8-11H2,2-6H3,(H,39,40)/t17-,21-/m0/s1"	 	3	Positive	GNPS-LIBRARY	535.27	UPDATE-SINGLE-ANNOTATED-BRONZE	Bronze		C33H34N4O3	IEGUQQKIFBYXLG-UWJYYQICSA-N	IEGUQQKIFBYXLG	Organoheterocyclic compounds	Tetrapyrroles and derivatives	Chlorins	Tryptophan alkaloids	Carboline alkaloids	Alkaloids	mzspec:GNPS:GNPS-LIBRARY:CCMSLIB00010128703
M+H	Lyso DGCC (18:5)	CCMSLIB00006678241	81325	spectra_filtered.mgf	GNPS-LIBRARY.mgf	0.957455	511848000	0	1.36554	4	0.000732422	536.358	1	temp/spectra_filtered.mgf81325	1	LC-ESI	Orbitrap	Other	S Ding	Su Ding	536.359	536.357	1						3	Positive	GNPS-LIBRARY	536.359	UPDATE-SINGLE-ANNOTATED-BRONZE	Bronze											mzspec:GNPS:GNPS-LIBRARY:CCMSLIB00006678241
M+H	PC(20:5/0:0); [M+H]+ C28H49N1O7P1	CCMSLIB00010067534	74667	spectra_filtered.mgf	PNNL-LIPIDS-POSITIVE.mgf	0.912619	9435320000	0	1.46307	7	0.000793457	542.324	1	temp/spectra_filtered.mgf74667	1	LC-ESI	HCD; Velos	Commercial	Thomas Metz	Thomas Metz	542.325	0	1						1	Positive	PNNL-LIPIDS-POSITIVE	542.325	UPDATE-SINGLE-ANNOTATED-GOLD	Gold											mzspec:GNPS:GNPS-LIBRARY:CCMSLIB00010067534
M+H	PC(0:0/20:4); [M+H]+ C28H51N1O7P1	CCMSLIB00010083542	77598	spectra_filtered.mgf	PNNL-LIPIDS-POSITIVE.mgf	0.927478	1189740000	0	0	7	0	544.34	1	temp/spectra_filtered.mgf77598	1	LC-ESI	HCD; Velos	Commercial	Thomas Metz	Thomas Metz	544.34	0	1						1	Positive	PNNL-LIPIDS-POSITIVE	544.34	UPDATE-SINGLE-ANNOTATED-GOLD	Gold											mzspec:GNPS:GNPS-LIBRARY:CCMSLIB00010083542
M+H	PC(20:3/0:0); [M+H]+ C28H53N1O7P1	CCMSLIB00010079086	81600	spectra_filtered.mgf	PNNL-LIPIDS-POSITIVE.mgf	0.904565	200755000	0	0.558566	8	0.000305176	546.356	1	temp/spectra_filtered.mgf81600	1	LC-ESI	HCD; Velos	Commercial	Thomas Metz	Thomas Metz	546.356	0	1						1	Positive	PNNL-LIPIDS-POSITIVE	546.356	UPDATE-SINGLE-ANNOTATED-GOLD	Gold											mzspec:GNPS:GNPS-LIBRARY:CCMSLIB00010079086
M+H	PC(22:6/0:0); [M+H]+ C30H51N1O7P1	CCMSLIB00010096769	79351	spectra_filtered.mgf	PNNL-LIPIDS-POSITIVE.mgf	0.907622	13595900000	0	0.429568	8	0.000244141	568.34	1	temp/spectra_filtered.mgf79351	1	LC-ESI	HCD; Velos	Commercial	Thomas Metz	Thomas Metz	568.34	0	1						1	Positive	PNNL-LIPIDS-POSITIVE	568.34	UPDATE-SINGLE-ANNOTATED-GOLD	Gold											mzspec:GNPS:GNPS-LIBRARY:CCMSLIB00010096769
M+H	Spectral Match to Urobilin from NIST14	CCMSLIB00003137178	49264	spectra_filtered.mgf	GNPS-NIST14-MATCHES.mgf	0.894981	63311000	0	1.44507	17	0.000854492	591.318	1	temp/spectra_filtered.mgf49264	1	ESI	qTof	Isolated	Data from Gabriel Haddad	Data deposited by mjmeehan	591.317	590.31	1	6921615		CCC1=C(C(=O)N[C@H]1CC2=C(C(=C(N2)/C=C\3/C(=C(C(=N3)C[C@H]4C(=C(C(=O)N4)CC)C)C)CCC(=O)O)CCC(=O)O)C)C	"InChI=1S/C33H42N4O6/c1-7-20-19(6)32(42)37-27(20)14-25-18(5)23(10-12-31(40)41)29(35-25)15-28-22(9-11-30(38)39)17(4)24(34-28)13-26-16(3)21(8-2)33(43)36-26/h15,26-27,35H,7-14H2,1-6H3,(H,36,43)(H,37,42)(H,38,39)(H,40,41)/b28-15-/t26-,27-/m0/s1"		3	Positive	GNPS-NIST14-MATCHES	591.317	UPDATE-SINGLE-ANNOTATED-BRONZE	Bronze		C33H42N4O6	KDCCOOGTVSRCHX-UYMYUHGCSA-N	KDCCOOGTVSRCHX	Organoheterocyclic compounds	Tetrapyrroles and derivatives	Bilirubins			Alkaloids|Amino acids and Peptides	mzspec:GNPS:GNPS-LIBRARY:CCMSLIB00003137178
M+H	Stercobilin	CCMSLIB00001059689	47713	spectra_filtered.mgf	GNPS-LIBRARY.mgf	0.981483	421940000	0	0.512599	19	0.000305176	595.35	1	temp/spectra_filtered.mgf47713	1	LC-ESI	Orbitrap	Other	Dorrestein	A. Jarmusch	595.35	595.35	1	34217-90-8 	5280818	CCC1C(C(=O)NC1CC2=NC(=CC3=C(C(=C(N3)CC4C(C(C(=O)N4)CC)C)C)CCC(=O)O)C(=C2C)CCC(=O)O)C	"InChI=1S/C33H46N4O6/c1-7-20-19(6)32(42)37-27(20)14-25-18(5)23(10-12-31(40)41)29(35-25)15-28-22(9-11-30(38)39)17(4)24(34-28)13-26-16(3)21(8-2)33(43)36-26/h15-16,19-21,26-27,34H,7-14H2,1-6H3,(H,36,43)(H,37,42)(H,38,39)(H,40,41)"	 	3	Positive	GNPS-LIBRARY	595.35	UPDATE-SINGLE-ANNOTATED-BRONZE	Bronze		C33H46N4O6	TYOWQSLRVAUSMI-UHFFFAOYSA-N	TYOWQSLRVAUSMI	Organoheterocyclic compounds	Tetrapyrroles and derivatives	Bilirubins			Alkaloids|Amino acids and Peptides	mzspec:GNPS:GNPS-LIBRARY:CCMSLIB00001059689
M+H	3.10S-Hydroxypheophorbide a 	CCMSLIB00010128701	90349	spectra_filtered.mgf	GNPS-LIBRARY.mgf	0.974707	36780000	0	2.10372	19	0.00128174	609.271	1	temp/spectra_filtered.mgf90349	1	LC-ESI	Orbitrap	Isolated	Wolfender	R. Huber	609.272	0	1	 	 	OC(CC[C@H]1[C@@H](C2=N/C1=C([C@](C(OC)=O)(O)C3=O)\C4=C3C(C)=C(N4)/C=C5N=C(C(C)=C\5CC)/C=C(N/6)/C(C=C)=C(C6=C\2)C)C)=O	"InChI=1S/C35H36N4O6/c1-8-19-15(3)22-12-24-17(5)21(10-11-28(40)41)31(38-24)30-32-29(33(42)35(30,44)34(43)45-7)18(6)25(39-32)14-27-20(9-2)16(4)23(37-27)13-26(19)36-22/h8,12-14,17,21,36,39,44H,1,9-11H2,2-7H3,(H,40,41)/t17-,21-,35-/m0/s1"	 	3	Positive	GNPS-LIBRARY	609.272	UPDATE-SINGLE-ANNOTATED-BRONZE	Bronze		C35H36N4O6	TXOKSKCKTYISQV-FHCXDJKBSA-N	TXOKSKCKTYISQV	Organoheterocyclic compounds	Tetrapyrroles and derivatives	Chlorins	Tryptophan alkaloids		Alkaloids	mzspec:GNPS:GNPS-LIBRARY:CCMSLIB00010128701
M+H	Sporidesmolide_II_28401_dereplictor_pv_2.5459e-19	CCMSLIB00000577642	87868	spectra_filtered.mgf	DEREPLICATOR_IDENTIFIED_LIBRARY.mgf	0.771376	8745000	0	2.61533	20	0.00170898	653.448	1	temp/spectra_filtered.mgf87868	1				Pevzner		653.45	0	1			[H]N1C(=O)C([H])(N([H])C(=O)C([H])(OC(=O)C([H])(N(C(=O)C([H])(N([H])C(=O)C([H])(OC(=O)C1([H])C([H])([H])C([H])(C([H])([H])[H])C([H])([H])[H])C([H])(C([H])([H])[H])C([H])([H])[H])C([H])(C([H])([H])[H])C([H])([H])[H])C([H])([H])[H])C([H])([H])C([H])(C([H])([H])[H])C([H])([H])[H])C([H])(C([H])([H])[H])C([H])([H])[H])C([H])(C([H])([H])[H])C([H])([H])C([H])([H])[H]	"InChI=1S/C34H60N4O8/c1-14-22(12)26-29(39)35-23(15-17(2)3)33(43)45-27(20(8)9)30(40)36-25(19(6)7)32(42)38(13)24(16-18(4)5)34(44)46-28(21(10)11)31(41)37-26/h17-28H,14-16H2,1-13H3,(H,35,39)(H,36,40)(H,37,41)"		3		DEREPLICATOR_IDENTIFIED_LIBRARY	653.45	UPDATE-SINGLE-ANNOTATED-BRONZE	Bronze		C34H60N4O8	DLSXAPYFZQNLPN-UHFFFAOYSA-N	DLSXAPYFZQNLPN	Organic acids and derivatives	Peptidomimetics	Depsipeptides	Oligopeptides	Cyclic peptides|Depsipeptides	Amino acids and Peptides|Polyketides	mzspec:GNPS:GNPS-LIBRARY:CCMSLIB00000577642
M+H	PE(16:1/16:1); [M+H]+ C37H71N1O8P1	CCMSLIB00010059266	87992	spectra_filtered.mgf	PNNL-LIPIDS-POSITIVE.mgf	0.826446	97826000	0	1.06381	10	0.000732422	688.491	1	temp/spectra_filtered.mgf87992	1	LC-ESI	HCD; Velos	Commercial	Thomas Metz	Thomas Metz	688.492	0	1						1	Positive	PNNL-LIPIDS-POSITIVE	688.492	UPDATE-SINGLE-ANNOTATED-GOLD	Gold											mzspec:GNPS:GNPS-LIBRARY:CCMSLIB00010059266
M+H	PE(16:1/16:1); [M+H]+ C37H71N1O8P1	CCMSLIB00010059266	97992	spectra_filtered.mgf	PNNL-LIPIDS-POSITIVE.mgf	0.811392	24500100	0	0.177301	10	0.00012207	688.492	1	temp/spectra_filtered.mgf97992	1	LC-ESI	HCD; Velos	Commercial	Thomas Metz	Thomas Metz	688.492	0	1						1	Positive	PNNL-LIPIDS-POSITIVE	688.492	UPDATE-SINGLE-ANNOTATED-GOLD	Gold											mzspec:GNPS:GNPS-LIBRARY:CCMSLIB00010059266
M+H	PE-DAG (16:0/16:1)	CCMSLIB00006678082	88214	spectra_filtered.mgf	GNPS-LIBRARY.mgf	0.900315	191715000	0	1.59105	17	0.00109863	690.507	1	temp/spectra_filtered.mgf88214	1	LC-ESI	Orbitrap	Other	S Ding	Su Ding	690.506	690.508	1						3	Positive	GNPS-LIBRARY	690.506	UPDATE-SINGLE-ANNOTATED-BRONZE	Bronze											mzspec:GNPS:GNPS-LIBRARY:CCMSLIB00006678082
M+H	PE-DAG (16:0/16:1)	CCMSLIB00006678082	97862	spectra_filtered.mgf	GNPS-LIBRARY.mgf	0.889241	7604000	0	2.2098	17	0.00152588	690.508	1	temp/spectra_filtered.mgf97862	1	LC-ESI	Orbitrap	Other	S Ding	Su Ding	690.506	690.508	1						3	Positive	GNPS-LIBRARY	690.506	UPDATE-SINGLE-ANNOTATED-BRONZE	Bronze											mzspec:GNPS:GNPS-LIBRARY:CCMSLIB00006678082
M+H	PE(16:1/18:1); [M+H]+ C39H75N1O8P1	CCMSLIB00010097065	88916	spectra_filtered.mgf	PNNL-LIPIDS-POSITIVE.mgf	0.884674	109784000	0	0.255547	15	0.000183105	716.523	1	temp/spectra_filtered.mgf88916	1	LC-ESI	HCD; Velos	Commercial	Thomas Metz	Thomas Metz	716.523	0	1						1	Positive	PNNL-LIPIDS-POSITIVE	716.523	UPDATE-SINGLE-ANNOTATED-GOLD	Gold											mzspec:GNPS:GNPS-LIBRARY:CCMSLIB00010097065
M+H	PE(16:1/18:1); [M+H]+ C39H75N1O8P1	CCMSLIB00010098565	97863	spectra_filtered.mgf	PNNL-LIPIDS-POSITIVE.mgf	0.859567	4014200	0	0.255547	14	0.000183105	716.523	1	temp/spectra_filtered.mgf97863	1	LC-ESI	HCD; Velos	Commercial	Thomas Metz	Thomas Metz	716.523	0	1						1	Positive	PNNL-LIPIDS-POSITIVE	716.523	UPDATE-SINGLE-ANNOTATED-GOLD	Gold											mzspec:GNPS:GNPS-LIBRARY:CCMSLIB00010098565
M+H	DGCC (38:6)	CCMSLIB00006678235	95749	spectra_filtered.mgf	GNPS-LIBRARY.mgf	0.94333	152154000	0	1.37226	6	0.00109863	800.603	1	temp/spectra_filtered.mgf95749	1	LC-ESI	Orbitrap	Other	S Ding	Su Ding	800.602	800.601	1						3	Positive	GNPS-LIBRARY	800.602	UPDATE-SINGLE-ANNOTATED-BRONZE	Bronze											mzspec:GNPS:GNPS-LIBRARY:CCMSLIB00006678235
M+H	Pheophytin a	CCMSLIB00006678135	95253	spectra_filtered.mgf	GNPS-LIBRARY.mgf	0.888987	1493590000	0	1.75072	10	0.00152588	871.573	1	temp/spectra_filtered.mgf95253	1	LC-ESI	Orbitrap	Other	S Ding	Su Ding	871.571	871.573	1						3	Positive	GNPS-LIBRARY	871.571	UPDATE-SINGLE-ANNOTATED-BRONZE	Bronze											mzspec:GNPS:GNPS-LIBRARY:CCMSLIB00006678135
M+H-2H2O	Spectral Match to Cholic acid from NIST14	CCMSLIB00003136574	67475	spectra_filtered.mgf	GNPS-NIST14-MATCHES.mgf	0.928291	106582000	0	0.817565	17	0.000305176	373.274	1	temp/spectra_filtered.mgf67475	1	ESI	QqQ	Isolated	Data from Joshua Wollam	Data deposited by fevargas	373.274	0	1	81254					3	Positive	GNPS-NIST14-MATCHES	373.274	UPDATE-SINGLE-ANNOTATED-BRONZE	Bronze											mzspec:GNPS:GNPS-LIBRARY:CCMSLIB00003136574
M+H-3H2O	Spectral Match to Cholic acid from NIST14	CCMSLIB00003136615	67618	spectra_filtered.mgf	GNPS-NIST14-MATCHES.mgf	0.875335	44856600	0	1.11672	16	0.000396729	355.263	1	temp/spectra_filtered.mgf67618	1	ESI	QqQ	Isolated	Data from Christopher A. Lowry	Data deposited by fevargas	355.263	0	1	81254					3	Positive	GNPS-NIST14-MATCHES	355.263	UPDATE-SINGLE-ANNOTATED-BRONZE	Bronze											mzspec:GNPS:GNPS-LIBRARY:CCMSLIB00003136615
M+H-H2O	ferulic acid CollisionEnergy:102040	CCMSLIB00010111580	46756	spectra_filtered.mgf	BERKELEY-LAB.mgf	0.99474	16920000	0	1.63744	7	0.000289917	177.055	1	temp/spectra_filtered.mgf46756	1	LC-ESI	Orbitrap	Commercial	Trent Northen	JGI	177.055	0	1			COc1cc(C=CC(=O)O)ccc1O	"""InChI=1S/C10H10O4/c1-14-9-6-7(2-4-8(9)11)3-5-10(12)13/h2-6,11H,1H3,(H,12,13)/b5-3+"""		3	Positive	BERKELEY-LAB	177.055	UPDATE-SINGLE-ANNOTATED-BRONZE	Bronze		C10H10O4	KSEBMYQBYZTDHS-UHFFFAOYSA-N	KSEBMYQBYZTDHS	Phenylpropanoids and polyketides	Cinnamic acids and derivatives	Hydroxycinnamic acids and derivatives	Phenylpropanoids (C6-C3)	Cinnamic acids and derivatives	Shikimates and Phenylpropanoids	mzspec:GNPS:GNPS-LIBRARY:CCMSLIB00010111580
M+H-H2O	Spectral Match to Palmitelaidic acid from NIST14	CCMSLIB00003136495	81552	spectra_filtered.mgf	GNPS-NIST14-MATCHES.mgf	0.958433	23810000	0	0.900523	12	0.000213623	237.221	1	temp/spectra_filtered.mgf81552	1	ESI	HCD	Isolated	Data from Wolfender/Litaudon	Data deposited by pmallard	237.221	0	1	10030736					3	Positive	GNPS-NIST14-MATCHES	237.221	UPDATE-SINGLE-ANNOTATED-BRONZE	Bronze											mzspec:GNPS:GNPS-LIBRARY:CCMSLIB00003136495
M+H-H2O	"Spectral Match to 13-Keto-9Z,11E-octadecadienoic acid from NIST14"	CCMSLIB00003136232	77723	spectra_filtered.mgf	GNPS-NIST14-MATCHES.mgf	0.913618	17410000	0	0.660516	10	0.000183105	277.216	1	temp/spectra_filtered.mgf77723	1	ESI	qTof	Isolated	Data from Wolfender/Litaudon	Data deposited by pmallard	277.216	294.22	1	54739309		CCCCCC(=O)/C=C/C=C\CCCCCCCC(=O)O	"InChI=1S/C18H30O3/c1-2-3-11-14-17(19)15-12-9-7-5-4-6-8-10-13-16-18(20)21/h7,9,12,15H,2-6,8,10-11,13-14,16H2,1H3,(H,20,21)/b9-7-,15-12+"		3	Positive	GNPS-NIST14-MATCHES	277.216	UPDATE-SINGLE-ANNOTATED-BRONZE	Bronze		C18H30O3	JHXAZBBVQSRKJR-BSZOFBHHSA-N	JHXAZBBVQSRKJR	Lipids and lipid-like molecules	Fatty Acyls	Lineolic acids and derivatives	Fatty Acids and Conjugates|Octadecanoids	Other Octadecanoids|Oxo fatty acids|Unsaturated fatty acids	Fatty acids	mzspec:GNPS:GNPS-LIBRARY:CCMSLIB00003136232
M+H-H2O	Spectral Match to Glycerol 1-myristate from NIST14	CCMSLIB00003135529	79786	spectra_filtered.mgf	GNPS-NIST14-MATCHES.mgf	0.74928	160700000	0	9.84283	8	0.00280762	285.242	1	temp/spectra_filtered.mgf79786	1	ESI	IT/ion trap	Isolated	"Data from Yoshihiro Kawaoka, Michael Diamond, Katrina Waters, Richard Smith and Thomas Metz"	Data deposited by alchemistmatt	285.245	0	1	589684					3	Positive	GNPS-NIST14-MATCHES	285.245	UPDATE-SINGLE-ANNOTATED-BRONZE	Bronze											mzspec:GNPS:GNPS-LIBRARY:CCMSLIB00003135529
M+H-H2O	"Spectral Match to (.+/-.)-8-Hydroxy-5Z,9E,11Z,14Z,17Z-eicosapentaenoic acid from NIST14"	CCMSLIB00003137153	81235	spectra_filtered.mgf	GNPS-NIST14-MATCHES.mgf	0.940442	325000000	0	3.34339	14	0.00100708	301.216	1	temp/spectra_filtered.mgf81235	1	ESI	HCD	Isolated	Data from Christopher A. Lowry	Data deposited by fevargas	301.215	0	1	99217773					3	Positive	GNPS-NIST14-MATCHES	301.215	UPDATE-SINGLE-ANNOTATED-BRONZE	Bronze											mzspec:GNPS:GNPS-LIBRARY:CCMSLIB00003137153
M+H-H2O	Spectral Match to 19(20)-EpDPE from NIST14	CCMSLIB00003136864	84233	spectra_filtered.mgf	GNPS-NIST14-MATCHES.mgf	0.897914	353000000	0	5.12932	15	0.00167847	327.232	1	temp/spectra_filtered.mgf84233	1	ESI	HCD	Isolated	Data from Gabriel Haddad	Data deposited by mjmeehan	327.23	0	1	155073475					3	Positive	GNPS-NIST14-MATCHES	327.23	UPDATE-SINGLE-ANNOTATED-BRONZE	Bronze											mzspec:GNPS:GNPS-LIBRARY:CCMSLIB00003136864
M+H-NH3	Spectral Match to L-Tryptophan from NIST14	CCMSLIB00003137060	8458	spectra_filtered.mgf	GNPS-NIST14-MATCHES.mgf	0.994054	1376300000	0	3.16421	8	0.000595093	188.071	1	temp/spectra_filtered.mgf8458	1	ESI	HCD	Isolated	Data from Pieter C Dorrestein	Data deposited by negarg	188.07	0	1	73223					3	Positive	GNPS-NIST14-MATCHES	188.07	UPDATE-SINGLE-ANNOTATED-BRONZE	Bronze											mzspec:GNPS:GNPS-LIBRARY:CCMSLIB00003137060
M+Na	Val-C5:0	CCMSLIB00011434788	2649	spectra_filtered.mgf	ECG-ACYL-AMIDES-C4-C24-LIBRARY.mgf	0.719734	16943000	0	10.2122	7	0.00228882	224.128	1	temp/spectra_filtered.mgf2649	1	ESI	Orbitrap	Commercial	Dorrestein	Ipsita	224.126	201.136	1			CCCCC(NC(C(O)=O)C(C)C)=O	"InChI=1S/C10H19NO3/c1-4-5-6-8(12)11-9(7(2)3)10(13)14/h7,9H,4-6H2,1-3H3,(H,11,12)(H,13,14)"		1	Positive	ECG-ACYL-AMIDES-C4-C24-LIBRARY	224.126	UPDATE-SINGLE-ANNOTATED-GOLD	Gold		C10H19NO3	KYADTFSCDZLZBP-UHFFFAOYSA-N	KYADTFSCDZLZBP	Organic acids and derivatives	Carboxylic acids and derivatives	"Amino acids, peptides, and analogues"	Small peptides	Dipeptides	Amino acids and Peptides	mzspec:GNPS:GNPS-LIBRARY:CCMSLIB00011434788
M+Na	CAMPTOTHECIN	CCMSLIB00011427902	91343	spectra_filtered.mgf	LEAFBOT.mgf	0.951944	2332300000	0	2.38483	14	0.00088501	371.101	1	temp/spectra_filtered.mgf91343	1	ESI	Orbitrap	Commercial	Cech	Vicky Anderson	371.1	348.111	1	2114454		CCC1(C2=C(COC1=O)C(=O)N3CC4=CC5=CC=CC=C5N=C4C3=C2)O	"""InChI=1S/C20H16N2O4/c1-2-20(25)14-8-16-17-12(7-11-5-3-4-6-15(11)21-17)9-22(16)18(23)13(14)10-26-19(20)24/h3-8,25H,2,9-10H2,1H3"""		1	Positive	LEAFBOT	371.1	UPDATE-SINGLE-ANNOTATED-GOLD	Gold		C20H16N2O4	VSJKWCGYPAHWDS-UHFFFAOYSA-N	VSJKWCGYPAHWDS				Tryptophan alkaloids	Pyrroloquinoline alkaloids	Alkaloids	mzspec:GNPS:GNPS-LIBRARY:CCMSLIB00011427902
M+Na	Ala-C18:2	CCMSLIB00011436092	83934	spectra_filtered.mgf	ECG-ACYL-AMIDES-C4-C24-LIBRARY.mgf	0.848351	1917800	0	5.38161	9	0.00201416	374.269	1	temp/spectra_filtered.mgf83934	1	ESI	Orbitrap	Commercial	Dorrestein	Ipsita	374.267	351.277	1			O=C(NC(C(O)=O)C)CCCCCCCC=CCC=CCCCCC	"InChI=1S/C21H37NO3/c1-3-4-5-6-7-8-9-10-11-12-13-14-15-16-17-18-20(23)22-19(2)21(24)25/h7-8,10-11,19H,3-6,9,12-18H2,1-2H3,(H,22,23)(H,24,25)"		1	Positive	ECG-ACYL-AMIDES-C4-C24-LIBRARY	374.267	UPDATE-SINGLE-ANNOTATED-GOLD	Gold		C21H37NO3	GODYQXVZARYDST-UHFFFAOYSA-N	GODYQXVZARYDST	Organic acids and derivatives	Carboxylic acids and derivatives	"Amino acids, peptides, and analogues"	Fatty amides	N-acyl amines	Fatty acids	mzspec:GNPS:GNPS-LIBRARY:CCMSLIB00011436092
M+NH4	Parthenolide [M+NH4]+	CCMSLIB00008851482	50960	spectra_filtered.mgf	GNPS-LIBRARY.mgf	0.833293	31130000	0	0.343957	10	9.16E-05	266.175	1	temp/spectra_filtered.mgf50960	1	LC-ESI	Orbitrap	Commercial	Daniel Petras	Stilianos Papadopoulos Lambidis	266.175	0	1	 	 	CC1=CCCC2(C(O2)C3C(CC1)C(=C)C(=O)O3)C	"InChI=1S/C15H20O3/c1-9-5-4-8-15(3)13(18-15)12-11(7-6-9)10(2)14(16)17-12/h5,11-13H,2,4,6-8H2,1,3H3"	 	3	Positive	GNPS-LIBRARY	266.175	UPDATE-SINGLE-ANNOTATED-BRONZE	Bronze		C15H20O3	KTEXNACQROZXEV-UHFFFAOYSA-N	KTEXNACQROZXEV	Lipids and lipid-like molecules	Prenol lipids	Terpene lactones	Sesquiterpenoids	Germacrane sesquiterpenoids	Terpenoids	mzspec:GNPS:GNPS-LIBRARY:CCMSLIB00008851482
M+NH4	Spectral Match to Cholic acid from NIST14	CCMSLIB00003139133	61828	spectra_filtered.mgf	GNPS-NIST14-MATCHES.mgf	0.973725	234917000	0	1.64642	20	0.000701904	426.321	1	temp/spectra_filtered.mgf61828	1	ESI	QqQ	Isolated	Data from Pieter Dorrestein	Data deposited by daniel	426.322	0	1	81254					3	Positive	GNPS-NIST14-MATCHES	426.322	UPDATE-SINGLE-ANNOTATED-BRONZE	Bronze											mzspec:GNPS:GNPS-LIBRARY:CCMSLIB00003139133
M+NH4	TAUROURSODEOXYCHOLIC ACID	CCMSLIB00006680044	59392	spectra_filtered.mgf	MONA.mgf	0.94397	120881000	0	0.235962	25	0.00012207	517.331	1	temp/spectra_filtered.mgf59392	1	ESI	Orbitrap	isolated	MoNA	MoNA:MoNA038724	517.331	0	1			C[C@H](CC/C(=N/CCS(=O)(=O)O)/O)[C@H]1CC[C@H]2[C@H]3[C@H](CC[C@]12C)[C@@]4(C)CC[C@H](C[C@H]4C[C@@H]3O)O	"""InChI=1S/C26H45NO6S/c1-16(4-7-23(30)27-12-13-34(31,32)33)19-5-6-20-24-21(9-11-26(19,20)3)25(2)10-8-18(28)14-17(25)15-22(24)29/h16-22,24,28-29H,4-15H2,1-3H3,(H,27,30)(H,31,32,33)/t16-,17+,18-,19-,20+,21+,22+,24+,25+,26-/m1/s1"""		3	positive	MONA	517.331	UPDATE-SINGLE-ANNOTATED-BRONZE	Bronze		C26H45NO6S	BHTRKEVKTKCXOH-LBSADWJPSA-N	BHTRKEVKTKCXOH	Lipids and lipid-like molecules	Steroids and steroid derivatives	"Bile acids, alcohols and derivatives"	Steroids	Cholane steroids|Cholestane steroids	Terpenoids	mzspec:GNPS:GNPS-LIBRARY:CCMSLIB00006680044
M+NH4	TAUROCHOLIC ACID	CCMSLIB00006680127	49467	spectra_filtered.mgf	MONA.mgf	0.945955	89796000	0	0.91554	22	0.000488281	533.326	1	temp/spectra_filtered.mgf49467	1	ESI	Orbitrap	isolated	MoNA	MoNA:MoNA038726	533.326	0	1			C[C@H](CC/C(=N/CCS(=O)(=O)O)/O)[C@H]1CC[C@H]2[C@H]3[C@H](C[C@@H]([C@]12C)O)[C@@]4(C)CC[C@H](C[C@H]4C[C@H]3O)O	"""InChI=1S/C26H45NO7S/c1-15(4-7-23(31)27-10-11-35(32,33)34)18-5-6-19-24-20(14-22(30)26(18,19)3)25(2)9-8-17(28)12-16(25)13-21(24)29/h15-22,24,28-30H,4-14H2,1-3H3,(H,27,31)(H,32,33,34)/t15-,16+,17-,18-,19+,20+,21-,22+,24+,25+,26-/m1/s1"""		3	positive	MONA	533.326	UPDATE-SINGLE-ANNOTATED-BRONZE	Bronze		C26H45NO7S	WBWWGRHZICKQGZ-HZAMXZRMSA-N	WBWWGRHZICKQGZ	Lipids and lipid-like molecules	Steroids and steroid derivatives	"Bile acids, alcohols and derivatives"	Steroids	Cholane steroids|Cholestane steroids	Terpenoids	mzspec:GNPS:GNPS-LIBRARY:CCMSLIB00006680127
M+NH4	MGDG (14:1/16:1)	CCMSLIB00006678248	96931	spectra_filtered.mgf	GNPS-LIBRARY.mgf	0.878102	169846000	0	5.87756	15	0.00421143	716.53	1	temp/spectra_filtered.mgf96931	1	LC-ESI	Orbitrap	Other	S Ding	Su Ding	716.526	716.552	1						3	Positive	GNPS-LIBRARY	716.526	UPDATE-SINGLE-ANNOTATED-BRONZE	Bronze											mzspec:GNPS:GNPS-LIBRARY:CCMSLIB00006678248
M+NH4	MGDG (14:0/16:1)	CCMSLIB00006678247	92024	spectra_filtered.mgf	GNPS-LIBRARY.mgf	0.886828	273106000	0	8.49433	15	0.00610352	718.546	1	temp/spectra_filtered.mgf92024	1	LC-ESI	Orbitrap	Other	S Ding	Su Ding	718.54	718.546	1						3	Positive	GNPS-LIBRARY	718.54	UPDATE-SINGLE-ANNOTATED-BRONZE	Bronze											mzspec:GNPS:GNPS-LIBRARY:CCMSLIB00006678247
M+NH4	MGDG (14:0/18:4)	CCMSLIB00006678246	96005	spectra_filtered.mgf	GNPS-LIBRARY.mgf	0.868338	13972400	0	6.92339	15	0.00512695	740.531	1	temp/spectra_filtered.mgf96005	1	LC-ESI	Orbitrap	Other	S Ding	Su Ding	740.526	740.582	1						3	Positive	GNPS-LIBRARY	740.526	UPDATE-SINGLE-ANNOTATED-BRONZE	Bronze											mzspec:GNPS:GNPS-LIBRARY:CCMSLIB00006678246
M+NH4	MGDG (14:0/18:3)	CCMSLIB00006678245	97416	spectra_filtered.mgf	GNPS-LIBRARY.mgf	0.897824	13468000	0	9.61714	19	0.00714111	742.547	1	temp/spectra_filtered.mgf97416	1	LC-ESI	Orbitrap	Other	S Ding	Su Ding	742.54	0	1						3	Positive	GNPS-LIBRARY	742.54	UPDATE-SINGLE-ANNOTATED-BRONZE	Bronze											mzspec:GNPS:GNPS-LIBRARY:CCMSLIB00006678245
M+NH4	MGDG(16:4/18:3); [M+NH4]+ C43H72N1O10	CCMSLIB00010057863	93712	spectra_filtered.mgf	PNNL-LIPIDS-POSITIVE.mgf	0.703577	79649000	0	1.4408	8	0.00109863	762.515	1	temp/spectra_filtered.mgf93712	1	LC-ESI	HCD; Velos	Commercial	Thomas Metz	Thomas Metz	762.516	0	1						1	Positive	PNNL-LIPIDS-POSITIVE	762.516	UPDATE-SINGLE-ANNOTATED-GOLD	Gold											mzspec:GNPS:GNPS-LIBRARY:CCMSLIB00010057863
M+NH4	MGDG (18:4/18:5)	CCMSLIB00006678250	93500	spectra_filtered.mgf	GNPS-LIBRARY.mgf	0.831187	107664000	0	0.776021	19	0.000610352	786.515	1	temp/spectra_filtered.mgf93500	1	LC-ESI	Orbitrap	Other	S Ding	Su Ding	786.514	0	1						3	Positive	GNPS-LIBRARY	786.514	UPDATE-SINGLE-ANNOTATED-BRONZE	Bronze											mzspec:GNPS:GNPS-LIBRARY:CCMSLIB00006678250
M-2(H2O)+H	glycocholic acid	CCMSLIB00005435515	46829	spectra_filtered.mgf	BILELIB19.mgf	0.96249	166008000	0	0.212767	23	9.16E-05	430.295	1	temp/spectra_filtered.mgf46829	1	ESI	Orbitrap	commercial	Dorrestein	A. Jarmusch	430.295	465.309	1	475-31-0		C[C@H](CCC(=O)NCC(=O)O)[C@H]1CC[C@@H]2[C@@]1([C@H](C[C@H]3[C@H]2[C@@H](C[C@H]4[C@@]3(CC[C@H](C4)O)C)O)O)C	"1S/C26H43NO6/c1-14(4-7-22(31)27-13-23(32)33)17-5-6-18-24-19(12-21(30)26(17,18)3)25(2)9-8-16(28)10-15(25)11-20(24)29/h14-21,24,28-30H,4-13H2,1-3H3,(H,27,31)(H,32,33)/t14?,15-,16+,17+,18-,19-,20+,21-,24-,25?,26?/m0/s1"		1	Positive	BILELIB19	430.295	UPDATE-SINGLE-ANNOTATED-GOLD	Gold		C26H43NO6	RFDAIACWWDREDC-FRVQLJSFSA-N	RFDAIACWWDREDC	Lipids and lipid-like molecules	Steroids and steroid derivatives	"Bile acids, alcohols and derivatives"	Steroids	Cholane steroids	Terpenoids	mzspec:GNPS:GNPS-LIBRARY:CCMSLIB00005435515
M-2H2O+H	taurocholic acid	CCMSLIB00005435563	56809	spectra_filtered.mgf	BILELIB19.mgf	0.881553	5322700	0	3.11353	19	0.00149536	480.277	1	temp/spectra_filtered.mgf56809	1	ESI	Orbitrap	commercial	Dorrestein	A. Jarmusch	480.279	515.292	1	?81-24-3		C[C@H](CCC(=O)NCCS(=O)(=O)O)[C@H]1CC[C@@H]2[C@@]1([C@H](C[C@H]3[C@H]2[C@@H](C[C@H]4[C@@]3(CC[C@H](C4)O)C)O)O)C	"1S/C26H45NO7S/c1-15(4-7-23(31)27-10-11-35(32,33)34)18-5-6-19-24-20(14-22(30)26(18,19)3)25(2)9-8-17(28)12-16(25)13-21(24)29/h15-22,24,28-30H,4-14H2,1-3H3,(H,27,31)(H,32,33,34)/t15?,16-,17+,18+,19-,20-,21+,22-,24-,25?,26?/m0/s1"		1	Positive	BILELIB19	480.279	UPDATE-SINGLE-ANNOTATED-GOLD	Gold		C26H45NO7S	WBWWGRHZICKQGZ-HZAMXZRMSA-N	WBWWGRHZICKQGZ	Lipids and lipid-like molecules	Steroids and steroid derivatives	"Bile acids, alcohols and derivatives"	Steroids	Cholane steroids	Terpenoids	mzspec:GNPS:GNPS-LIBRARY:CCMSLIB00005435563
M-3H2O+H	taurocholic acid	CCMSLIB00005435564	57054	spectra_filtered.mgf	BILELIB19.mgf	0.954532	9352000	0	2.37662	22	0.00109863	462.267	1	temp/spectra_filtered.mgf57054	1	ESI	Orbitrap	commercial	Dorrestein	A. Jarmusch	462.266	515.292	1	?81-24-3		C[C@H](CCC(=O)NCCS(=O)(=O)O)[C@H]1CC[C@@H]2[C@@]1([C@H](C[C@H]3[C@H]2[C@@H](C[C@H]4[C@@]3(CC[C@H](C4)O)C)O)O)C	"1S/C26H45NO7S/c1-15(4-7-23(31)27-10-11-35(32,33)34)18-5-6-19-24-20(14-22(30)26(18,19)3)25(2)9-8-17(28)12-16(25)13-21(24)29/h15-22,24,28-30H,4-14H2,1-3H3,(H,27,31)(H,32,33,34)/t15?,16-,17+,18+,19-,20-,21+,22-,24-,25?,26?/m0/s1"		1	Positive	BILELIB19	462.266	UPDATE-SINGLE-ANNOTATED-GOLD	Gold		C26H45NO7S	WBWWGRHZICKQGZ-HZAMXZRMSA-N	WBWWGRHZICKQGZ	Lipids and lipid-like molecules	Steroids and steroid derivatives	"Bile acids, alcohols and derivatives"	Steroids	Cholane steroids	Terpenoids	mzspec:GNPS:GNPS-LIBRARY:CCMSLIB00005435564
M-H2O+H	GLYCOCHENODEOXYCHOLATE	CCMSLIB00005464545	62771	spectra_filtered.mgf	GNPS-MSMLS.mgf	0.910125	2248400	0	2.11776	15	0.000915527	432.311	1	temp/spectra_filtered.mgf62771	1	ESI	Orbitrap	Commercial	Dorrestein	Kelly Weldon	432.31	449.314	1	16564-43-5		CC(CCC(=O)NCC(=O)O)C1CCC2C1(CCC3C2C(CC4C3(CCC(C4)O)C)O)C	"""InChI=1S/C26H43NO5/c1-15(4-7-22(30)27-14-23(31)32)18-5-6-19-24-20(9-11-26(18,19)3)25(2)10-8-17(28)12-16(25)13-21(24)29/h15-21,24,28-29H,4-14H2,1-3H3,(H,27,30)(H,31,32)"""		1	Positive	GNPS-MSMLS	432.31	UPDATE-SINGLE-ANNOTATED-GOLD	Gold		C26H43NO5	GHCZAUBVMUEKKP-UHFFFAOYSA-N	GHCZAUBVMUEKKP	Lipids and lipid-like molecules	Steroids and steroid derivatives	"Bile acids, alcohols and derivatives"	Steroids	Cholane steroids	Terpenoids	mzspec:GNPS:GNPS-LIBRARY:CCMSLIB00005464545
M-H2O+H	glycocholic acid	CCMSLIB00005435514	84460	spectra_filtered.mgf	BILELIB19.mgf	0.968162	34804700	0	1.97412	22	0.00088501	448.305	1	temp/spectra_filtered.mgf84460	1	ESI	Orbitrap	commercial	Dorrestein	A. Jarmusch	448.306	465.309	1	475-31-0		C[C@H](CCC(=O)NCC(=O)O)[C@H]1CC[C@@H]2[C@@]1([C@H](C[C@H]3[C@H]2[C@@H](C[C@H]4[C@@]3(CC[C@H](C4)O)C)O)O)C	"1S/C26H43NO6/c1-14(4-7-22(31)27-13-23(32)33)17-5-6-18-24-19(12-21(30)26(17,18)3)25(2)9-8-16(28)10-15(25)11-20(24)29/h14-21,24,28-30H,4-13H2,1-3H3,(H,27,31)(H,32,33)/t14?,15-,16+,17+,18-,19-,20+,21-,24-,25?,26?/m0/s1"		1	Positive	BILELIB19	448.306	UPDATE-SINGLE-ANNOTATED-GOLD	Gold		C26H43NO6	RFDAIACWWDREDC-FRVQLJSFSA-N	RFDAIACWWDREDC	Lipids and lipid-like molecules	Steroids and steroid derivatives	"Bile acids, alcohols and derivatives"	Steroids	Cholane steroids	Terpenoids	mzspec:GNPS:GNPS-LIBRARY:CCMSLIB00005435514
M-H2O+H	glycocholic acid	CCMSLIB00005435514	57687	spectra_filtered.mgf	BILELIB19.mgf	0.970355	329490000	0	1.08917	21	0.000488281	448.306	1	temp/spectra_filtered.mgf57687	1	ESI	Orbitrap	commercial	Dorrestein	A. Jarmusch	448.306	465.309	1	475-31-0		C[C@H](CCC(=O)NCC(=O)O)[C@H]1CC[C@@H]2[C@@]1([C@H](C[C@H]3[C@H]2[C@@H](C[C@H]4[C@@]3(CC[C@H](C4)O)C)O)O)C	"1S/C26H43NO6/c1-14(4-7-22(31)27-13-23(32)33)17-5-6-18-24-19(12-21(30)26(17,18)3)25(2)9-8-16(28)10-15(25)11-20(24)29/h14-21,24,28-30H,4-13H2,1-3H3,(H,27,31)(H,32,33)/t14?,15-,16+,17+,18-,19-,20+,21-,24-,25?,26?/m0/s1"		1	Positive	BILELIB19	448.306	UPDATE-SINGLE-ANNOTATED-GOLD	Gold		C26H43NO6	RFDAIACWWDREDC-FRVQLJSFSA-N	RFDAIACWWDREDC	Lipids and lipid-like molecules	Steroids and steroid derivatives	"Bile acids, alcohols and derivatives"	Steroids	Cholane steroids	Terpenoids	mzspec:GNPS:GNPS-LIBRARY:CCMSLIB00005435514
M-H2O+H	Ala-CA	CCMSLIB00006582245	63314	spectra_filtered.mgf	BILELIB19.mgf	0.945792	12273000	0	1.91428	20	0.00088501	462.322	1	temp/spectra_filtered.mgf63314	1	ESI	Orbitrap	Crude	Dorrestein	Emily Gentry	462.321	479.325	1			C[C@H](CCC(N[C@H](C(O)=O)C)=O)[C@H]1CC[C@@]2([H])[C@]3([H])[C@H](O)C[C@]4([H])C[C@H](O)CC[C@]4(C)[C@H]3C[C@H](O)[C@@]21C	"InChI=1S/C27H45NO6/c1-14(5-8-23(32)28-15(2)25(33)34)18-6-7-19-24-20(13-22(31)27(18,19)4)26(3)10-9-17(29)11-16(26)12-21(24)30/h14-22,24,29-31H,5-13H2,1-4H3,(H,28,32)(H,33,34)/t14-,15?,16+,17-,18-,19+,20+,21-,22+,24+,26+,27-/m1/s1"		2	Positive	BILELIB19	462.321	UPDATE-SINGLE-ANNOTATED-SILVER	Silver		C27H45NO6	AZWGEBXBDOIOHW-OKVQJXITSA-N	AZWGEBXBDOIOHW	Lipids and lipid-like molecules	Steroids and steroid derivatives	"Bile acids, alcohols and derivatives"	Steroids	Cholane steroids	Terpenoids	mzspec:GNPS:GNPS-LIBRARY:CCMSLIB00006582245
M-H2O+H	Val-UDCA	CCMSLIB00006582524	63465	spectra_filtered.mgf	BILELIB19.mgf	0.952412	3519900	0	1.6727	17	0.000793457	474.358	1	temp/spectra_filtered.mgf63465	1	ESI	Orbitrap	Crude	Dorrestein	Emily Gentry	474.357	491.361	1			C[C@H](CCC(N[C@H](C(O)=O)C(C)C)=O)[C@H]1CC[C@@]2([H])[C@]3([H])[C@@H](O)C[C@]4([H])C[C@@H](CC[C@]4(C)[C@H]3CC[C@@]21C)O	"InChI=1S/C29H49NO5/c1-16(2)26(27(34)35)30-24(33)9-6-17(3)20-7-8-21-25-22(11-13-29(20,21)5)28(4)12-10-19(31)14-18(28)15-23(25)32/h16-23,25-26,31-32H,6-15H2,1-5H3,(H,30,33)(H,34,35)/t17-,18+,19-,20-,21+,22+,23+,25+,26?,28+,29-/m1/s1"		2	Positive	BILELIB19	474.357	UPDATE-SINGLE-ANNOTATED-SILVER	Silver		C29H49NO5	DWKUILAFNXKAFN-IWUXNVBNSA-N	DWKUILAFNXKAFN	Lipids and lipid-like molecules	Steroids and steroid derivatives	"Bile acids, alcohols and derivatives"	Steroids	Cholane steroids|Cholestane steroids	Terpenoids	mzspec:GNPS:GNPS-LIBRARY:CCMSLIB00006582524
M-H2O+H	tauroursodeoxycholic acid	CCMSLIB00005435594	61979	spectra_filtered.mgf	BILELIB19.mgf	0.913579	25217000	0	3.92311	17	0.00189209	482.295	1	temp/spectra_filtered.mgf61979	1	ESI	Orbitrap	commercial	Dorrestein	A. Jarmusch	482.293	499.297	1	35807-85-3		C[C@H](CCC(=O)NCCS(=O)(=O)O)[C@H]1CC[C@@H]2[C@@]1(CC[C@H]3[C@H]2[C@H](C[C@H]4[C@@]3(CC[C@H](C4)O)C)O)C	"1S/C26H45NO6S/c1-16(4-7-23(30)27-12-13-34(31,32)33)19-5-6-20-24-21(9-11-26(19,20)3)25(2)10-8-18(28)14-17(25)15-22(24)29/h16-22,24,28-29H,4-15H2,1-3H3,(H,27,30)(H,31,32,33)/t16-,17+,18-,19-,20+,21+,22+,24+,25+,26-/m1/s1"		1	Positive	BILELIB19	482.293	UPDATE-SINGLE-ANNOTATED-GOLD	Gold		C26H45NO6S	BHTRKEVKTKCXOH-LBSADWJPSA-N	BHTRKEVKTKCXOH	Lipids and lipid-like molecules	Steroids and steroid derivatives	"Bile acids, alcohols and derivatives"	Steroids	Cholane steroids	Terpenoids	mzspec:GNPS:GNPS-LIBRARY:CCMSLIB00005435594
M-H2O+H	taurocholic acid	CCMSLIB00005435562	56152	spectra_filtered.mgf	BILELIB19.mgf	0.948301	9884200	0	2.4498	22	0.0012207	498.288	1	temp/spectra_filtered.mgf56152	1	ESI	Orbitrap	commercial	Dorrestein	A. Jarmusch	498.287	515.292	1	?81-24-3		C[C@H](CCC(=O)NCCS(=O)(=O)O)[C@H]1CC[C@@H]2[C@@]1([C@H](C[C@H]3[C@H]2[C@@H](C[C@H]4[C@@]3(CC[C@H](C4)O)C)O)O)C	"1S/C26H45NO7S/c1-15(4-7-23(31)27-10-11-35(32,33)34)18-5-6-19-24-20(14-22(30)26(18,19)3)25(2)9-8-17(28)12-16(25)13-21(24)29/h15-22,24,28-30H,4-14H2,1-3H3,(H,27,31)(H,32,33,34)/t15?,16-,17+,18+,19-,20-,21+,22-,24-,25?,26?/m0/s1"		1	Positive	BILELIB19	498.287	UPDATE-SINGLE-ANNOTATED-GOLD	Gold		C26H45NO7S	WBWWGRHZICKQGZ-HZAMXZRMSA-N	WBWWGRHZICKQGZ	Lipids and lipid-like molecules	Steroids and steroid derivatives	"Bile acids, alcohols and derivatives"	Steroids	Cholane steroids	Terpenoids	mzspec:GNPS:GNPS-LIBRARY:CCMSLIB00005435562
	(.+/-.)-11-Hydroxy-.DELTA.9-tetrahydrocannabinol	NIST1381513	75584	spectra_filtered.mgf	library.mgf	0.728128	8786000	0	10.227	5	0.00338745	331.23	1	temp/spectra_filtered.mgf75584	1																														
	(.+/-.)7-epi-Jasmonic acid	NIST1298632	33400	spectra_filtered.mgf	library.mgf	0.716252	772300	0	46.6165	6	0.00900269	193.131	1	temp/spectra_filtered.mgf33400	1																														
	Asperglaucide	NIST3102621	72762	spectra_filtered.mgf	library.mgf	0.979968	205767000	0	0.616915	11	0.000274658	445.212	1	temp/spectra_filtered.mgf72762	1																														
	"(2E)-3,4,7-Trimethylocta-2,6-dien-1-ol"	NIST3407621	71545	spectra_filtered.mgf	library.mgf	0.973209	29520000	0	0.605715	6	9.16E-05	151.148	1	temp/spectra_filtered.mgf71545	1																														
	Dimethyl azelate	NIST1295707	65505	spectra_filtered.mgf	library.mgf	0.896374	341390000	0	0.494566	7	9.16E-05	185.117	1	temp/spectra_filtered.mgf65505	1																														
	Dimethyl azelate	NIST1295691	69351	spectra_filtered.mgf	library.mgf	0.950748	2015000000	0	0.421623	8	9.16E-05	217.143	1	temp/spectra_filtered.mgf69351	1																														
	Dipicolinic acid	NIST1198459	69159	spectra_filtered.mgf	library.mgf	0.807134	13310000	0	54.0094	4	0.00810242	150.027	1	temp/spectra_filtered.mgf69159	1																														
	Diprotin B	NIST1632579	9077	spectra_filtered.mgf	library.mgf	0.852675	91349400	0	0	8	0	328.223	1	temp/spectra_filtered.mgf9077	1																														
	Elemadienonic acid	NIST3322040	92869	spectra_filtered.mgf	library.mgf	0.717449	18923000	0	1.60493	10	0.000701904	437.342	1	temp/spectra_filtered.mgf92869	1																														
	Esculentic acid	NIST3168490	69678	spectra_filtered.mgf	library.mgf	0.872914	7639000	0	0.403906	18	0.000183105	453.336	1	temp/spectra_filtered.mgf69678	1																														
	Germine	NIST1925140	19334	spectra_filtered.mgf	library.mgf	0.702123	71949000	0	0.836477	4	0.000396729	474.285	1	temp/spectra_filtered.mgf19334	1																														
	"2,4-Dodecadienoic acid isobutylamide"	NIST3076823	51110	spectra_filtered.mgf	library.mgf	0.803406	231500000	0	0.544486	7	0.000106812	196.169	1	temp/spectra_filtered.mgf51110	1																														
	"2,4-Dodecadienoic acid isobutylamide"	NIST3076825	72780	spectra_filtered.mgf	library.mgf	0.753942	8445600	0	0.544486	5	0.000106812	196.169	1	temp/spectra_filtered.mgf72780	1																														
	Labdanolic acid	NIST1648862	78199	spectra_filtered.mgf	library.mgf	0.760933	9355000	0	0.397283	8	0.00012207	307.263	1	temp/spectra_filtered.mgf78199	1																														
	Menthone	NIST1522794	45867	spectra_filtered.mgf	library.mgf	0.987112	259800000	0	0.590118	7	9.16E-05	155.143	1	temp/spectra_filtered.mgf45867	1																														
	Oleic acid methyl ester	NIST1525702	90512	spectra_filtered.mgf	library.mgf	0.942799	174500000	0	0	14	0	297.279	1	temp/spectra_filtered.mgf90512	1																														
	Sorbicillin	NIST1822616	71809	spectra_filtered.mgf	library.mgf	0.879053	23040000	0	0.425615	5	9.16E-05	215.107	1	temp/spectra_filtered.mgf71809	1																														
	Sydonol	NIST3097581	62402	spectra_filtered.mgf	library.mgf	0.70047	31410000	0	0	5	0	217.159	1	temp/spectra_filtered.mgf62402	1																														
	Tagitinin C	NIST3072395	21048	spectra_filtered.mgf	library.mgf	0.76992	14400000	0	0	8	0	261.112	1	temp/spectra_filtered.mgf21048	1																														
	Tourneforin	NIST1820222	73882	spectra_filtered.mgf	library.mgf	0.923708	18700000	0	0	5	0	159.117	1	temp/spectra_filtered.mgf73882	1																														
	Tourneforin	NIST1820222	56285	spectra_filtered.mgf	library.mgf	0.91871	33230000	0	0.575381	5	9.16E-05	159.117	1	temp/spectra_filtered.mgf56285	1																														
	Azelaic acid	NIST1356431	12946	spectra_filtered.mgf	library.mgf	0.75145	1140000000	0	0	4	0	153.091	1	temp/spectra_filtered.mgf12946	1																														
	Azelaic acid	NIST1356432	89588	spectra_filtered.mgf	library.mgf	0.914396	6750000	0	0.598028	7	9.16E-05	153.091	1	temp/spectra_filtered.mgf89588	1																														
	(2E)-4-Hydroxynon-2-enoic acid	NIST3281469	59499	spectra_filtered.mgf	library.mgf	0.913009	286000000	0	0.688633	6	0.000106812	155.107	1	temp/spectra_filtered.mgf59499	1																														
	"5.alpha.-Pregnane-3.alpha.,11.beta.,21-triol-20-one"	NIST1283430	29604	spectra_filtered.mgf	library.mgf	0.95044	24700000	0	0	6	0	159.117	1	temp/spectra_filtered.mgf29604	1																														
	"Quinoline-2,8-diol"	NIST1604771	20333	spectra_filtered.mgf	library.mgf	0.966429	8878000	0	0.564949	4	9.16E-05	162.055	1	temp/spectra_filtered.mgf20333	1																														
	"Quinoline-2,8-diol"	NIST1604770	5461	spectra_filtered.mgf	library.mgf	0.970748	103500000	0	0	4	0	162.055	1	temp/spectra_filtered.mgf5461	1																														
	D-Psicose	NIST1070740	2691	spectra_filtered.mgf	library.mgf	0.785978	30900000	0	0.655044	5	0.000106812	163.06	1	temp/spectra_filtered.mgf2691	1																														
	.gamma.-Dodecalactone	NIST1566631	42408	spectra_filtered.mgf	library.mgf	0.898947	34400000	0	0	6	0	163.148	1	temp/spectra_filtered.mgf42408	1																														
	Ricinine	NIST1381271	9475	spectra_filtered.mgf	library.mgf	0.953209	112900000	0	0	5	0	165.066	1	temp/spectra_filtered.mgf9475	1																														
	N-Acetyl-D-galactosaminitol	NIST1350929	5277	spectra_filtered.mgf	library.mgf	0.918369	426000000	0	0	7	0	170.081	1	temp/spectra_filtered.mgf5277	1																														
	5.alpha.-Androstan-17.beta.-ol-3-one	NIST1281807	60403	spectra_filtered.mgf	library.mgf	0.974795	17520000	0	0	9	0	173.133	1	temp/spectra_filtered.mgf60403	1																														
	Nardosinon	NIST3337374	78722	spectra_filtered.mgf	library.mgf	0.915326	239690000	0	0	9	0	175.112	1	temp/spectra_filtered.mgf78722	1																														
	"Androstane-3,17-diol, (3.beta.,5.alpha.,17.beta.)-"	NIST1342649	87772	spectra_filtered.mgf	library.mgf	0.895846	85550000	0	0.522716	6	9.16E-05	175.148	1	temp/spectra_filtered.mgf87772	1																														
	"L-Glutamic acid, dimethyl ester"	NIST1255343	7603	spectra_filtered.mgf	library.mgf	0.972329	238800000	0	1.12648	6	0.000198364	176.092	1	temp/spectra_filtered.mgf7603	1																														
	Garcinoic acid	NIST3162475	18105	spectra_filtered.mgf	library.mgf	0.785037	89700000	0	0	6	0	177.091	1	temp/spectra_filtered.mgf18105	1																														
	Turmeronol A	NIST3068903	43763	spectra_filtered.mgf	library.mgf	0.730206	12800000	0	0	5	0	177.091	1	temp/spectra_filtered.mgf43763	1																														
	Sedanolide	NIST1276110	72624	spectra_filtered.mgf	library.mgf	0.749406	34400000	0	0	5	0	177.127	1	temp/spectra_filtered.mgf72624	1																														
	Tetradecanedioic acid	NIST1355886	49187	spectra_filtered.mgf	library.mgf	0.937765	8390000	0	0.602897	7	0.000106812	177.164	1	temp/spectra_filtered.mgf49187	1																														
	Loliolide	NIST3101101	16761	spectra_filtered.mgf	library.mgf	0.925074	77300000	0	0	6	0	179.107	1	temp/spectra_filtered.mgf16761	1																														
	"L-Phenylalanine, methyl ester"	NIST1774974	20149	spectra_filtered.mgf	library.mgf	0.990169	9149000000	0	0	6	0	180.102	1	temp/spectra_filtered.mgf20149	1																														
	"L-Phenylalanine, methyl ester"	NIST1774974	37328	spectra_filtered.mgf	library.mgf	0.989396	18080000	0	0.593062	6	0.000106812	180.102	1	temp/spectra_filtered.mgf37328	1																														
	Tuckolide	NIST1947309	16516	spectra_filtered.mgf	library.mgf	0.767998	114000000	0	0	5	0	181.086	1	temp/spectra_filtered.mgf16516	1																														
	Modiolide A	NIST3100321	45845	spectra_filtered.mgf	library.mgf	0.836416	149500000	0	0.505576	5	9.16E-05	181.086	1	temp/spectra_filtered.mgf45845	1																														
	.delta.-Dodecalactone	NIST1566681	47436	spectra_filtered.mgf	library.mgf	0.958382	1477700	0	0.589602	8	0.000106812	181.159	1	temp/spectra_filtered.mgf47436	1																														
	cis-Pinonic acid	NIST1463176	26750	spectra_filtered.mgf	library.mgf	0.708597	53700000	0	12.9412	6	0.00239563	185.115	1	temp/spectra_filtered.mgf26750	1																														
	cis-Pinonic acid	NIST1463175	21909	spectra_filtered.mgf	library.mgf	0.722249	108000000	0	0.494566	4	9.16E-05	185.117	1	temp/spectra_filtered.mgf21909	1																														
	7-Hydroxycostic acid	NIST1870769	62433	spectra_filtered.mgf	library.mgf	0.93328	6970000	0	0.489199	6	9.16E-05	187.148	1	temp/spectra_filtered.mgf62433	1																														
	Glycyl-L-norleucine	NIST1626568	5179	spectra_filtered.mgf	library.mgf	0.993341	103336000	0	0	5	0	189.123	1	temp/spectra_filtered.mgf5179	1																														
	5-Tetradecynoic acid	NIST3281120	61771	spectra_filtered.mgf	library.mgf	0.983331	6020000	0	0	9	0	189.164	1	temp/spectra_filtered.mgf61771	1																														
	Sclareolide	NIST1462184	85873	spectra_filtered.mgf	library.mgf	0.986917	413200000	0	0.478884	7	9.16E-05	191.179	1	temp/spectra_filtered.mgf85873	1																														
	Sclareolide	NIST1462185	66118	spectra_filtered.mgf	library.mgf	0.925952	1545000000	0	0	8	0	191.179	1	temp/spectra_filtered.mgf66118	1																														
	15.alpha.-Hydroxyculmorin	NIST3308795	85955	spectra_filtered.mgf	library.mgf	0.826047	73300000	0	0	7	0	193.159	1	temp/spectra_filtered.mgf85955	1																														
	Tetradecanedioic acid	NIST1355854	48886	spectra_filtered.mgf	library.mgf	0.951003	19700000	0	0	8	0	195.174	1	temp/spectra_filtered.mgf48886	1																														
	Loliolide	NIST3101081	18124	spectra_filtered.mgf	library.mgf	0.989345	4434000000	0	0.464458	8	9.16E-05	197.117	1	temp/spectra_filtered.mgf18124	1																														
	"DL-Tryptophan, methyl ester"	NIST1785159	13924	spectra_filtered.mgf	library.mgf	0.989688	231010000	0	0	6	0	202.086	1	temp/spectra_filtered.mgf13924	1																														
	Ala-Ile	NIST1640175	12005	spectra_filtered.mgf	library.mgf	0.983605	802110000	0	0	4	0	203.139	1	temp/spectra_filtered.mgf12005	1																														
	(-)-Caryophyllene oxide	NIST1310568	77230	spectra_filtered.mgf	library.mgf	0.998267	42800000	0	0.525701	8	0.000106812	203.18	1	temp/spectra_filtered.mgf77230	1																														
	"N,N'-Diacetylchitobiose"	NIST1550176	2846	spectra_filtered.mgf	library.mgf	0.993395	13616000	0	1.04673	8	0.000213623	204.087	1	temp/spectra_filtered.mgf2846	1																														
	3-Hydroxykynurenine	NIST1211794	13431	spectra_filtered.mgf	library.mgf	0.821648	106210000	0	1.46677	5	0.000305176	208.061	1	temp/spectra_filtered.mgf13431	1																														
	Cyclo(leucylprolyl)	NIST1807161	15396	spectra_filtered.mgf	library.mgf	0.967997	7929000	0	0.433603	10	9.16E-05	211.144	1	temp/spectra_filtered.mgf15396	1																														
	Cyclo(leucylprolyl)	NIST1807157	1407	spectra_filtered.mgf	library.mgf	0.890814	721000	0	0.433603	6	9.16E-05	211.144	1	temp/spectra_filtered.mgf1407	1																														
	Methyl .alpha.-D-mannopyranoside	NIST1461696	3772	spectra_filtered.mgf	library.mgf	0.926535	406600000	0	0	6	0	212.113	1	temp/spectra_filtered.mgf3772	1																														
	Sclareolide	NIST1462171	79286	spectra_filtered.mgf	library.mgf	0.982154	11330000	0	0	8	0	215.179	1	temp/spectra_filtered.mgf79286	1																														
	Ageratriol	NIST3165892	61181	spectra_filtered.mgf	library.mgf	0.808078	22960000	0	0.421594	8	9.16E-05	217.159	1	temp/spectra_filtered.mgf61181	1																														
	Ser-Leu	NIST1631961	4815	spectra_filtered.mgf	library.mgf	0.918699	102520000	0	0	7	0	219.134	1	temp/spectra_filtered.mgf4815	1																														
	16-Hydroxyhexadecanoic acid	NIST1421020	78103	spectra_filtered.mgf	library.mgf	0.73235	67100000	0	0	6	0	219.211	1	temp/spectra_filtered.mgf78103	1																														
	Cys-Val	NIST1631073	4798	spectra_filtered.mgf	library.mgf	0.739356	277810000	0	15.3902	6	0.00340271	221.092	1	temp/spectra_filtered.mgf4798	1																														
	Gly-Phe	NIST1639713	5606	spectra_filtered.mgf	library.mgf	0.97234	350200000	0	0.478744	6	0.000106812	223.108	1	temp/spectra_filtered.mgf5606	1																														
	5-Tetradecynoic acid	NIST3281080	81245	spectra_filtered.mgf	library.mgf	0.720503	19590000	0	0	6	0	225.185	1	temp/spectra_filtered.mgf81245	1																														
	5-Tetradecynoic acid	NIST3281078	60135	spectra_filtered.mgf	library.mgf	0.776156	5590000	0	0.406567	8	9.16E-05	225.185	1	temp/spectra_filtered.mgf60135	1																														
	PyroGlu-Val	NIST1790709	5402	spectra_filtered.mgf	library.mgf	0.8761	14546000	0	0.466185	7	0.000106812	229.118	1	temp/spectra_filtered.mgf5402	1																														
	Ambrosic acid	NIST3167722	38946	spectra_filtered.mgf	library.mgf	0.740881	835000	0	10.0561	6	0.00230408	229.12	1	temp/spectra_filtered.mgf38946	1																														
	Ageratriol	NIST3165886	28027	spectra_filtered.mgf	library.mgf	0.760686	17060000	0	0.45419	9	0.000106812	235.169	1	temp/spectra_filtered.mgf28027	1																														
	Ala-Phe	NIST1639533	7165	spectra_filtered.mgf	library.mgf	0.977208	1558560000	0	0	6	0	237.123	1	temp/spectra_filtered.mgf7165	1																														
	Muscone	NIST1288372	87878	spectra_filtered.mgf	library.mgf	0.944302	20420900	0	1.21184	10	0.000289917	239.237	1	temp/spectra_filtered.mgf87878	1																														
	17-Octadecynoic acid	NIST1625087	89952	spectra_filtered.mgf	library.mgf	0.992227	5845000	0	7.34235	12	0.00180054	245.225	1	temp/spectra_filtered.mgf89952	1																														
	"(5E,9E)-Farnesylacetone"	NIST1687752	80828	spectra_filtered.mgf	library.mgf	0.890031	52480000	0	0.37334	11	9.16E-05	245.226	1	temp/spectra_filtered.mgf80828	1																														
	Asn-Leu	NIST1639930	4830	spectra_filtered.mgf	library.mgf	0.957456	75636200	0	0.433938	10	0.000106812	246.145	1	temp/spectra_filtered.mgf4830	1																														
	Met-Pro	NIST1642129	3783	spectra_filtered.mgf	library.mgf	0.823229	41600000	0	0	4	0	247.111	1	temp/spectra_filtered.mgf3783	1																														
	trans-Vaccenic acid	NIST1625150	87228	spectra_filtered.mgf	library.mgf	0.857985	21860000	0	0	12	0	247.242	1	temp/spectra_filtered.mgf87228	1																														
	Val-Met	NIST1642365	5114	spectra_filtered.mgf	library.mgf	0.903052	30084000	0	0.857488	6	0.000213623	249.127	1	temp/spectra_filtered.mgf5114	1																														
	Sclareolide	NIST1462134	78852	spectra_filtered.mgf	library.mgf	0.748038	520700000	0	0.425204	6	0.000106812	251.201	1	temp/spectra_filtered.mgf78852	1																														
	Ser-Phe	NIST1640054	6647	spectra_filtered.mgf	library.mgf	0.837447	188380000	0	0	8	0	253.118	1	temp/spectra_filtered.mgf6647	1																														
	"7-Hydroxy-8,11,13-abietatrien-19-oic acid"	NIST3361982	84924	spectra_filtered.mgf	library.mgf	0.968427	16440000	0	1.2053	12	0.000305176	253.195	1	temp/spectra_filtered.mgf84924	1																														
	Grandiflorenic acid	NIST1648945	83244	spectra_filtered.mgf	library.mgf	0.783018	61600000	0	0.777257	8	0.000198364	255.21	1	temp/spectra_filtered.mgf83244	1																														
	Glycerophosphocholine	NIST1264812	2728	spectra_filtered.mgf	library.mgf	0.985443	241020000	0	0.354704	7	9.16E-05	258.11	1	temp/spectra_filtered.mgf2728	1																														
	L-Leucyl-L-leucine methyl ester	NIST1617239	27329	spectra_filtered.mgf	library.mgf	0.997878	5350130000	0	0	4	0	259.202	1	temp/spectra_filtered.mgf27329	1																														
	L-Leucyl-L-leucine methyl ester	NIST1617240	10345	spectra_filtered.mgf	library.mgf	0.998382	7142940000	0	0.353211	4	9.16E-05	259.202	1	temp/spectra_filtered.mgf10345	1																														
	Gln-Leu	NIST1640003	6848	spectra_filtered.mgf	library.mgf	0.891714	451800000	0	0.703817	9	0.000183105	260.16	1	temp/spectra_filtered.mgf6848	1																														
	Hexanoyl-L-carnitine	NIST1474670	21488	spectra_filtered.mgf	library.mgf	0.989706	118765000	0	0	7	0	260.186	1	temp/spectra_filtered.mgf21488	1																														
	N-L-.gamma.-Glutamyl-L-leucine	NIST1685773	6428	spectra_filtered.mgf	library.mgf	0.99323	41912000	0	0.350583	11	9.16E-05	261.144	1	temp/spectra_filtered.mgf6428	1																														
	Valylphenylalanine	NIST3158871	16002	spectra_filtered.mgf	library.mgf	0.875196	550710000	0	0	5	0	265.155	1	temp/spectra_filtered.mgf16002	1																														
	Cedronellone	NIST3238053	76363	spectra_filtered.mgf	library.mgf	0.716465	8190000	0	0	8	0	265.195	1	temp/spectra_filtered.mgf76363	1																														
	cis-Vaccenic acid	NIST1625189	89532	spectra_filtered.mgf	library.mgf	0.996802	230190000	0	0	15	0	265.253	1	temp/spectra_filtered.mgf89532	1																														
	Domoic acid	NIST1452495	21987	spectra_filtered.mgf	library.mgf	0.846419	114600000	0	0	11	0	266.139	1	temp/spectra_filtered.mgf21987	1																														
	Thr-Phe	NIST1640079	7464	spectra_filtered.mgf	library.mgf	0.784978	218025000	0	0.342722	6	9.16E-05	267.134	1	temp/spectra_filtered.mgf7464	1																														
	Linearol	NIST3237962	83110	spectra_filtered.mgf	library.mgf	0.883729	48380000	0	0	12	0	267.211	1	temp/spectra_filtered.mgf83110	1																														
	Aleuritic acid	NIST1472477	77817	spectra_filtered.mgf	library.mgf	0.78586	36400000	0	0.453437	7	0.00012207	269.211	1	temp/spectra_filtered.mgf77817	1																														
	Ala-Trp	NIST1631026	6739	spectra_filtered.mgf	library.mgf	0.939558	88116000	0	0	9	0	276.134	1	temp/spectra_filtered.mgf6739	1																														
	"(9Z,12Z)-15-Hydroxyoctadeca-9,12-dienoic acid"	NIST3276517	81703	spectra_filtered.mgf	library.mgf	0.902248	22250000	0	0	12	0	279.232	1	temp/spectra_filtered.mgf81703	1																														
	Ambrosic acid	NIST3167736	41177	spectra_filtered.mgf	library.mgf	0.816096	1359600000	0	0.432613	8	0.00012207	282.17	1	temp/spectra_filtered.mgf41177	1																														
	cis-Vaccenic acid	NIST1625172	85869	spectra_filtered.mgf	library.mgf	0.931939	147767000	0	0.75415	13	0.000213623	283.263	1	temp/spectra_filtered.mgf85869	1																														
	Stearamide	NIST1266783	93775	spectra_filtered.mgf	library.mgf	0.979235	206380000	0	0.322035	12	9.16E-05	284.295	1	temp/spectra_filtered.mgf93775	1																														
	Kirenol	NIST1523627	64984	spectra_filtered.mgf	library.mgf	0.723789	5038000	0	0	12	0	285.221	1	temp/spectra_filtered.mgf64984	1																														
	2-Octenoylcarnitine		51445	spectra_filtered.mgf	240422-HRMS-MSMS-Library-AU-EML.mgf	0.91174	578960000	0	0.426519	5	0.00012207	286.201	1	temp/spectra_filtered.mgf51445	1																														
	Luteolin	NIST1068827	43125	spectra_filtered.mgf	library.mgf	0.73475	12170000	0	0	5	0	287.055	1	temp/spectra_filtered.mgf43125	1																														
	Aleuritic acid	NIST1472467	61945	spectra_filtered.mgf	library.mgf	0.738665	105045000	0	0.425004	10	0.00012207	287.222	1	temp/spectra_filtered.mgf61945	1																														
	Atractylenolide IV	NIST3002404	49679	spectra_filtered.mgf	library.mgf	0.70795	2167300	0	0.738813	4	0.000213623	289.143	1	temp/spectra_filtered.mgf49679	1																														
	Gln-Phe	NIST1639967	5283	spectra_filtered.mgf	library.mgf	0.94335	300160000	0	0	11	0	294.145	1	temp/spectra_filtered.mgf5283	1																														
	Lys-Phe	NIST1639801	5973	spectra_filtered.mgf	library.mgf	0.788979	93844000	0	1.03737	8	0.000305176	294.181	1	temp/spectra_filtered.mgf5973	1																														
	Met-Phe	NIST1639842	14570	spectra_filtered.mgf	library.mgf	0.860239	38810000	0	0.410836	8	0.00012207	297.127	1	temp/spectra_filtered.mgf14570	1																														
	"7-Hydroxy-8,11,13-abietatrien-19-oic acid"	NIST3361967	67904	spectra_filtered.mgf	library.mgf	0.886113	56680000	0	0.611982	13	0.000183105	299.2	1	temp/spectra_filtered.mgf67904	1																														
	D-erythro-N-stearoylsphingosine	NIST1363812	58620	spectra_filtered.mgf	library.mgf	0.923651	8418000	0	0.609763	5	0.000183105	300.29	1	temp/spectra_filtered.mgf58620	1																														
	His-Phe	NIST1639727	3736	spectra_filtered.mgf	library.mgf	0.820572	43600000	0	0.30201	8	9.16E-05	303.145	1	temp/spectra_filtered.mgf3736	1																														
	7.alpha.-Hydroxyandrostenedione	NIST1608925	59070	spectra_filtered.mgf	library.mgf	0.815997	4484000	0	0.301959	9	9.16E-05	303.195	1	temp/spectra_filtered.mgf59070	1																														
	Val-Trp	NIST1631759	17053	spectra_filtered.mgf	library.mgf	0.730581	61141900	0	0.300996	4	9.16E-05	304.165	1	temp/spectra_filtered.mgf17053	1																														
	"5-Androsten-3.beta.,16.alpha.-diol-17-one"	NIST1282167	72976	spectra_filtered.mgf	library.mgf	0.704545	170860000	0	0.599931	6	0.000183105	305.211	1	temp/spectra_filtered.mgf72976	1																														
	.omega.-3 Arachidonic acid	NIST1216093	63756	spectra_filtered.mgf	library.mgf	0.853167	5646000	0	0.29993	8	9.16E-05	305.247	1	temp/spectra_filtered.mgf63756	1																														
	Atractylenolide IV	NIST3002383	41243	spectra_filtered.mgf	library.mgf	0.707614	5858000	0	6.45814	5	0.00198364	307.152	1	temp/spectra_filtered.mgf41243	1																														
	Panglimycin C	NIST3004457	7779	spectra_filtered.mgf	library.mgf	0.700371	9724000	0	13.2417	4	0.00411987	311.124	1	temp/spectra_filtered.mgf7779	1																														
	Monopalmitolein (9c)	NIST1185812	58644	spectra_filtered.mgf	library.mgf	0.82664	138176000	0	0.588275	10	0.000183105	311.258	1	temp/spectra_filtered.mgf58644	1																														
	Phe-Phe	NIST1639661	24890	spectra_filtered.mgf	library.mgf	0.983225	879150000	0	0	7	0	313.155	1	temp/spectra_filtered.mgf24890	1																														
	"15-Hydroxy-7-oxoabieta-8,11,13-trien-18-oic acid"	NIST3015367	55742	spectra_filtered.mgf	library.mgf	0.80705	59120000	0	1.26678	11	0.000396729	313.179	1	temp/spectra_filtered.mgf55742	1																														
	"Methyl (5.xi.)-15-hydroxyabieta-8,11,13-trien-18-oate"	NIST1933985	76647	spectra_filtered.mgf	library.mgf	0.996333	44000000	0	0.876897	13	0.000274658	313.216	1	temp/spectra_filtered.mgf76647	1																														
	"7-Oxoabieta-8,11,13-trien-18-oic acid"	NIST3169622	55703	spectra_filtered.mgf	library.mgf	0.985361	455000000	0	0.290463	16	9.16E-05	315.195	1	temp/spectra_filtered.mgf55703	1																														
	13-Hydroxy-7-oxoabiet-8(14)-en-18-oic acid	NIST1814409	47632	spectra_filtered.mgf	library.mgf	0.914863	6196000	0	0	13	0	317.211	1	temp/spectra_filtered.mgf47632	1																														
	Eicosapentaenoic acid methyl ester	NIST1299229	90374	spectra_filtered.mgf	library.mgf	0.837046	27430000	0	0.288585	12	9.16E-05	317.248	1	temp/spectra_filtered.mgf90374	1																														
	Isosteviol	NIST1559809	81044	spectra_filtered.mgf	library.mgf	0.727115	88000000	0	0.669189	9	0.000213623	319.227	1	temp/spectra_filtered.mgf81044	1																														
	Monoerucin	NIST1646526	94979	spectra_filtered.mgf	library.mgf	0.949731	247100000	0	0.854794	15	0.000274658	321.315	1	temp/spectra_filtered.mgf94979	1																														
	Arg-Phe	NIST1640023	7074	spectra_filtered.mgf	library.mgf	0.804202	48970000	0	2.46272	11	0.000793457	322.187	1	temp/spectra_filtered.mgf7074	1																														
	Prostaglandin D1 alcohol	NIST1210736	64777	spectra_filtered.mgf	library.mgf	0.751176	20797800	0	0.377625	7	0.00012207	323.258	1	temp/spectra_filtered.mgf64777	1																														
	"N,N-Dimethylsphingosine"	NIST1393887	79255	spectra_filtered.mgf	library.mgf	0.897163	55148000	0	0.278851	7	9.16E-05	328.321	1	temp/spectra_filtered.mgf79255	1																														
	"3,4'-Dimethoxy-5,7,3'-trihydroxyflavone"	NIST1210302	57635	spectra_filtered.mgf	library.mgf	0.961971	45305000	0	0.921755	10	0.000305176	331.082	1	temp/spectra_filtered.mgf57635	1																														
	Gln-Trp	NIST1631582	11883	spectra_filtered.mgf	library.mgf	0.930676	100800000	0	0.274805	14	9.16E-05	333.156	1	temp/spectra_filtered.mgf11883	1																														
	Docosatrienoic acid	NIST1240166	91952	spectra_filtered.mgf	library.mgf	0.852267	18001000	0	0.273052	9	9.16E-05	335.294	1	temp/spectra_filtered.mgf91952	1																														
	Prostaglandin H1	NIST1140023	58268	spectra_filtered.mgf	library.mgf	0.700945	26140000	0	0	4	0	337.237	1	temp/spectra_filtered.mgf58268	1																														
	Erucamide	NIST1152869	98811	spectra_filtered.mgf	library.mgf	0.81201	880500000	0	0.270593	13	9.16E-05	338.342	1	temp/spectra_filtered.mgf98811	1																														
	Erucamide	NIST1152869	99087	spectra_filtered.mgf	library.mgf	0.805312	589400000	0	0.270593	13	9.16E-05	338.342	1	temp/spectra_filtered.mgf99087	1																														
	.alpha.-Hyodeoxycholic acid methyl ester	NIST1506803	77966	spectra_filtered.mgf	library.mgf	0.851888	296530000	0	1.11042	17	0.000396729	357.279	1	temp/spectra_filtered.mgf77966	1																														
	Isomaltose	NIST1564472	2088	spectra_filtered.mgf	library.mgf	0.962041	9054400	0	0.254207	9	9.16E-05	360.15	1	temp/spectra_filtered.mgf2088	1																														
	"17,20,21-Trihydroxypregn-1-ene-3,11-dione"	NIST1111724	49198	spectra_filtered.mgf	library.mgf	0.949289	16680000	0	1.09226	15	0.000396729	363.217	1	temp/spectra_filtered.mgf49198	1																														
	3.alpha.-Galactobiose	NIST1601226	1152	spectra_filtered.mgf	library.mgf	0.713729	9517000	0	0.752271	5	0.000274658	365.106	1	temp/spectra_filtered.mgf1152	1																														
	Prostaglandin A1 ethyl ester	NIST1214704	66048	spectra_filtered.mgf	library.mgf	0.714557	192500000	0	0	10	0	365.269	1	temp/spectra_filtered.mgf66048	1																														
	Cholic acid methyl ester	NIST1521127	77384	spectra_filtered.mgf	library.mgf	0.895711	13708000	0	1.32226	13	0.000488281	369.279	1	temp/spectra_filtered.mgf77384	1																														
	Methyl deoxycholate	NIST1692829	85778	spectra_filtered.mgf	library.mgf	0.890924	89940000	0	0.821924	18	0.000305176	371.295	1	temp/spectra_filtered.mgf85778	1																														
	Prostaglandin E2 ethanolamide	NIST1218464	79641	spectra_filtered.mgf	library.mgf	0.810633	42104000	0	0.726102	7	0.000274658	378.264	1	temp/spectra_filtered.mgf79641	1																														
	Cholic acid methyl ester	NIST1521107	79095	spectra_filtered.mgf	library.mgf	0.882634	74204400	0	1.02437	15	0.000396729	387.29	1	temp/spectra_filtered.mgf79095	1																														
	Arctigenin	NIST3320863	60534	spectra_filtered.mgf	library.mgf	0.935393	46590000	0	1.25139	15	0.000488281	390.191	1	temp/spectra_filtered.mgf60534	1																														
	1-Decanoyl-2-hydroxy-sn-glycero-3-phosphocholine	NIST1150864	57406	spectra_filtered.mgf	library.mgf	0.846365	17397600	0	0.444166	10	0.000183105	412.246	1	temp/spectra_filtered.mgf57406	1																														
	1-Myristoyl-2-hydroxy-sn-glycero-3-phosphoethanolamine	NIST1151493	72709	spectra_filtered.mgf	library.mgf	0.803669	26207700	0	0	7	0	426.262	1	temp/spectra_filtered.mgf72709	1																														
	1-Palmitoyl-2-hydroxy-sn-glycero-3-phospho-(1'-rac-glycerol)	NIST1281191	86028	spectra_filtered.mgf	library.mgf	0.873255	3733000	0	1.15477	11	0.000518799	449.267	1	temp/spectra_filtered.mgf86028	1																														
	Bacoside X	NIST1466203	86128	spectra_filtered.mgf	library.mgf	0.735886	23114000	0	1.13934	6	0.000518799	455.353	1	temp/spectra_filtered.mgf86128	1																														
	Flavine mononucleotide	NIST1171351	13983	spectra_filtered.mgf	library.mgf	0.943445	10249000	0	0	19	0	457.112	1	temp/spectra_filtered.mgf13983	1																														
	1-Palmitoyl-2-hydroxy-sn-glycero-3-phospho-(1'-rac-glycerol)	NIST1281177	97852	spectra_filtered.mgf	library.mgf	0.94764	28342400	0	0.180482	16	9.16E-05	507.269	1	temp/spectra_filtered.mgf97852	1																														
	Isoglobotriaose (iGb3)	NIST3482911	1185	spectra_filtered.mgf	library.mgf	0.747807	226700	0	0.694689	5	0.000366211	527.159	1	temp/spectra_filtered.mgf1185	1																														
	1-Palmitoyl-2-hydroxy-sn-glycero-3-phospho-(1'-rac-glycerol)	NIST1281167	97834	spectra_filtered.mgf	library.mgf	0.973054	29747700	0	0.691941	12	0.000366211	529.251	1	temp/spectra_filtered.mgf97834	1																														
	1-Palmitoyl-2-hydroxy-sn-glycero-3-phospho-(1'-rac-glycerol)	NIST1281169	88054	spectra_filtered.mgf	library.mgf	0.867876	17581400	0	0.576618	13	0.000305176	529.251	1	temp/spectra_filtered.mgf88054	1																														
	Pheophorbide a	NIST1415197	91594	spectra_filtered.mgf	library.mgf	0.935986	186621000	0	0.411513	10	0.000244141	593.276	1	temp/spectra_filtered.mgf91594	1																														
	Fucoxanthin	NIST1614246	97728	spectra_filtered.mgf	library.mgf	0.72885	204430000	0	0.285469	15	0.000183105	641.42	1	temp/spectra_filtered.mgf97728	1																														
	Fucoxanthin	NIST1614245	86633	spectra_filtered.mgf	library.mgf	0.75051	1016500000	0	0	20	0	641.42	1	temp/spectra_filtered.mgf86633	1																														
[M+H]+	"Massbank:EA008514 2,6-Dichlorobenzamide|2,6-bis(chloranyl)benzamide"	CCMSLIB00000206590	35117	spectra_filtered.mgf	MASSBANK.mgf	0.986593	11658000	0	1.04412	4	0.000198364	189.982	1	temp/spectra_filtered.mgf35117	1	ESI	LC-ESI-ITFT	Isolated	Putative Massbank Match	Massbank	189.982	0	1	2008-58-4		ClC1=C(C(N)=O)C(Cl)=CC=C1	"1S/C7H5Cl2NO/c8-4-2-1-3-5(9)6(4)7(10)11/h1-3H,(H2,10,11)"		3	Positive	MASSBANK	189.982	UPDATE-SINGLE-ANNOTATED-BRONZE	Bronze		C7H5Cl2NO	JHSPCUHPSIUQRB-UHFFFAOYSA-N	JHSPCUHPSIUQRB	Benzenoids	Benzene and substituted derivatives	Benzoic acids and derivatives			Alkaloids	mzspec:GNPS:GNPS-LIBRARY:CCMSLIB00000206590
[M+H]+	Carbendazim	CCMSLIB00012252341	10947	spectra_filtered.mgf	CMMC-REFRAME-POSITIVE-LIBRARY.mgf	0.975727	93470000	0	1.03273	4	0.000198364	192.077	1	temp/spectra_filtered.mgf10947	1	LC-ESI	Orbitrap	Commercial	Pieter C. Dorrestein	Nina Haoqi Zhao	192.077	191.069	1			COC(=O)Nc1nc2ccccc2[nH]1	"""InChI=1S/C9H9N3O2/c1-14-9(13)12-8-10-6-4-2-3-5-7(6)11-8/h2-5H,1H3,(H2,10,11,12,13)"""	TWFZGCMQGLPBSX-UHFFFAOYSA-N	1	Positive	PRIVATE-LIB	192.077	UPDATE-SINGLE-ANNOTATED-GOLD	Gold		C9H9N3O2	TWFZGCMQGLPBSX-UHFFFAOYSA-N	TWFZGCMQGLPBSX	Organoheterocyclic compounds	Benzimidazoles	2-benzimidazolylcarbamic acid esters	Anthranilic acid alkaloids	Phenazine alkaloids	Alkaloids	mzspec:GNPS:GNPS-LIBRARY:CCMSLIB00012252341
[M+H]+	"Massbank:EA028310 Irgarol-descyclopropyl|2-N-tert-butyl-6-methylsulfanyl-1,3,5-triazine-2,4-diamine"	CCMSLIB00000208045	36662	spectra_filtered.mgf	MASSBANK.mgf	0.987422	33720000	0	0.926451	4	0.000198364	214.112	1	temp/spectra_filtered.mgf36662	1	ESI	LC-ESI-ITFT	Isolated	Putative Massbank Match	Massbank	214.112	0	1			S(C)-c(nc(n1)N)nc1NC(C)(C)C	"1S/C8H15N5S/c1-8(2,3)13-6-10-5(9)11-7(12-6)14-4/h1-4H3,(H3,9,10,11,12,13)"		3	Positive	MASSBANK	214.112	UPDATE-SINGLE-ANNOTATED-BRONZE	Bronze		C8H15N5S	MWWBDLRPMWTLRX-UHFFFAOYSA-N	MWWBDLRPMWTLRX	Organoheterocyclic compounds	Triazines	"1,3,5-triazines"			Alkaloids	mzspec:GNPS:GNPS-LIBRARY:CCMSLIB00000208045
[M+H]+	"Massbank:EA026209 Simazine|6-chloranyl-N2,N4-diethyl-1,3,5-triazine-2,4-diamine"	CCMSLIB00000207884	44704	spectra_filtered.mgf	MASSBANK.mgf	0.991426	7859000	0	1.43463	6	0.000289917	202.085	1	temp/spectra_filtered.mgf44704	1	ESI	LC-ESI-ITFT	Isolated	Putative Massbank Match	Massbank	202.085	0	1	122-34-9		c1(nc(nc(n1)Cl)NCC)NCC	"1S/C7H12ClN5/c1-3-9-6-11-5(8)12-7(13-6)10-4-2/h3-4H2,1-2H3,(H2,9,10,11,12,13)"		3	Positive	MASSBANK	202.085	UPDATE-SINGLE-ANNOTATED-BRONZE	Bronze		C7H12ClN5	ODCWYMIRDDJXKW-UHFFFAOYSA-N	ODCWYMIRDDJXKW	Organoheterocyclic compounds	Triazines	"1,3,5-triazines"	Pseudoalkaloids	Purine alkaloids	Alkaloids	mzspec:GNPS:GNPS-LIBRARY:CCMSLIB00000207884
[M+H]+	"Massbank:EA028404 Terbutylazine|2-N-tert-butyl-6-chloro-4-N-ethyl-1,3,5-triazine-2,4-diamine"	CCMSLIB00000208053	66481	spectra_filtered.mgf	MASSBANK.mgf	0.989389	148435000	0	1.32618	7	0.000305176	230.117	1	temp/spectra_filtered.mgf66481	1	ESI	LC-ESI-ITFT	Isolated	Putative Massbank Match	Massbank	230.117	0	1	5915-41-3		c1(nc(nc(n1)Cl)NCC)NC(C)(C)C	"1S/C9H16ClN5/c1-5-11-7-12-6(10)13-8(14-7)15-9(2,3)4/h5H2,1-4H3,(H2,11,12,13,14,15)"		3	Positive	MASSBANK	230.117	UPDATE-SINGLE-ANNOTATED-BRONZE	Bronze		C9H16ClN5	FZXISNSWEXTPMF-UHFFFAOYSA-N	FZXISNSWEXTPMF	Organoheterocyclic compounds	Triazines	Aminotriazines	Pseudoalkaloids	Purine alkaloids	Alkaloids	mzspec:GNPS:GNPS-LIBRARY:CCMSLIB00000208053
[M+K]+	Azadirachtin_sus	CCMSLIB00004720489	94724	spectra_filtered.mgf	MONA.mgf	0.723876	1712800	0	5.78817	19	0.00439453	759.222	1	temp/spectra_filtered.mgf94724	1		ESI-QFT	isolated	MoNA	MoNA:VF-NPL-QEHF026908	759.226	0	1			C/C=C(\C)C(=O)O[C@H]1C[C@@H](OC(C)=O)[C@@]2(C(=O)OC)CO[C@H]3[C@@H](O)[C@@](C)([C@]45O[C@@]4(C)[C@H]4C[C@@H]5O[C@@H]5OC=C[C@@]54O)[C@@H]4[C@@](O)(C(=O)OC)OC[C@@]14[C@@H]32	"InChI=1S/C35H44O16/c1-8-15(2)24(38)49-18-12-19(48-16(3)36)32(26(39)43-6)13-46-21-22(32)31(18)14-47-34(42,27(40)44-7)25(31)29(4,23(21)37)35-20-11-17(30(35,5)51-35)33(41)9-10-45-28(33)50-20/h8-10,17-23,25,28,37,41-42H,11-14H2,1-7H3/b15-8+/t17-,18+,19-,20+,21-,22-,23-,25+,28+,29-,30+,31+,32+,33+,34+,35+/m1/s1"		3	positive	MONA	759.226	UPDATE-SINGLE-ANNOTATED-BRONZE	Bronze		C35H44O16	FTNJWQUOZFUQQJ-NDAWSKJSSA-N	FTNJWQUOZFUQQJ	Lipids and lipid-like molecules	Prenol lipids	Triterpenoids	Triterpenoids	Limonoids	Terpenoids	mzspec:GNPS:GNPS-LIBRARY:CCMSLIB00004720489
M+H	"Massbank:EQ364604 2-(Methylsulfanyl)-1,3-benzothiazole|2-(Methylthio)benzothiazole (2-Me-S-Benzothiazole)|2-Methylmercaptobenzothiazole"	CCMSLIB00005733873	73621	spectra_filtered.mgf	MASSBANK.mgf	0.872502	2791000	0	2.76657	5	0.00050354	182.01	1	temp/spectra_filtered.mgf73621	1	ESI	Hybrid FT	Isolated	Massbank	Massbank	182.009	0	1	615-22-5		CSC1=NC2=CC=CC=C2S1	"1S/C8H7NS2/c1-10-8-9-6-4-2-3-5-7(6)11-8/h2-5H,1H3"		3	Positive	MASSBANK	182.009	UPDATE-SINGLE-ANNOTATED-BRONZE	Bronze		C8H7NS2	UTBVIMLZIRIFFR-UHFFFAOYSA-N	UTBVIMLZIRIFFR				Anthranilic acid alkaloids	Phenazine alkaloids	Alkaloids	mzspec:GNPS:GNPS-LIBRARY:CCMSLIB00005733873
M+H	DEET	CCMSLIB00000579756	57256	spectra_filtered.mgf	CASMI.mgf	0.992049	8.67E+11	0	1.03241	6	0.000198364	192.138	1	temp/spectra_filtered.mgf57256	1	LC-ESI	Orbitrap	Commercial	CASMI	CASMI2016	192.138	0	1		4931	CCN(CC)C(=O)C1=CC(C)=CC=C1	"""InChI=1S/C12H17NO/c1-4-13(5-2)12(14)11-8-6-7-10(3)9-11/h6-9H,4-5H2,1-3H3"""		1	 Positive	CASMI	192.138	UPDATE-SINGLE-ANNOTATED-GOLD	Gold		C12H17NO	MMOXZBCLCQITDF-UHFFFAOYSA-N	MMOXZBCLCQITDF	Benzenoids	Benzene and substituted derivatives	Toluenes			Alkaloids	mzspec:GNPS:GNPS-LIBRARY:CCMSLIB00000579756
M+H	Icaridin	CCMSLIB00010140817	95445	spectra_filtered.mgf	MCE-DRUG.mgf	0.993513	851347000	0	0.861798	9	0.000198364	230.175	1	temp/spectra_filtered.mgf95445	1	ESI	Orbitrap	Crude	Tomas Pluskal	Corinna Brungs	230.175	229.168	1			CCC(C)OC(=O)N1CCCCC1CCO	"""InChI=1S/C12H23NO3/c1-3-10(2)16-12(15)13-8-5-4-6-11(13)7-9-14/h10-11,14H,3-9H2,1-2H3"""	QLHULAHOXSSASE-UHFFFAOYSA-N	3	Positive	MCE-DRUG	230.175	UPDATE-SINGLE-ANNOTATED-BRONZE	Bronze		C12H23NO3	QLHULAHOXSSASE-UHFFFAOYSA-N	QLHULAHOXSSASE	Organoheterocyclic compounds	Piperidines	Piperidinecarboxylic acids and derivatives	Lysine alkaloids	Piperidine alkaloids	Alkaloids	mzspec:GNPS:GNPS-LIBRARY:CCMSLIB00010140817
M+H	Pesticide4_Imazalil_C14H14Cl2N2O_Freshgard	CCMSLIB00001058451	51575	spectra_filtered.mgf	GNPS-COLLECTIONS-PESTICIDES-POSITIVE.mgf	0.979855	2842670000	0	1.02734	11	0.000305176	297.055	1	temp/spectra_filtered.mgf51575	1	LC-ESI	Q-Exactive Plus Orbitrap Res 70k	commercial	Dorrestein/Touboul	lfnothias	297.055	296.048	1	35554-44-0		C=CCOC(CN1C=CN=C1)C2=C(C=C(C=C2)Cl)Cl	"InChI=1S/C14H14Cl2N2O/c1-2-7-19-14(9-18-6-5-17-10-18)12-4-3-11(15)8-13(12)16/h2-6,8,10,14H,1,7,9H2"		1	positive	GNPS-COLLECTIONS-PESTICIDES-POSITIVE	297.055	UPDATE-SINGLE-ANNOTATED-GOLD	Gold		C14H14Cl2N2O	PZBPKYOVPCNPJY-UHFFFAOYSA-N	PZBPKYOVPCNPJY	Benzenoids	Benzene and substituted derivatives	Benzylethers	Histidine alkaloids	Imidazole alkaloids	Alkaloids	mzspec:GNPS:GNPS-LIBRARY:CCMSLIB00001058451
M+H	Imazamox	CCMSLIB00006126851	15588	spectra_filtered.mgf	GNPS-LIBRARY.mgf	0.973312	2243000	0	0	12	0	306.145	1	temp/spectra_filtered.mgf15588	1	LC-ESI	Orbitrap	Commercial	Kimberly Prather	Lucia Cancelada	306.145	0	1	 	 	CC(C)C1(C(=O)NC(=N1)C2=C(C=C(C=N2)COC)C(=O)O)C	"1S/C15H19N3O4/c1-8(2)15(3)14(21)17-12(18-15)11-10(13(19)20)5-9(6-16-11)7-22-4/h5-6,8H,7H2,1-4H3,(H,19,20)(H,17,18,21)"	 	3	Positive	GNPS-LIBRARY	306.145	UPDATE-SINGLE-ANNOTATED-BRONZE	Bronze		C15H19N3O4	NUPJIGQFXCQJBK-UHFFFAOYSA-N	NUPJIGQFXCQJBK	Organic acids and derivatives	Carboxylic acids and derivatives	"Amino acids, peptides, and analogues"	Nicotinic acid alkaloids	Pyridine alkaloids	Alkaloids	mzspec:GNPS:GNPS-LIBRARY:CCMSLIB00006126851
M+H	Imazapyr	CCMSLIB00005466089	19483	spectra_filtered.mgf	GNPS-LIBRARY.mgf	0.994126	221560000	0	1.86282	12	0.000488281	262.118	1	temp/spectra_filtered.mgf19483	1	LC-ESI	Orbitrap	Commercial	Daniel Petras	Daniel Petras	262.119	262.119	1	 	 	CC(C)C1(C(=O)NC(=N1)C2=C(C=CC=N2)C(=O)O)C	"InChI=1S/C13H15N3O3/c1-7(2)13(3)12(19)15-10(16-13)9-8(11(17)18)5-4-6-14-9/h4-7H,1-3H3,(H,17,18)(H,15,16,19)"	 	3	Positive	GNPS-LIBRARY	262.119	UPDATE-SINGLE-ANNOTATED-BRONZE	Bronze		C13H15N3O3	CLQMBPJKHLGMQK-UHFFFAOYSA-N	CLQMBPJKHLGMQK	Organic acids and derivatives	Carboxylic acids and derivatives	"Amino acids, peptides, and analogues"	Nicotinic acid alkaloids	Pyridine alkaloids	Alkaloids	mzspec:GNPS:GNPS-LIBRARY:CCMSLIB00005466089
M+H	Irgarol	CCMSLIB00005466086	57484	spectra_filtered.mgf	GNPS-LIBRARY.mgf	0.998381	237220000	0	0	8	0	254.143	1	temp/spectra_filtered.mgf57484	1	LC-ESI	Orbitrap	Commercial	Daniel Petras	Daniel Petras	254.143	254.143	1	 	 	CC(C)(C)NC1=NC(=NC(=N1)NC2CC2)SC	"InChI=1S/C11H19N5S/c1-11(2,3)16-9-13-8(12-7-5-6-7)14-10(15-9)17-4/h7H,5-6H2,1-4H3,(H2,12,13,14,15,16)"	 	3	Positive	GNPS-LIBRARY	254.143	UPDATE-SINGLE-ANNOTATED-BRONZE	Bronze		C11H19N5S	HDHLIWCXDDZUFH-UHFFFAOYSA-N	HDHLIWCXDDZUFH	Organoheterocyclic compounds	Triazines	"1,3,5-triazines"			Alkaloids	mzspec:GNPS:GNPS-LIBRARY:CCMSLIB00005466086
M+H	"Massbank:EQ323302 CGA62826 (2-[2,6-dimethylphenyl)-methoxyacetylamino]propionic acid|N-(2,6-Dimethylphenyl)-N-(methoxyacetyl)-L-alanine|(2S)-2-(N-(2-methoxyacetyl)-2,6-dimethylanilino)propanoic acid"	CCMSLIB00005732996	37809	spectra_filtered.mgf	MASSBANK.mgf	0.949351	142160000	0	0.458671	7	0.00012207	266.139	1	temp/spectra_filtered.mgf37809	1	ESI	Hybrid FT	Isolated	Massbank	Massbank	266.139	0	1			Cc1cccc(c1N([C@@H](C)C(=O)O)C(=O)COC)C	"1S/C14H19NO4/c1-9-6-5-7-10(2)13(9)15(11(3)14(17)18)12(16)8-19-4/h5-7,11H,8H2,1-4H3,(H,17,18)/t11-/m0/s1"		3	Positive	MASSBANK	266.139	UPDATE-SINGLE-ANNOTATED-BRONZE	Bronze		C14H19NO4	ZRIKZVLHMGYCIR-NSHDSACASA-N	ZRIKZVLHMGYCIR	Organic acids and derivatives	Carboxylic acids and derivatives	"Amino acids, peptides, and analogues"				mzspec:GNPS:GNPS-LIBRARY:CCMSLIB00005732996
M+H	"Massbank:LU134602 Propiconazole|1-[[2-(2,4-dichlorophenyl)-4-propyl-1,3-dioxolan-2-yl]methyl]-1,2,4-triazole"	CCMSLIB00005763195	73111	spectra_filtered.mgf	MASSBANK.mgf	0.97215	4245700	0	0.535276	12	0.000183105	342.077	1	temp/spectra_filtered.mgf73111	1	ESI	Hybrid FT	Isolated	Massbank	Massbank	342.077	0	1	60207-90-1		CCCC1COC(CN2C=NC=N2)(O1)C1=C(Cl)C=C(Cl)C=C1	"1S/C15H17Cl2N3O2/c1-2-3-12-7-21-15(22-12,8-20-10-18-9-19-20)13-5-4-11(16)6-14(13)17/h4-6,9-10,12H,2-3,7-8H2,1H3"		3	Positive	MASSBANK	342.077	UPDATE-SINGLE-ANNOTATED-BRONZE	Bronze		C15H17Cl2N3O2	STJLVHWMYQXCPB-UHFFFAOYSA-N	STJLVHWMYQXCPB	Benzenoids	Benzene and substituted derivatives	Halobenzenes			Alkaloids	mzspec:GNPS:GNPS-LIBRARY:CCMSLIB00005763195
M+H	Pesticide5_Thiabendazole_C10H7N3S_2-(4-Thiazoly)benzimidazole	CCMSLIB00001058728	15175	spectra_filtered.mgf	GNPS-COLLECTIONS-PESTICIDES-POSITIVE.mgf	0.988679	412810000	0	0.981792	6	0.000198364	202.043	1	temp/spectra_filtered.mgf15175	1	 	Q-Exactive Plus Orbitrap Res 70k	 	Dorrestein/Touboul	lfnothias	202.043	201.036	1	148-79-8		C1=CC=C2C(=C1)NC(=N2)C3=CSC=N3	"InChI=1S/C10H7N3S/c1-2-4-8-7(3-1)12-10(13-8)9-5-14-6-11-9/h1-6H,(H,12,13)"		1	positive	GNPS-COLLECTIONS-PESTICIDES-POSITIVE	202.043	UPDATE-SINGLE-ANNOTATED-GOLD	Gold		C10H7N3S	WJCNZQLZVWNLKY-UHFFFAOYSA-N	WJCNZQLZVWNLKY				Anthranilic acid alkaloids	Phenazine alkaloids	Alkaloids	mzspec:GNPS:GNPS-LIBRARY:CCMSLIB00001058728
M+H	Massbank:AU259602 Trifloxystrobin CGA 321113|ISZQNKFXNXQTTF-NACSPRHISA-N|(2E)-2-methoxyimino-2-[2-[[(E)-1-[3-(trifluoromethyl)phenyl]ethylideneamino]oxymethyl]phenyl]acetic acid	CCMSLIB00005775445	79578	spectra_filtered.mgf	MASSBANK.mgf	0.926568	14739700	0	1.00407	8	0.000396729	395.121	1	temp/spectra_filtered.mgf79578	1	ESI	qTof	Isolated	Massbank	Massbank	395.121	0	1			CO\N=C(\C(O)=O)C1=CC=CC=C1CO\N=C(/C)C1=CC=CC(=C1)C(F)(F)F	"1S/C19H17F3N2O4/c1-12(13-7-5-8-15(10-13)19(20,21)22)23-28-11-14-6-3-4-9-16(14)17(18(25)26)24-27-2/h3-10H,11H2,1-2H3,(H,25,26)/b23-12+,24-17+"		3	Positive	MASSBANK	395.121	UPDATE-SINGLE-ANNOTATED-BRONZE	Bronze		C19H17F3N2O4	ISZQNKFXNXQTTF-NACSPRHISA-N	ISZQNKFXNXQTTF	Benzenoids	Benzene and substituted derivatives	Trifluoromethylbenzenes	Flavonoids	Chalcones	Shikimates and Phenylpropanoids	mzspec:GNPS:GNPS-LIBRARY:CCMSLIB00005775445
	5-Hydroxythiabendazole	NIST1113582	12605	spectra_filtered.mgf	library.mgf	0.763515	2321000	0	1.39964	4	0.000305176	218.039	1	temp/spectra_filtered.mgf12605	1																														
	Atrazine	NIST1190902	47476	spectra_filtered.mgf	library.mgf	0.994472	36141000	0	0.423657	9	9.16E-05	216.101	1	temp/spectra_filtered.mgf47476	1																														
	DEET		98058	spectra_filtered.mgf	240422-HRMS-MSMS-Library-AU-EML.mgf	0.982431	3564430000	0	0.794156	4	0.000152588	192.138	1	temp/spectra_filtered.mgf98058	1																														
	DEET		14747	spectra_filtered.mgf	240422-HRMS-MSMS-Library-AU-EML.mgf	0.975514	248510000	0	0.794156	4	0.000152588	192.138	1	temp/spectra_filtered.mgf14747	1																														
	DEET		87036	spectra_filtered.mgf	240422-HRMS-MSMS-Library-AU-EML.mgf	0.992412	394150000	0	0.238247	5	4.58E-05	192.138	1	temp/spectra_filtered.mgf87036	1																														
	Icaridin	NIST1611605	12774	spectra_filtered.mgf	library.mgf	0.987804	30350000	0	0	6	0	174.113	1	temp/spectra_filtered.mgf12774	1																														
	Icaridin	NIST1611604	29106	spectra_filtered.mgf	library.mgf	0.994528	1113100000	0	0	7	0	174.113	1	temp/spectra_filtered.mgf29106	1																														
	Icaridin	NIST1611602	61416	spectra_filtered.mgf	library.mgf	0.927335	2538000000	0	0.525825	6	9.16E-05	174.113	1	temp/spectra_filtered.mgf61416	1																														
	Icaridin	NIST1611610	92154	spectra_filtered.mgf	library.mgf	0.917984	15009000	0	1.13929	4	0.000198364	174.113	1	temp/spectra_filtered.mgf92154	1																														
	icaridin		43531	spectra_filtered.mgf	240422-HRMS-MSMS-Library-AU-EML.mgf	0.912376	1988600000	0	0.265168	8	6.10E-05	230.175	1	temp/spectra_filtered.mgf43531	1																														
	Icaridin	NIST1611582	12050	spectra_filtered.mgf	library.mgf	0.911059	776500000	0	0	7	0	230.175	1	temp/spectra_filtered.mgf12050	1																														
	icaridin		30231	spectra_filtered.mgf	240422-HRMS-MSMS-Library-AU-EML.mgf	0.904818	65540000000	0	0.265168	9	6.10E-05	230.175	1	temp/spectra_filtered.mgf30231	1																														
	metalaxyl		46195	spectra_filtered.mgf	240422-HRMS-MSMS-Library-AU-EML.mgf	0.989342	251920000	0	0	9	0	280.155	1	temp/spectra_filtered.mgf46195	1																														
	Pyrimethanil	NIST1554124	47521	spectra_filtered.mgf	library.mgf	0.99176	255300000	0	0.457493	9	9.16E-05	200.118	1	temp/spectra_filtered.mgf47521	1																														
	Simeton	NIST1531667	23755	spectra_filtered.mgf	library.mgf	0.909846	1772000	0	1.00116	7	0.000198364	198.135	1	temp/spectra_filtered.mgf23755	1																														
	Trifloxystrobin	NIST1609863	32471	spectra_filtered.mgf	library.mgf	0.824518	150400000	0	1.40681	4	0.000289917	206.081	1	temp/spectra_filtered.mgf32471	1																														
200.2	Spectral Match to Lauric acid leelamide from NIST14	CCMSLIB00003134633	73880	spectra_filtered.mgf	GNPS-NIST14-MATCHES.mgf	0.868043	1175330000	0	0.533521	8	0.000106812	200.201	1	temp/spectra_filtered.mgf73880	1	ESI	IT/ion trap	Isolated	Data from Dr. Katherine R. Duncan	Data deposited by kduncan	200.201	0	1						3	Positive	GNPS-NIST14-MATCHES	200.201	UPDATE-SINGLE-ANNOTATED-BRONZE	Bronze											mzspec:GNPS:GNPS-LIBRARY:CCMSLIB00003134633
[2M+NH4]+	Batebulast	CCMSLIB00012249978	94445	spectra_filtered.mgf	CMMC-REFRAME-POSITIVE-LIBRARY.mgf	0.825521	12101200000	0	8.87965	5	0.00604248	680.48	1	temp/spectra_filtered.mgf94445	1	LC-ESI	Orbitrap	Commercial	Pieter C. Dorrestein	Nina Haoqi Zhao	680.486	331.226	1			CC(C)(C)c1ccc(OC(=O)C2CCC(CN=C(N)N)CC2)cc1	"""InChI=1S/C19H29N3O2/c1-19(2,3)15-8-10-16(11-9-15)24-17(23)14-6-4-13(5-7-14)12-22-18(20)21/h8-11,13-14H,4-7,12H2,1-3H3,(H4,20,21,22)"""	HXLJIJAWKVNQNT-UHFFFAOYSA-N	1	Positive	PRIVATE-LIB	680.486	UPDATE-SINGLE-ANNOTATED-GOLD	Gold		C19H29N3O2	HXLJIJAWKVNQNT-UHFFFAOYSA-N	HXLJIJAWKVNQNT							mzspec:GNPS:GNPS-LIBRARY:CCMSLIB00012249978
[2M+NH4]+	Batebulast	CCMSLIB00012249978	99167	spectra_filtered.mgf	CMMC-REFRAME-POSITIVE-LIBRARY.mgf	0.768248	1867700	0	7.98272	6	0.00543213	680.481	1	temp/spectra_filtered.mgf99167	1	LC-ESI	Orbitrap	Commercial	Pieter C. Dorrestein	Nina Haoqi Zhao	680.486	331.226	1			CC(C)(C)c1ccc(OC(=O)C2CCC(CN=C(N)N)CC2)cc1	"""InChI=1S/C19H29N3O2/c1-19(2,3)15-8-10-16(11-9-15)24-17(23)14-6-4-13(5-7-14)12-22-18(20)21/h8-11,13-14H,4-7,12H2,1-3H3,(H4,20,21,22)"""	HXLJIJAWKVNQNT-UHFFFAOYSA-N	1	Positive	PRIVATE-LIB	680.486	UPDATE-SINGLE-ANNOTATED-GOLD	Gold		C19H29N3O2	HXLJIJAWKVNQNT-UHFFFAOYSA-N	HXLJIJAWKVNQNT							mzspec:GNPS:GNPS-LIBRARY:CCMSLIB00012249978
[2M-2H2O+NH4]+	MORPHERIDINE	CCMSLIB00012255365	89894	spectra_filtered.mgf	CMMC-REFRAME-POSITIVE-LIBRARY.mgf	0.9098	71382000	0	2.62434	10	0.00177002	674.462	1	temp/spectra_filtered.mgf89894	1	LC-ESI	Orbitrap	Commercial	Pieter C. Dorrestein	Nina Haoqi Zhao	674.464	346.226	1			CCOC(=O)C1(c2ccccc2)CCN(CCN2CCOCC2)CC1	"""InChI=1S/C20H30N2O3/c1-2-25-19(23)20(18-6-4-3-5-7-18)8-10-21(11-9-20)12-13-22-14-16-24-17-15-22/h3-7H,2,8-17H2,1H3"""	JDEDMCKQPKGSAX-UHFFFAOYSA-N	1	Positive	PRIVATE-LIB	674.464	UPDATE-SINGLE-ANNOTATED-GOLD	Gold		C20H30N2O3	JDEDMCKQPKGSAX-UHFFFAOYSA-N	JDEDMCKQPKGSAX	Organoheterocyclic compounds	Piperidines	Phenylpiperidines			Alkaloids	mzspec:GNPS:GNPS-LIBRARY:CCMSLIB00012255365
[2M-H2O+2H]+2	630407-66-8	CCMSLIB00012270739	87894	spectra_filtered.mgf	CMMC-REFRAME-POSITIVE-LIBRARY.mgf	0.943602	939340000	0	2.83346	18	0.00131226	463.13	1	temp/spectra_filtered.mgf87894	1	LC-ESI	Orbitrap	Commercial	Pieter C. Dorrestein	Nina Haoqi Zhao	463.129	471.127	1			COc1c(S(=O)(=O)c2ccc(OCc3ccc(Cl)cc3)cc2)cc2CCN(C)CCc2c1	"""InChI=1S/C25H26ClNO4S/c1-27-13-11-19-15-24(30-2)25(16-20(19)12-14-27)32(28,29)23-9-7-22(8-10-23)31-17-18-3-5-21(26)6-4-18/h3-10,15-16H,11-14,17H2,1-2H3"""	HIBWHHQXUSKNOV-UHFFFAOYSA-N	1	Positive	PRIVATE-LIB	463.129	UPDATE-SINGLE-ANNOTATED-GOLD	Gold		C25H26ClNO4S	HIBWHHQXUSKNOV-UHFFFAOYSA-N	HIBWHHQXUSKNOV				Tyrosine alkaloids	Isoquinoline alkaloids	Alkaloids	mzspec:GNPS:GNPS-LIBRARY:CCMSLIB00012270739
[2M-H2O+2H]+2	Sofigatran	CCMSLIB00012267567	24206	spectra_filtered.mgf	CMMC-REFRAME-POSITIVE-LIBRARY.mgf	0.940087	40354000000	0	7.11186	4	0.00338745	476.307	1	temp/spectra_filtered.mgf24206	1	LC-ESI	Orbitrap	Commercial	Pieter C. Dorrestein	Nina Haoqi Zhao	476.31	484.308	1			CCCOC(=O)NC(C(=O)N1CCCC1C(=O)NCC1CCC(N)CC1)C(C)(C)SC(C)C	"""InChI=1S/C24H44N4O4S/c1-6-14-32-23(31)27-20(24(4,5)33-16(2)3)22(30)28-13-7-8-19(28)21(29)26-15-17-9-11-18(25)12-10-17/h16-20H,6-15,25H2,1-5H3,(H,26,29)(H,27,31)/t17?,18?,19-,20-/m0/s1"""	MNMZVSQUWOILCZ-GUMHCPJTSA-N	1	Positive	PRIVATE-LIB	476.31	UPDATE-SINGLE-ANNOTATED-GOLD	Gold		C24H44N4O4S	MNMZVSQUWOILCZ-UHFFFAOYSA-N	MNMZVSQUWOILCZ	Organic acids and derivatives	Carboxylic acids and derivatives	"Amino acids, peptides, and analogues"	Small peptides		Amino acids and Peptides	mzspec:GNPS:GNPS-LIBRARY:CCMSLIB00012267567
[2M-H2O+2H]+2	46971-49-7	CCMSLIB00012269228	98177	spectra_filtered.mgf	CMMC-REFRAME-POSITIVE-LIBRARY.mgf	0.989644	2076350000	0	10.1246	9	0.00250244	247.167	1	temp/spectra_filtered.mgf98177	1	LC-ESI	Orbitrap	Commercial	Pieter C. Dorrestein	Nina Haoqi Zhao	247.164	255.162	1			CC(=O)CCN1CCC2=C(C)c3ccccc3C2C1	"""InChI=1S/C17H21NO/c1-12(19)7-9-18-10-8-15-13(2)14-5-3-4-6-16(14)17(15)11-18/h3-6,17H,7-11H2,1-2H3"""	WBOBBFXICHVHHM-UHFFFAOYSA-N	1	Positive	PRIVATE-LIB	247.164	UPDATE-SINGLE-ANNOTATED-GOLD	Gold		C17H21NO	WBOBBFXICHVHHM-UHFFFAOYSA-N	WBOBBFXICHVHHM				Lysine alkaloids		Alkaloids	mzspec:GNPS:GNPS-LIBRARY:CCMSLIB00012269228
[2M-H2O+H]+	terguride	CCMSLIB00012259657	97205	spectra_filtered.mgf	CMMC-REFRAME-POSITIVE-LIBRARY.mgf	0.71393	132566000	0	2.20792	5	0.00146484	663.448	1	temp/spectra_filtered.mgf97205	1	LC-ESI	Orbitrap	Commercial	Pieter C. Dorrestein	Nina Haoqi Zhao	663.449	340.226	1			CCN(CC)C(=O)NC1CC2c3c4c(c[nH]c4ccc3)CC2N(C)C1	"""InChI=1S/C20H28N4O/c1-4-24(5-2)20(25)22-14-10-16-15-7-6-8-17-19(15)13(11-21-17)9-18(16)23(3)12-14/h6-8,11,14,16,18,21H,4-5,9-10,12H2,1-3H3,(H,22,25)/t14-,16+,18+/m0/s1"""	JOAHPSVPXZTVEP-YXJHDRRASA-N	1	Positive	PRIVATE-LIB	663.449	UPDATE-SINGLE-ANNOTATED-GOLD	Gold		C20H28N4O	JOAHPSVPXZTVEP-UHFFFAOYSA-N	JOAHPSVPXZTVEP	Organoheterocyclic compounds	Quinolines and derivatives	Indoloquinolines	Tryptophan alkaloids	Ergot alkaloids	Alkaloids	mzspec:GNPS:GNPS-LIBRARY:CCMSLIB00012259657
[2M-H2O+NH4]+	99207-33-7	CCMSLIB00012266600	93020	spectra_filtered.mgf	CMMC-REFRAME-POSITIVE-LIBRARY.mgf	0.845872	23456000000	0	5.24045	7	0.00201416	384.347	1	temp/spectra_filtered.mgf93020	1	LC-ESI	Orbitrap	Commercial	Pieter C. Dorrestein	Nina Haoqi Zhao	384.349	192.163	1			C=C=CCNCCCCNCC=C=C	"""InChI=1S/C12H20N2/c1-3-5-9-13-11-7-8-12-14-10-6-4-2/h5-6,13-14H,1-2,7-12H2"""	IKSQCMLJDHRWOA-UHFFFAOYSA-N	1	Positive	PRIVATE-LIB	384.349	UPDATE-SINGLE-ANNOTATED-GOLD	Gold		C12H20N2	IKSQCMLJDHRWOA-UHFFFAOYSA-N	IKSQCMLJDHRWOA				Ornithine alkaloids	Polyamines	Alkaloids	mzspec:GNPS:GNPS-LIBRARY:CCMSLIB00012266600
[2M-H2O+NH4]+	99207-33-7	CCMSLIB00012266600	98057	spectra_filtered.mgf	CMMC-REFRAME-POSITIVE-LIBRARY.mgf	0.84209	146340000	0	4.44644	7	0.00170898	384.347	1	temp/spectra_filtered.mgf98057	1	LC-ESI	Orbitrap	Commercial	Pieter C. Dorrestein	Nina Haoqi Zhao	384.349	192.163	1			C=C=CCNCCCCNCC=C=C	"""InChI=1S/C12H20N2/c1-3-5-9-13-11-7-8-12-14-10-6-4-2/h5-6,13-14H,1-2,7-12H2"""	IKSQCMLJDHRWOA-UHFFFAOYSA-N	1	Positive	PRIVATE-LIB	384.349	UPDATE-SINGLE-ANNOTATED-GOLD	Gold		C12H20N2	IKSQCMLJDHRWOA-UHFFFAOYSA-N	IKSQCMLJDHRWOA	Organic nitrogen compounds	Organonitrogen compounds	Amines	Ornithine alkaloids	Polyamines	Alkaloids	mzspec:GNPS:GNPS-LIBRARY:CCMSLIB00012266600
[2M-H2O+NH4]+	99207-33-7	CCMSLIB00012266600	98989	spectra_filtered.mgf	CMMC-REFRAME-POSITIVE-LIBRARY.mgf	0.853946	2031700000	0	4.44644	7	0.00170898	384.347	1	temp/spectra_filtered.mgf98989	1	LC-ESI	Orbitrap	Commercial	Pieter C. Dorrestein	Nina Haoqi Zhao	384.349	192.163	1			C=C=CCNCCCCNCC=C=C	"""InChI=1S/C12H20N2/c1-3-5-9-13-11-7-8-12-14-10-6-4-2/h5-6,13-14H,1-2,7-12H2"""	IKSQCMLJDHRWOA-UHFFFAOYSA-N	1	Positive	PRIVATE-LIB	384.349	UPDATE-SINGLE-ANNOTATED-GOLD	Gold		C12H20N2	IKSQCMLJDHRWOA-UHFFFAOYSA-N	IKSQCMLJDHRWOA	Organic nitrogen compounds	Organonitrogen compounds	Amines	Ornithine alkaloids	Polyamines	Alkaloids	mzspec:GNPS:GNPS-LIBRARY:CCMSLIB00012266600
[M+2H]+2	348622-88-8	CCMSLIB00012251519	98448	spectra_filtered.mgf	CMMC-REFRAME-POSITIVE-LIBRARY.mgf	0.983041	989700000	0	5.51983	8	0.000900269	163.098	1	temp/spectra_filtered.mgf98448	1	LC-ESI	Orbitrap	Commercial	Pieter C. Dorrestein	Nina Haoqi Zhao	163.097	324.18	1			NC(=O)c1noc(C(CCCC2CCCCC2)CC(=O)NO)n1	"""InChI=1S/C15H24N4O4/c16-13(21)14-17-15(23-19-14)11(9-12(20)18-22)8-4-7-10-5-2-1-3-6-10/h10-11,22H,1-9H2,(H2,16,21)(H,18,20)/t11-/m1/s1"""	ARJCBSRIPGJMAD-LLVKDONJSA-N	1	Positive	PRIVATE-LIB	163.097	UPDATE-SINGLE-ANNOTATED-GOLD	Gold		C15H24N4O4	ARJCBSRIPGJMAD-UHFFFAOYSA-N	ARJCBSRIPGJMAD	Organic acids and derivatives	Carboxylic acids and derivatives	Carboxylic acid derivatives				mzspec:GNPS:GNPS-LIBRARY:CCMSLIB00012251519
[M+2H]+2	348622-88-8	CCMSLIB00012251519	99088	spectra_filtered.mgf	CMMC-REFRAME-POSITIVE-LIBRARY.mgf	0.983377	783800000	0	5.51983	8	0.000900269	163.098	1	temp/spectra_filtered.mgf99088	1	LC-ESI	Orbitrap	Commercial	Pieter C. Dorrestein	Nina Haoqi Zhao	163.097	324.18	1			NC(=O)c1noc(C(CCCC2CCCCC2)CC(=O)NO)n1	"""InChI=1S/C15H24N4O4/c16-13(21)14-17-15(23-19-14)11(9-12(20)18-22)8-4-7-10-5-2-1-3-6-10/h10-11,22H,1-9H2,(H2,16,21)(H,18,20)/t11-/m1/s1"""	ARJCBSRIPGJMAD-LLVKDONJSA-N	1	Positive	PRIVATE-LIB	163.097	UPDATE-SINGLE-ANNOTATED-GOLD	Gold		C15H24N4O4	ARJCBSRIPGJMAD-UHFFFAOYSA-N	ARJCBSRIPGJMAD	Organic acids and derivatives	Carboxylic acids and derivatives	Carboxylic acid derivatives				mzspec:GNPS:GNPS-LIBRARY:CCMSLIB00012251519
[M+2H]+2	NPS-2143 (Chimeric precursor selection)	CCMSLIB00012250963	82036	spectra_filtered.mgf	CMMC-REFRAME-POSITIVE-LIBRARY.mgf	0.962829	1802310000	0	5.35691	5	0.00109863	205.086	1	temp/spectra_filtered.mgf82036	1	LC-ESI	Orbitrap	Commercial	Pieter C. Dorrestein	Nina Haoqi Zhao	205.087	408.16	1			CC(C)(Cc1cc2ccccc2cc1)NCC(O)COc1c(C#N)c(Cl)ccc1	"""InChI=1S/C24H25ClN2O2/c1-24(2,13-17-10-11-18-6-3-4-7-19(18)12-17)27-15-20(28)16-29-23-9-5-8-22(25)21(23)14-26/h3-12,20,27-28H,13,15-16H2,1-2H3/t20-/m1/s1"""	PZUJQWHTIRWCID-HXUWFJFHSA-N	1	Positive	PRIVATE-LIB	205.087	UPDATE-SINGLE-ANNOTATED-GOLD	Gold			PZUJQWHTIRWCID-UHFFFAOYSA-N	PZUJQWHTIRWCID							mzspec:GNPS:GNPS-LIBRARY:CCMSLIB00012250963
[M+H]+	"1-methyl-2-oxo-1,2-dihydropyridine-4-carboxylic acid"	CCMSLIB00012868297	6031	spectra_filtered.mgf	MSNLIB-POSITIVE.mgf	0.842507	17860000	0	0.693356	5	0.000106812	154.05	1	temp/spectra_filtered.mgf6031	1	ESI	Orbitrap	Commercial	Tomas Pluskal	Corinna Brungs	154.05	153.043	1			Cn1ccc(C(=O)O)cc1=O	"InChI=1S/C7H7NO3/c1-8-3-2-5(7(10)11)4-6(8)9/h2-4H,1H3,(H,10,11)"	XUKWOJNDLIOXSC-UHFFFAOYSA-N	1	Positive	MSNLIB-POSITIVE	154.05	UPDATE-SINGLE-ANNOTATED-GOLD	Gold		C7H7NO3	XUKWOJNDLIOXSC-UHFFFAOYSA-N	XUKWOJNDLIOXSC	Organoheterocyclic compounds	Pyridines and derivatives	Pyridinecarboxylic acids and derivatives			Alkaloids	mzspec:GNPS:GNPS-LIBRARY:CCMSLIB00012868297
[M+H]+	2-(2-oxoazepan-3-yl)acetic acid (Chimeric precursor selection)	CCMSLIB00012879637	3441	spectra_filtered.mgf	MSNLIB-POSITIVE.mgf	0.896745	13764000	0	1.15263	4	0.000198364	172.097	1	temp/spectra_filtered.mgf3441	1	ESI	Orbitrap	Commercial	Tomas Pluskal	Corinna Brungs	172.097	171.09	1			O=C(O)CC1CCCCNC1=O	"InChI=1S/C8H13NO3/c10-7(11)5-6-3-1-2-4-9-8(6)12/h6H,1-5H2,(H,9,12)(H,10,11)"	KDKKRNOYSMNNJF-UHFFFAOYSA-N	1	Positive	MSNLIB-POSITIVE	172.097	UPDATE-SINGLE-ANNOTATED-GOLD	Gold		C8H13NO3	KDKKRNOYSMNNJF-UHFFFAOYSA-N	KDKKRNOYSMNNJF						Amino acids and Peptides	mzspec:GNPS:GNPS-LIBRARY:CCMSLIB00012879637
[M+H]+	2-amino-2-(3-methylcyclohexyl)acetic Acid	CCMSLIB00012878600	78838	spectra_filtered.mgf	MSNLIB-POSITIVE.mgf	0.764925	106105000	0	1.15239	4	0.000198364	172.133	1	temp/spectra_filtered.mgf78838	1	ESI	Orbitrap	Commercial	Tomas Pluskal	Corinna Brungs	172.133	171.126	1			CC1CCCC(C(N)C(=O)O)C1	"InChI=1S/C9H17NO2/c1-6-3-2-4-7(5-6)8(10)9(11)12/h6-8H,2-5,10H2,1H3,(H,11,12)"	JXKLPTPNYNKUDP-UHFFFAOYSA-N	1	Positive	MSNLIB-POSITIVE	172.133	UPDATE-SINGLE-ANNOTATED-GOLD	Gold		C9H17NO2	JXKLPTPNYNKUDP-UHFFFAOYSA-N	JXKLPTPNYNKUDP				Small peptides	Aminoacids	Amino acids and Peptides	mzspec:GNPS:GNPS-LIBRARY:CCMSLIB00012878600
[M+H]+	2-amino-2-(3-methylcyclohexyl)acetic Acid	CCMSLIB00012878600	11203	spectra_filtered.mgf	MSNLIB-POSITIVE.mgf	0.772919	144100000	0	1.77291	4	0.000305176	172.133	1	temp/spectra_filtered.mgf11203	1	ESI	Orbitrap	Commercial	Tomas Pluskal	Corinna Brungs	172.133	171.126	1			CC1CCCC(C(N)C(=O)O)C1	"InChI=1S/C9H17NO2/c1-6-3-2-4-7(5-6)8(10)9(11)12/h6-8H,2-5,10H2,1H3,(H,11,12)"	JXKLPTPNYNKUDP-UHFFFAOYSA-N	1	Positive	MSNLIB-POSITIVE	172.133	UPDATE-SINGLE-ANNOTATED-GOLD	Gold		C9H17NO2	JXKLPTPNYNKUDP-UHFFFAOYSA-N	JXKLPTPNYNKUDP				Small peptides	Aminoacids	Amino acids and Peptides	mzspec:GNPS:GNPS-LIBRARY:CCMSLIB00012878600
[M+H]+	n-tert-butyl-alpha-phenylnitrone	CCMSLIB00012338825	69231	spectra_filtered.mgf	MSNLIB-POSITIVE.mgf	0.92386	127120000	0	1.11364	4	0.000198364	178.123	1	temp/spectra_filtered.mgf69231	1	ESI	Orbitrap	Crude	Tomas Pluskal	Corinna Brungs	178.123	177.115	1			CC(C)(C)/[N+]([O-])=C/c1ccccc1	"InChI=1S/C11H15NO/c1-11(2,3)12(13)9-10-7-5-4-6-8-10/h4-9H,1-3H3/b12-9-"	IYSYLWYGCWTJSG-XFXZXTDPSA-N	1	Positive	MSNLIB-POSITIVE	178.123	UPDATE-SINGLE-ANNOTATED-GOLD	Gold			IYSYLWYGCWTJSG-XFXZXTDPSA-N	IYSYLWYGCWTJSG							mzspec:GNPS:GNPS-LIBRARY:CCMSLIB00012338825
[M+H]+	15356-74-8	CCMSLIB00012359637	71235	spectra_filtered.mgf	MSNLIB-POSITIVE.mgf	0.977033	1438000000	0	1.68492	8	0.000305176	181.122	1	temp/spectra_filtered.mgf71235	1	ESI	Orbitrap	Crude	Tomas Pluskal	Corinna Brungs	181.122	180.115	1			CC1(C)CCCC2(C)OC(=O)C=C12	"InChI=1S/C11H16O2/c1-10(2)5-4-6-11(3)8(10)7-9(12)13-11/h7H,4-6H2,1-3H3"	IMKHDCBNRDRUEB-UHFFFAOYSA-N	1	Positive	MSNLIB-POSITIVE	181.122	UPDATE-SINGLE-ANNOTATED-GOLD	Gold		C11H16O2	IMKHDCBNRDRUEB-UHFFFAOYSA-N	IMKHDCBNRDRUEB				Apocarotenoids	Apocarotenoids (β-)	Terpenoids	mzspec:GNPS:GNPS-LIBRARY:CCMSLIB00012359637
[M+H]+	4-acetamidocyclohexane-1-carboxylic acid	CCMSLIB00012982728	21123	spectra_filtered.mgf	MSNLIB-POSITIVE.mgf	0.724284	655400000	0	3.1975	4	0.000595093	186.113	1	temp/spectra_filtered.mgf21123	1	ESI	Orbitrap	Commercial	Tomas Pluskal	Corinna Brungs	186.112	185.105	1			CC(=O)NC1CCC(C(=O)O)CC1	"InChI=1S/C9H15NO3/c1-6(11)10-8-4-2-7(3-5-8)9(12)13/h7-8H,2-5H2,1H3,(H,10,11)(H,12,13)"	RQFVEAIRYQPUCC-UHFFFAOYSA-N	1	Positive	MSNLIB-POSITIVE	186.112	UPDATE-SINGLE-ANNOTATED-GOLD	Gold		C9H15NO3	RQFVEAIRYQPUCC-UHFFFAOYSA-N	RQFVEAIRYQPUCC	Organic acids and derivatives	Carboxylic acids and derivatives	Carboxylic acid derivatives				mzspec:GNPS:GNPS-LIBRARY:CCMSLIB00012982728
[M+H]+	2-phenylpyrrolidine-3-carboxylic acid	CCMSLIB00012940474	20549	spectra_filtered.mgf	MSNLIB-POSITIVE.mgf	0.712464	25628000	0	0.556015	4	0.000106812	192.102	1	temp/spectra_filtered.mgf20549	1	ESI	Orbitrap	Commercial	Tomas Pluskal	Corinna Brungs	192.102	191.095	1			O=C(O)C1CCNC1c1ccccc1	"InChI=1S/C11H13NO2/c13-11(14)9-6-7-12-10(9)8-4-2-1-3-5-8/h1-5,9-10,12H,6-7H2,(H,13,14)"	DQOBFNNHIKEOLB-UHFFFAOYSA-N	1	Positive	MSNLIB-POSITIVE	192.102	UPDATE-SINGLE-ANNOTATED-GOLD	Gold		C11H13NO2	DQOBFNNHIKEOLB-UHFFFAOYSA-N	DQOBFNNHIKEOLB						Alkaloids	mzspec:GNPS:GNPS-LIBRARY:CCMSLIB00012940474
[M+H]+	1-amino-5-methyl-2-(propan-2-yl)cyclohexane-1-carboxylic acid	CCMSLIB00012870501	89714	spectra_filtered.mgf	MSNLIB-POSITIVE.mgf	0.707914	64996000	0	1.98201	4	0.000396729	200.165	1	temp/spectra_filtered.mgf89714	1	ESI	Orbitrap	Commercial	Tomas Pluskal	Corinna Brungs	200.165	199.157	1			CC1CCC(C(C)C)C(N)(C(=O)O)C1	"InChI=1S/C11H21NO2/c1-7(2)9-5-4-8(3)6-11(9,12)10(13)14/h7-9H,4-6,12H2,1-3H3,(H,13,14)"	JQVZBHFMBLSPCF-UHFFFAOYSA-N	1	Positive	MSNLIB-POSITIVE	200.165	UPDATE-SINGLE-ANNOTATED-GOLD	Gold		C11H21NO2	JQVZBHFMBLSPCF-UHFFFAOYSA-N	JQVZBHFMBLSPCF				Monoterpenoids	Menthane monoterpenoids|Monocyclic monoterpenoids	Terpenoids	mzspec:GNPS:GNPS-LIBRARY:CCMSLIB00012870501
[M+H]+	25818-88-6	CCMSLIB00012873401	15045	spectra_filtered.mgf	MSNLIB-POSITIVE.mgf	0.808775	66140000	0	1.81092	4	0.000396729	219.076	1	temp/spectra_filtered.mgf15045	1	ESI	Orbitrap	Commercial	Tomas Pluskal	Corinna Brungs	219.076	218.069	1			O=C(O)CCn1cnc2ccccc2c1=O	"InChI=1S/C11H10N2O3/c14-10(15)5-6-13-7-12-9-4-2-1-3-8(9)11(13)16/h1-4,7H,5-6H2,(H,14,15)"	AMEGJBZWDKOWDQ-UHFFFAOYSA-N	1	Positive	MSNLIB-POSITIVE	219.076	UPDATE-SINGLE-ANNOTATED-GOLD	Gold		C11H10N2O3	AMEGJBZWDKOWDQ-UHFFFAOYSA-N	AMEGJBZWDKOWDQ	Organoheterocyclic compounds	Diazanaphthalenes	Benzodiazines	Anthranilic acid alkaloids	Quinazoline alkaloids	Alkaloids	mzspec:GNPS:GNPS-LIBRARY:CCMSLIB00012873401
[M+H]+	"2-(3-chloropyridin-2-yl)-1,3-thiazole-4-carboxylic acid"	CCMSLIB00012996456	273	spectra_filtered.mgf	MSNLIB-POSITIVE.mgf	0.760889	61470000	0	17.4127	4	0.00419617	240.987	1	temp/spectra_filtered.mgf273	1	ESI	Orbitrap	Commercial	Tomas Pluskal	Corinna Brungs	240.983	239.976	1			O=C(O)c1csc(-c2c(Cl)cccn2)n1	"InChI=1S/C9H5ClN2O2S/c10-5-2-1-3-11-7(5)8-12-6(4-15-8)9(13)14/h1-4H,(H,13,14)"	PFQCDHYYSGJDBQ-UHFFFAOYSA-N	1	Positive	MSNLIB-POSITIVE	240.983	UPDATE-SINGLE-ANNOTATED-GOLD	Gold		C9H5ClN2O2S	PFQCDHYYSGJDBQ-UHFFFAOYSA-N	PFQCDHYYSGJDBQ				Nicotinic acid alkaloids	Pyridine alkaloids	Alkaloids	mzspec:GNPS:GNPS-LIBRARY:CCMSLIB00012996456
[M+H]+	5-[2-(1-methoxycyclobutyl)acetamido]-1H-pyrazole-3-carboxylic acid	CCMSLIB00012791309	63174	spectra_filtered.mgf	MSNLIB-POSITIVE.mgf	0.776525	28282000	0	14.1711	8	0.00360107	254.118	1	temp/spectra_filtered.mgf63174	1	ESI	Orbitrap	Commercial	Tomas Pluskal	Corinna Brungs	254.114	253.106	1			COC1(CC(=O)Nc2n[nH]c(C(=O)O)c2)CCC1	"InChI=1S/C11H15N3O4/c1-18-11(3-2-4-11)6-9(15)12-8-5-7(10(16)17)13-14-8/h5H,2-4,6H2,1H3,(H,16,17)(H2,12,13,14,15)"	HNZHGYZWSCRMOO-UHFFFAOYSA-N	1	Positive	MSNLIB-POSITIVE	254.114	UPDATE-SINGLE-ANNOTATED-GOLD	Gold		C11H15N3O4	HNZHGYZWSCRMOO-UHFFFAOYSA-N	HNZHGYZWSCRMOO						Amino acids and Peptides	mzspec:GNPS:GNPS-LIBRARY:CCMSLIB00012791309
[M+H]+	"9-(2,3-dihydroxypropoxy)-9-oxononanoic acid"	CCMSLIB00004708032	20993	spectra_filtered.mgf	MONA.mgf	0.76417	138000000	0	0.347912	8	9.16E-05	263.149	1	temp/spectra_filtered.mgf20993	1		ESI-QFT	isolated	MoNA	MoNA:VF-NPL-QEHF016969	263.149	0	1			O=C(O)CCCCCCCC(=O)OCC(O)CO	"InChI=1S/C12H22O6/c13-8-10(14)9-18-12(17)7-5-3-1-2-4-6-11(15)16/h10,13-14H,1-9H2,(H,15,16)"		3	positive	MONA	263.149	UPDATE-SINGLE-ANNOTATED-BRONZE	Bronze		C12H22O6	BQRISQXLSXCXSC-UHFFFAOYSA-N	BQRISQXLSXCXSC	Lipids and lipid-like molecules	Fatty Acyls	Fatty acids and conjugates	Fatty Acids and Conjugates	Hydroxy fatty acids	Fatty acids	mzspec:GNPS:GNPS-LIBRARY:CCMSLIB00004708032
[M+H]+	Z2217324243	CCMSLIB00012807126	51291	spectra_filtered.mgf	MSNLIB-POSITIVE.mgf	0.943559	25473000	0	0.620394	5	0.000183105	295.144	1	temp/spectra_filtered.mgf51291	1	ESI	Orbitrap	Commercial	Tomas Pluskal	Corinna Brungs	295.144	294.137	1			CC1(C)C(=O)Nc2c1ccc(C(=O)NCc1ccccc1)c2	"InChI=1S/C18H18N2O2/c1-18(2)14-9-8-13(10-15(14)20-17(18)22)16(21)19-11-12-6-4-3-5-7-12/h3-10H,11H2,1-2H3,(H,19,21)(H,20,22)"	UVPVIQXZJGFSQU-UHFFFAOYSA-N	1	Positive	MSNLIB-POSITIVE	295.144	UPDATE-SINGLE-ANNOTATED-GOLD	Gold		C18H18N2O2	UVPVIQXZJGFSQU-UHFFFAOYSA-N	UVPVIQXZJGFSQU						Alkaloids	mzspec:GNPS:GNPS-LIBRARY:CCMSLIB00012807126
[M+H]+	DTXSID701143781	CCMSLIB00012432268	14883	spectra_filtered.mgf	MSNLIB-POSITIVE.mgf	0.89153	5459600	0	1.30631	9	0.000518799	397.15	1	temp/spectra_filtered.mgf14883	1	ESI	Orbitrap	Crude	Tomas Pluskal	Corinna Brungs	397.149	396.142	1			CC(C)Cc1cc(=O)c2c(o1)c([C@@H]1O[C@H](CO)[C@@H](O)[C@H](O)[C@H]1O)c(O)cc2O	"InChI=1S/C19H24O9/c1-7(2)3-8-4-9(21)13-10(22)5-11(23)14(18(13)27-8)19-17(26)16(25)15(24)12(6-20)28-19/h4-5,7,12,15-17,19-20,22-26H,3,6H2,1-2H3/t12-,15-,16+,17-,19+/m1/s1"	NZMMULPLBZWYSX-ZIIYPAMZSA-N	1	Positive	MSNLIB-POSITIVE	397.149	UPDATE-SINGLE-ANNOTATED-GOLD	Gold		C19H24O9	NZMMULPLBZWYSX-ZIIYPAMZSA-N	NZMMULPLBZWYSX	Organic oxygen compounds	Organooxygen compounds	Carbohydrates and carbohydrate conjugates	Chromanes	Chromones	Polyketides	mzspec:GNPS:GNPS-LIBRARY:CCMSLIB00012432268
[M+H]+	313489-71-3	CCMSLIB00012261393	70468	spectra_filtered.mgf	CMMC-REFRAME-POSITIVE-LIBRARY.mgf	0.951314	47159000	0	4.30973	4	0.00198364	460.269	1	temp/spectra_filtered.mgf70468	1	LC-ESI	Orbitrap	Commercial	Pieter C. Dorrestein	Nina Haoqi Zhao	460.271	459.263	1			CN1CCC(N2CCN(C(=O)C(NC(=O)c3ccc4cc[nH]c4c3)c3ccccc3)CC2)CC1	"""InChI=1S/C27H33N5O2/c1-30-13-10-23(11-14-30)31-15-17-32(18-16-31)27(34)25(21-5-3-2-4-6-21)29-26(33)22-8-7-20-9-12-28-24(20)19-22/h2-9,12,19,23,25,28H,10-11,13-18H2,1H3,(H,29,33)/t25-/m1/s1"""	VYNKVNDKAOGAAQ-RUZDIDTESA-N	1	Positive	PRIVATE-LIB	460.271	UPDATE-SINGLE-ANNOTATED-GOLD	Gold		C27H33N5O2	VYNKVNDKAOGAAQ-UHFFFAOYSA-N	VYNKVNDKAOGAAQ	Organic acids and derivatives	Carboxylic acids and derivatives	"Amino acids, peptides, and analogues"			Alkaloids	mzspec:GNPS:GNPS-LIBRARY:CCMSLIB00012261393
[M+H-H2O]+	3-(2-aminocyclohexyl)propanoic acid	CCMSLIB00012882720	37359	spectra_filtered.mgf	MSNLIB-POSITIVE.mgf	0.911456	12720000	0	1.98008	5	0.000305176	154.123	1	temp/spectra_filtered.mgf37359	1	ESI	Orbitrap	Commercial	Tomas Pluskal	Corinna Brungs	154.123	171.126	1			NC1CCCCC1CCC(=O)O	"InChI=1S/C9H17NO2/c10-8-4-2-1-3-7(8)5-6-9(11)12/h7-8H,1-6,10H2,(H,11,12)"	CZNVFYGEIHGWKV-UHFFFAOYSA-N	1	Positive	MSNLIB-POSITIVE	154.123	UPDATE-SINGLE-ANNOTATED-GOLD	Gold		C9H17NO2	CZNVFYGEIHGWKV-UHFFFAOYSA-N	CZNVFYGEIHGWKV						Amino acids and Peptides	mzspec:GNPS:GNPS-LIBRARY:CCMSLIB00012882720
[M+Na]+	PD160134	CCMSLIB00012269878	98008	spectra_filtered.mgf	CMMC-REFRAME-POSITIVE-LIBRARY.mgf	0.95474	15409000	0	0.328941	15	0.00012207	371.101	1	temp/spectra_filtered.mgf98008	1	LC-ESI	Orbitrap	Commercial	Pieter C. Dorrestein	Nina Haoqi Zhao	371.101	348.112	1			COC(=O)CCN1CCN(c2cc(SC(F)(F)F)ccc2)CC1	"""InChI=1S/C15H19F3N2O2S/c1-22-14(21)5-6-19-7-9-20(10-8-19)12-3-2-4-13(11-12)23-15(16,17)18/h2-4,11H,5-10H2,1H3"""	GRYGJWZBRPLBQM-UHFFFAOYSA-N	1	Positive	PRIVATE-LIB	371.101	UPDATE-SINGLE-ANNOTATED-GOLD	Gold		C15H19F3N2O2S	GRYGJWZBRPLBQM-UHFFFAOYSA-N	GRYGJWZBRPLBQM	Organoheterocyclic compounds	Diazinanes	Piperazines			Alkaloids	mzspec:GNPS:GNPS-LIBRARY:CCMSLIB00012269878
[M+Na]+	PD160134	CCMSLIB00012269878	26	spectra_filtered.mgf	CMMC-REFRAME-POSITIVE-LIBRARY.mgf	0.917531	74216000	0	0	15	0	371.101	1	temp/spectra_filtered.mgf26	1	LC-ESI	Orbitrap	Commercial	Pieter C. Dorrestein	Nina Haoqi Zhao	371.101	348.112	1			COC(=O)CCN1CCN(c2cc(SC(F)(F)F)ccc2)CC1	"""InChI=1S/C15H19F3N2O2S/c1-22-14(21)5-6-19-7-9-20(10-8-19)12-3-2-4-13(11-12)23-15(16,17)18/h2-4,11H,5-10H2,1H3"""	GRYGJWZBRPLBQM-UHFFFAOYSA-N	1	Positive	PRIVATE-LIB	371.101	UPDATE-SINGLE-ANNOTATED-GOLD	Gold		C15H19F3N2O2S	GRYGJWZBRPLBQM-UHFFFAOYSA-N	GRYGJWZBRPLBQM	Organoheterocyclic compounds	Diazinanes	Piperazines			Alkaloids	mzspec:GNPS:GNPS-LIBRARY:CCMSLIB00012269878
[M+Na]+	Pirogliride	CCMSLIB00012272682	79431	spectra_filtered.mgf	CMMC-REFRAME-POSITIVE-LIBRARY.mgf	0.815708	2012000000	0	1.6655	10	0.000488281	293.174	1	temp/spectra_filtered.mgf79431	1	LC-ESI	Orbitrap	Commercial	Pieter C. Dorrestein	Nina Haoqi Zhao	293.174	270.184	1			CN1CCCC1=NC(=Nc1ccccc1)N1CCCC1	"""InChI=1S/C16H22N4/c1-19-11-7-10-15(19)18-16(20-12-5-6-13-20)17-14-8-3-2-4-9-14/h2-4,8-9H,5-7,10-13H2,1H3"""	UFJFKQGRZLHOBO-UHFFFAOYSA-N	1	Positive	PRIVATE-LIB	293.174	UPDATE-SINGLE-ANNOTATED-GOLD	Gold		C16H22N4	UFJFKQGRZLHOBO-UHFFFAOYSA-N	UFJFKQGRZLHOBO						Alkaloids	mzspec:GNPS:GNPS-LIBRARY:CCMSLIB00012272682
[M+Na]+	Pirogliride	CCMSLIB00012272682	48279	spectra_filtered.mgf	CMMC-REFRAME-POSITIVE-LIBRARY.mgf	0.812106	310450000	0	1.97778	10	0.000579834	293.175	1	temp/spectra_filtered.mgf48279	1	LC-ESI	Orbitrap	Commercial	Pieter C. Dorrestein	Nina Haoqi Zhao	293.174	270.184	1			CN1CCCC1=NC(=Nc1ccccc1)N1CCCC1	"""InChI=1S/C16H22N4/c1-19-11-7-10-15(19)18-16(20-12-5-6-13-20)17-14-8-3-2-4-9-14/h2-4,8-9H,5-7,10-13H2,1H3"""	UFJFKQGRZLHOBO-UHFFFAOYSA-N	1	Positive	PRIVATE-LIB	293.174	UPDATE-SINGLE-ANNOTATED-GOLD	Gold		C16H22N4	UFJFKQGRZLHOBO-UHFFFAOYSA-N	UFJFKQGRZLHOBO						Alkaloids	mzspec:GNPS:GNPS-LIBRARY:CCMSLIB00012272682
[M+Na]+	HTL9936	CCMSLIB00012272088	15522	spectra_filtered.mgf	CMMC-REFRAME-POSITIVE-LIBRARY.mgf	0.955188	32352000000	0	7.15274	4	0.0027771	388.254	1	temp/spectra_filtered.mgf15522	1	LC-ESI	Orbitrap	Commercial	Pieter C. Dorrestein	Nina Haoqi Zhao	388.257	365.268	1			CCOC(=O)N1CCCC(N2CCC(C(=O)NC3(C)CCC3)CC2)CC1	"""InChI=1S/C20H35N3O3/c1-3-26-19(25)23-12-4-6-17(9-15-23)22-13-7-16(8-14-22)18(24)21-20(2)10-5-11-20/h16-17H,3-15H2,1-2H3,(H,21,24)/t17-/m0/s1"""	AQEAWDQQWHVFAX-KRWDZBQOSA-N	1	Positive	PRIVATE-LIB	388.257	UPDATE-SINGLE-ANNOTATED-GOLD	Gold		C20H35N3O3	AQEAWDQQWHVFAX-UHFFFAOYSA-N	AQEAWDQQWHVFAX	Organoheterocyclic compounds	Piperidines	Piperidinecarboxylic acids and derivatives	Lysine alkaloids	Quinolizidine alkaloids	Alkaloids	mzspec:GNPS:GNPS-LIBRARY:CCMSLIB00012272088
[M+Na]+	HTL9936	CCMSLIB00012272088	90341	spectra_filtered.mgf	CMMC-REFRAME-POSITIVE-LIBRARY.mgf	0.944992	53133000	0	6.44532	4	0.00250244	388.254	1	temp/spectra_filtered.mgf90341	1	LC-ESI	Orbitrap	Commercial	Pieter C. Dorrestein	Nina Haoqi Zhao	388.257	365.268	1			CCOC(=O)N1CCCC(N2CCC(C(=O)NC3(C)CCC3)CC2)CC1	"""InChI=1S/C20H35N3O3/c1-3-26-19(25)23-12-4-6-17(9-15-23)22-13-7-16(8-14-22)18(24)21-20(2)10-5-11-20/h16-17H,3-15H2,1-2H3,(H,21,24)/t17-/m0/s1"""	AQEAWDQQWHVFAX-KRWDZBQOSA-N	1	Positive	PRIVATE-LIB	388.257	UPDATE-SINGLE-ANNOTATED-GOLD	Gold		C20H35N3O3	AQEAWDQQWHVFAX-UHFFFAOYSA-N	AQEAWDQQWHVFAX	Organoheterocyclic compounds	Piperidines	Piperidinecarboxylic acids and derivatives	Lysine alkaloids	Quinolizidine alkaloids	Alkaloids	mzspec:GNPS:GNPS-LIBRARY:CCMSLIB00012272088
[M+Na]+	SCHEMBL658597	CCMSLIB00012273242	88998	spectra_filtered.mgf	CMMC-REFRAME-POSITIVE-LIBRARY.mgf	0.942252	26524800000	0	8.62771	8	0.003479	403.233	1	temp/spectra_filtered.mgf88998	1	LC-ESI	Orbitrap	Commercial	Pieter C. Dorrestein	Nina Haoqi Zhao	403.236	380.246	1			COc1ccc(N2CCN(c3c(C)c4c(OC(C)(C)C4)c(C)c3C)CC2)cc1	"""InChI=1S/C24H32N2O2/c1-16-17(2)23-21(15-24(4,5)28-23)18(3)22(16)26-13-11-25(12-14-26)19-7-9-20(27-6)10-8-19/h7-10H,11-15H2,1-6H3"""	BBLZNCBOMKSSDU-UHFFFAOYSA-N	1	Positive	PRIVATE-LIB	403.236	UPDATE-SINGLE-ANNOTATED-GOLD	Gold		C24H32N2O2	BBLZNCBOMKSSDU-UHFFFAOYSA-N	BBLZNCBOMKSSDU	Organoheterocyclic compounds	Diazinanes	Piperazines	Tryptophan alkaloids	Quinoline alkaloids	Alkaloids	mzspec:GNPS:GNPS-LIBRARY:CCMSLIB00012273242
[M+Na]+	PD162835	CCMSLIB00012266904	56754	spectra_filtered.mgf	CMMC-REFRAME-POSITIVE-LIBRARY.mgf	0.960299	21279500	0	1.8357	9	0.000793457	432.238	1	temp/spectra_filtered.mgf56754	1	LC-ESI	Orbitrap	Commercial	Pieter C. Dorrestein	Nina Haoqi Zhao	432.237	409.248	1			CCN(Cc1cc(OC2CCCC2)c(OC)cc1)c1c2[nH]c(C(C)C)nc2ncn1	"""InChI=1S/C23H31N5O2/c1-5-28(23-20-22(24-14-25-23)27-21(26-20)15(2)3)13-16-10-11-18(29-4)19(12-16)30-17-8-6-7-9-17/h10-12,14-15,17H,5-9,13H2,1-4H3,(H,24,25,26,27)"""	OMGXSVMUPGUWHJ-UHFFFAOYSA-N	1	Positive	PRIVATE-LIB	432.237	UPDATE-SINGLE-ANNOTATED-GOLD	Gold		C23H31N5O2	OMGXSVMUPGUWHJ-UHFFFAOYSA-N	OMGXSVMUPGUWHJ				Pseudoalkaloids	Purine alkaloids	Alkaloids	mzspec:GNPS:GNPS-LIBRARY:CCMSLIB00012266904
[M+NH4]+	NCGC00384799-01	CCMSLIB00012446044	71328	spectra_filtered.mgf	MSNLIB-POSITIVE.mgf	0.790561	72020000	0	3.03168	4	0.00100708	332.185	1	temp/spectra_filtered.mgf71328	1	ESI	Orbitrap	Crude	Tomas Pluskal	Corinna Brungs	332.186	314.152	1			CC1=CC(=O)C[C@H]2[C@@H]1CC[C@@H](C)[C@]21CO[C@H](c2cocc2)C1=O	"InChI=1S/C19H22O4/c1-11-7-14(20)8-16-15(11)4-3-12(2)19(16)10-23-17(18(19)21)13-5-6-22-9-13/h5-7,9,12,15-17H,3-4,8,10H2,1-2H3/t12-,15-,16+,17-,19-/m1/s1"	BGKIISXUCXQGJO-PITHAFQJSA-N	1	Positive	MSNLIB-POSITIVE	332.186	UPDATE-SINGLE-ANNOTATED-GOLD	Gold		C19H22O4	BGKIISXUCXQGJO-PITHAFQJSA-N	BGKIISXUCXQGJO	Lipids and lipid-like molecules	Prenol lipids	Diterpenoids	Diterpenoids	Colensane and Clerodane diterpenoids	Terpenoids	mzspec:GNPS:GNPS-LIBRARY:CCMSLIB00012446044
[M+NH4]+	"5'-(furan-3-yl)-4a-hydroxy-4,7-dimethylspiro[5,6,7,8a-tetrahydro-1H-naphthalene-8,3'-oxolane]-2,2'-dione"	CCMSLIB00012445390	56485	spectra_filtered.mgf	MSNLIB-POSITIVE.mgf	0.730073	4598000	0	2.54181	5	0.00088501	348.18	1	temp/spectra_filtered.mgf56485	1	ESI	Orbitrap	Crude	Tomas Pluskal	Corinna Brungs	348.181	330.147	1			CC1=CC(=O)CC2C1(O)CCC(C)C21CC(c2cocc2)OC1=O	"InChI=1S/C19H22O5/c1-11-3-5-19(22)12(2)7-14(20)8-16(19)18(11)9-15(24-17(18)21)13-4-6-23-10-13/h4,6-7,10-11,15-16,22H,3,5,8-9H2,1-2H3"	DLHZVTVUHATYAU-UHFFFAOYSA-N	1	Positive	MSNLIB-POSITIVE	348.181	UPDATE-SINGLE-ANNOTATED-GOLD	Gold		C19H22O5	DLHZVTVUHATYAU-UHFFFAOYSA-N	DLHZVTVUHATYAU	Lipids and lipid-like molecules	Prenol lipids	Terpene lactones	Diterpenoids	Colensane and Clerodane diterpenoids	Terpenoids	mzspec:GNPS:GNPS-LIBRARY:CCMSLIB00012445390
[M-2H2O+2H]+2	CUDC-101	CCMSLIB00012252711	94680	spectra_filtered.mgf	CMMC-REFRAME-POSITIVE-LIBRARY.mgf	0.721544	28620000	0	5.49058	4	0.00109863	200.093	1	temp/spectra_filtered.mgf94680	1	LC-ESI	Orbitrap	Commercial	Pieter C. Dorrestein	Nina Haoqi Zhao	200.094	434.195	1			C#Cc1cc(Nc2ncnc3cc(OC)c(OCCCCCCC(=O)NO)cc23)ccc1	"""InChI=1S/C24H26N4O4/c1-3-17-9-8-10-18(13-17)27-24-19-14-22(21(31-2)15-20(19)25-16-26-24)32-12-7-5-4-6-11-23(29)28-30/h1,8-10,13-16,30H,4-7,11-12H2,2H3,(H,28,29)(H,25,26,27)"""	PLIVFNIUGLLCEK-UHFFFAOYSA-N	1	Positive	PRIVATE-LIB	200.094	UPDATE-SINGLE-ANNOTATED-GOLD	Gold		CH4	PLIVFNIUGLLCEK-UHFFFAOYSA-N	PLIVFNIUGLLCEK	Organoheterocyclic compounds	Diazanaphthalenes	Benzodiazines				mzspec:GNPS:GNPS-LIBRARY:CCMSLIB00012252711
[M-2H2O+H]+	127913-03-5	CCMSLIB00012269975	55150	spectra_filtered.mgf	CMMC-REFRAME-POSITIVE-LIBRARY.mgf	0.707083	70800000	0	3.04941	6	0.00050354	165.128	1	temp/spectra_filtered.mgf55150	1	LC-ESI	Orbitrap	Commercial	Pieter C. Dorrestein	Nina Haoqi Zhao	165.127	200.141	1			CC(C)(O)C1CC=C(CCO)C(O)C1	"""InChI=1S/C11H20O3/c1-11(2,14)9-4-3-8(5-6-12)10(13)7-9/h3,9-10,12-14H,4-7H2,1-2H3/t9-,10+/m1/s1"""	VSDYCFMYAPMHAC-ZJUUUORDSA-N	1	Positive	PRIVATE-LIB	165.127	UPDATE-SINGLE-ANNOTATED-GOLD	Gold		C11H20O3	VSDYCFMYAPMHAC-UHFFFAOYSA-N	VSDYCFMYAPMHAC	Lipids and lipid-like molecules	Prenol lipids	Monoterpenoids	Monoterpenoids	Menthane monoterpenoids	Terpenoids	mzspec:GNPS:GNPS-LIBRARY:CCMSLIB00012269975
[M-2H2O+NH4]+	CHEMBL288113	CCMSLIB00012249325	98212	spectra_filtered.mgf	CMMC-REFRAME-POSITIVE-LIBRARY.mgf	0.910989	8940000	0	3.28812	5	0.00050354	153.139	1	temp/spectra_filtered.mgf98212	1	LC-ESI	Orbitrap	Commercial	Pieter C. Dorrestein	Nina Haoqi Zhao	153.139	171.126	1			CC1OCC2(CCN(C)CC2)O1	"""InChI=1S/C9H17NO2/c1-8-11-7-9(12-8)3-5-10(2)6-4-9/h8H,3-7H2,1-2H3"""	VHBBMEXIWWKUNY-UHFFFAOYSA-N	1	Positive	PRIVATE-LIB	153.139	UPDATE-SINGLE-ANNOTATED-GOLD	Gold		C9H17NO2	VHBBMEXIWWKUNY-UHFFFAOYSA-N	VHBBMEXIWWKUNY						Alkaloids	mzspec:GNPS:GNPS-LIBRARY:CCMSLIB00012249325
[M-2H2O+NH4]+	AKOS037480294	CCMSLIB00012272145	88438	spectra_filtered.mgf	CMMC-REFRAME-POSITIVE-LIBRARY.mgf	0.944998	178382000	0	5.47008	4	0.00180054	329.159	1	temp/spectra_filtered.mgf88438	1	LC-ESI	Orbitrap	Commercial	Pieter C. Dorrestein	Nina Haoqi Zhao	329.161	347.148	1			CN(Cc1ccccc1)c1nc(=O)n(C2OC(CO)C(O)C2O)cc1	"""InChI=1S/C17H21N3O5/c1-19(9-11-5-3-2-4-6-11)13-7-8-20(17(24)18-13)16-15(23)14(22)12(10-21)25-16/h2-8,12,14-16,21-23H,9-10H2,1H3"""	LHXGKSCZZGJQHZ-UHFFFAOYSA-N	1	Positive	PRIVATE-LIB	329.161	UPDATE-SINGLE-ANNOTATED-GOLD	Gold		C17H21N3O5	LHXGKSCZZGJQHZ-UHFFFAOYSA-N	LHXGKSCZZGJQHZ				Nucleosides	Pyrimidine nucleos(t)ides	Carbohydrates	mzspec:GNPS:GNPS-LIBRARY:CCMSLIB00012272145
[M-2H2O+NH4]+	VAPIPROST	CCMSLIB00012270040	94249	spectra_filtered.mgf	CMMC-REFRAME-POSITIVE-LIBRARY.mgf	0.914977	130213000	0	1.99331	5	0.000915527	459.302	1	temp/spectra_filtered.mgf94249	1	LC-ESI	Orbitrap	Commercial	Pieter C. Dorrestein	Nina Haoqi Zhao	459.301	477.288	1			O=C(O)CCC=CCCC1C(OCc2ccc(-c3ccccc3)cc2)CC(O)C1N1CCCCC1	"""InChI=1S/C30H39NO4/c32-27-21-28(35-22-23-15-17-25(18-16-23)24-11-5-3-6-12-24)26(13-7-1-2-8-14-29(33)34)30(27)31-19-9-4-10-20-31/h1-3,5-6,11-12,15-18,26-28,30,32H,4,7-10,13-14,19-22H2,(H,33,34)/b2-1-/t26-,27-,28-,30+/m0/s1"""	GQGRDYWMOPRROR-XUSMOFMBSA-N	1	Positive	PRIVATE-LIB	459.301	UPDATE-SINGLE-ANNOTATED-GOLD	Gold		C30H39NO4	GQGRDYWMOPRROR-UHFFFAOYSA-N	GQGRDYWMOPRROR	Benzenoids	Benzene and substituted derivatives	Biphenyls and derivatives	Lysine alkaloids	Quinolizidine alkaloids	Alkaloids	mzspec:GNPS:GNPS-LIBRARY:CCMSLIB00012270040
[M-H2O+2H]+2	Rivenprost	CCMSLIB00012269482	22093	spectra_filtered.mgf	CMMC-REFRAME-POSITIVE-LIBRARY.mgf	0.98415	2271000000	0	5.06035	9	0.00109863	217.107	1	temp/spectra_filtered.mgf22093	1	LC-ESI	Orbitrap	Commercial	Pieter C. Dorrestein	Nina Haoqi Zhao	217.106	450.208	1			COCc1cccc(CC(O)C=CC2C(O)CC(=O)C2CCSCCCC(=O)OC)c1	"""InChI=1S/C24H34O6S/c1-29-16-18-6-3-5-17(13-18)14-19(25)8-9-20-21(23(27)15-22(20)26)10-12-31-11-4-7-24(28)30-2/h3,5-6,8-9,13,19-22,25-26H,4,7,10-12,14-16H2,1-2H3/b9-8+/t19-,20-,21-,22-/m1/s1"""	FBQUXLIJKPWCAO-AZIFJQEOSA-N	1	Positive	PRIVATE-LIB	217.106	UPDATE-SINGLE-ANNOTATED-GOLD	Gold		C24H34O6S	FBQUXLIJKPWCAO-UHFFFAOYSA-N	FBQUXLIJKPWCAO	Benzenoids	Benzene and substituted derivatives	Benzylethers				mzspec:GNPS:GNPS-LIBRARY:CCMSLIB00012269482
[M-H2O+2H]+2	Rivenprost	CCMSLIB00012269482	62051	spectra_filtered.mgf	CMMC-REFRAME-POSITIVE-LIBRARY.mgf	0.896922	246700000	0	5.06035	8	0.00109863	217.107	1	temp/spectra_filtered.mgf62051	1	LC-ESI	Orbitrap	Commercial	Pieter C. Dorrestein	Nina Haoqi Zhao	217.106	450.208	1			COCc1cccc(CC(O)C=CC2C(O)CC(=O)C2CCSCCCC(=O)OC)c1	"""InChI=1S/C24H34O6S/c1-29-16-18-6-3-5-17(13-18)14-19(25)8-9-20-21(23(27)15-22(20)26)10-12-31-11-4-7-24(28)30-2/h3,5-6,8-9,13,19-22,25-26H,4,7,10-12,14-16H2,1-2H3/b9-8+/t19-,20-,21-,22-/m1/s1"""	FBQUXLIJKPWCAO-AZIFJQEOSA-N	1	Positive	PRIVATE-LIB	217.106	UPDATE-SINGLE-ANNOTATED-GOLD	Gold		C24H34O6S	FBQUXLIJKPWCAO-UHFFFAOYSA-N	FBQUXLIJKPWCAO	Benzenoids	Benzene and substituted derivatives	Benzylethers				mzspec:GNPS:GNPS-LIBRARY:CCMSLIB00012269482
[M-H2O+2H]+2	Rivenprost	CCMSLIB00012269482	42876	spectra_filtered.mgf	CMMC-REFRAME-POSITIVE-LIBRARY.mgf	0.896447	248600000	0	5.06035	8	0.00109863	217.107	1	temp/spectra_filtered.mgf42876	1	LC-ESI	Orbitrap	Commercial	Pieter C. Dorrestein	Nina Haoqi Zhao	217.106	450.208	1			COCc1cccc(CC(O)C=CC2C(O)CC(=O)C2CCSCCCC(=O)OC)c1	"""InChI=1S/C24H34O6S/c1-29-16-18-6-3-5-17(13-18)14-19(25)8-9-20-21(23(27)15-22(20)26)10-12-31-11-4-7-24(28)30-2/h3,5-6,8-9,13,19-22,25-26H,4,7,10-12,14-16H2,1-2H3/b9-8+/t19-,20-,21-,22-/m1/s1"""	FBQUXLIJKPWCAO-AZIFJQEOSA-N	1	Positive	PRIVATE-LIB	217.106	UPDATE-SINGLE-ANNOTATED-GOLD	Gold		C24H34O6S	FBQUXLIJKPWCAO-UHFFFAOYSA-N	FBQUXLIJKPWCAO	Benzenoids	Benzene and substituted derivatives	Benzylethers				mzspec:GNPS:GNPS-LIBRARY:CCMSLIB00012269482
[M-H2O+2H]+2	Tribuzone	CCMSLIB00012263036	92843	spectra_filtered.mgf	CMMC-REFRAME-POSITIVE-LIBRARY.mgf	0.879955	2110000000	0	5.78479	6	0.00100708	174.09	1	temp/spectra_filtered.mgf92843	1	LC-ESI	Orbitrap	Commercial	Pieter C. Dorrestein	Nina Haoqi Zhao	174.091	364.179	1			CC(C)(C)C(=O)CCC1C(=O)N(c2ccccc2)N(c2ccccc2)C1=O	"""InChI=1S/C22H24N2O3/c1-22(2,3)19(25)15-14-18-20(26)23(16-10-6-4-7-11-16)24(21(18)27)17-12-8-5-9-13-17/h4-13,18H,14-15H2,1-3H3"""	OFVFGKQCUDMLLP-UHFFFAOYSA-N	1	Positive	PRIVATE-LIB	174.091	UPDATE-SINGLE-ANNOTATED-GOLD	Gold		C22H24N2O3	OFVFGKQCUDMLLP-UHFFFAOYSA-N	OFVFGKQCUDMLLP				Anthranilic acid alkaloids	Quinazoline alkaloids	Alkaloids	mzspec:GNPS:GNPS-LIBRARY:CCMSLIB00012263036
[M-H2O+2H]+2	M50367	CCMSLIB00012260627	19	spectra_filtered.mgf	CMMC-REFRAME-POSITIVE-LIBRARY.mgf	0.771112	896300000	0	12.4091	5	0.0019989	161.082	1	temp/spectra_filtered.mgf19	1	LC-ESI	Orbitrap	Commercial	Pieter C. Dorrestein	Nina Haoqi Zhao	161.084	338.163	1			CCOC(=O)CC(O)c1c2nc(CCc3ccccc3)[nH]c2ccc1	"""InChI=1S/C20H22N2O3/c1-2-25-19(24)13-17(23)15-9-6-10-16-20(15)22-18(21-16)12-11-14-7-4-3-5-8-14/h3-10,17,23H,2,11-13H2,1H3,(H,21,22)/t17-/m1/s1"""	JGABLCCPSPJIEI-QGZVFWFLSA-N	1	Positive	PRIVATE-LIB	161.084	UPDATE-SINGLE-ANNOTATED-GOLD	Gold		C20H22N2O3	JGABLCCPSPJIEI-UHFFFAOYSA-N	JGABLCCPSPJIEI				Tryptophan alkaloids		Alkaloids	mzspec:GNPS:GNPS-LIBRARY:CCMSLIB00012260627
[M-H2O+2H]+2	M50367	CCMSLIB00012260627	98750	spectra_filtered.mgf	CMMC-REFRAME-POSITIVE-LIBRARY.mgf	0.844834	9754000000	0	11.746	6	0.00189209	161.082	1	temp/spectra_filtered.mgf98750	1	LC-ESI	Orbitrap	Commercial	Pieter C. Dorrestein	Nina Haoqi Zhao	161.084	338.163	1			CCOC(=O)CC(O)c1c2nc(CCc3ccccc3)[nH]c2ccc1	"""InChI=1S/C20H22N2O3/c1-2-25-19(24)13-17(23)15-9-6-10-16-20(15)22-18(21-16)12-11-14-7-4-3-5-8-14/h3-10,17,23H,2,11-13H2,1H3,(H,21,22)/t17-/m1/s1"""	JGABLCCPSPJIEI-QGZVFWFLSA-N	1	Positive	PRIVATE-LIB	161.084	UPDATE-SINGLE-ANNOTATED-GOLD	Gold		C20H22N2O3	JGABLCCPSPJIEI-UHFFFAOYSA-N	JGABLCCPSPJIEI				Tryptophan alkaloids		Alkaloids	mzspec:GNPS:GNPS-LIBRARY:CCMSLIB00012260627
[M-H2O+2H]+2	M50367	CCMSLIB00012260627	93722	spectra_filtered.mgf	CMMC-REFRAME-POSITIVE-LIBRARY.mgf	0.959406	253000000	0	11.746	6	0.00189209	161.082	1	temp/spectra_filtered.mgf93722	1	LC-ESI	Orbitrap	Commercial	Pieter C. Dorrestein	Nina Haoqi Zhao	161.084	338.163	1			CCOC(=O)CC(O)c1c2nc(CCc3ccccc3)[nH]c2ccc1	"""InChI=1S/C20H22N2O3/c1-2-25-19(24)13-17(23)15-9-6-10-16-20(15)22-18(21-16)12-11-14-7-4-3-5-8-14/h3-10,17,23H,2,11-13H2,1H3,(H,21,22)/t17-/m1/s1"""	JGABLCCPSPJIEI-QGZVFWFLSA-N	1	Positive	PRIVATE-LIB	161.084	UPDATE-SINGLE-ANNOTATED-GOLD	Gold		C20H22N2O3	JGABLCCPSPJIEI-UHFFFAOYSA-N	JGABLCCPSPJIEI				Tryptophan alkaloids		Alkaloids	mzspec:GNPS:GNPS-LIBRARY:CCMSLIB00012260627
[M-H2O+2H]+2	M50367	CCMSLIB00012260627	99136	spectra_filtered.mgf	CMMC-REFRAME-POSITIVE-LIBRARY.mgf	0.761835	3390000	0	11.1776	5	0.00180054	161.082	1	temp/spectra_filtered.mgf99136	1	LC-ESI	Orbitrap	Commercial	Pieter C. Dorrestein	Nina Haoqi Zhao	161.084	338.163	1			CCOC(=O)CC(O)c1c2nc(CCc3ccccc3)[nH]c2ccc1	"""InChI=1S/C20H22N2O3/c1-2-25-19(24)13-17(23)15-9-6-10-16-20(15)22-18(21-16)12-11-14-7-4-3-5-8-14/h3-10,17,23H,2,11-13H2,1H3,(H,21,22)/t17-/m1/s1"""	JGABLCCPSPJIEI-QGZVFWFLSA-N	1	Positive	PRIVATE-LIB	161.084	UPDATE-SINGLE-ANNOTATED-GOLD	Gold		C20H22N2O3	JGABLCCPSPJIEI-UHFFFAOYSA-N	JGABLCCPSPJIEI				Tryptophan alkaloids		Alkaloids	mzspec:GNPS:GNPS-LIBRARY:CCMSLIB00012260627
[M-H2O+H]+	"NCGC00178646-02!2,4-dihydroxyheptadecyl acetate [IIN-based: Match]"	CCMSLIB00005723208	87734	spectra_filtered.mgf	GNPS-NIH-NATURALPRODUCTSLIBRARY_ROUND2_POSITIVE.mgf	0.766432	112450000	0	1.2664	6	0.000396729	313.273	1	temp/spectra_filtered.mgf87734	1	LC-ESI	Orbitrap	Commercial	Pieter Dorrestein	lfnothias/robinschmid	313.273	330.277	1			CCCCCCCCCCCCCC(O)CC(O)COC(C)=O	"InChI=1S/C19H38O4/c1-3-4-5-6-7-8-9-10-11-12-13-14-18(21)15-19(22)16-23-17(2)20/h18-19,21-22H,3-16H2,1-2H3"		3	Positive	GNPS-NIH-NATURALPRODUCTSLIBRARY_ROUND2_POSITIVE	313.273	UPDATE-SINGLE-ANNOTATED-BRONZE	Bronze		C19H38O4	ZBVKFVTUHVIICH-UHFFFAOYSA-N	ZBVKFVTUHVIICH	Lipids and lipid-like molecules	Fatty Acyls	Fatty alcohols	Fatty acyls	Fatty alcohols	Fatty acids	mzspec:GNPS:GNPS-LIBRARY:CCMSLIB00005723208
[M-H2O+H]+	"NCGC00178646-02!2,4-dihydroxyheptadecyl acetate [IIN-based: Match]"	CCMSLIB00005723208	98220	spectra_filtered.mgf	GNPS-NIH-NATURALPRODUCTSLIBRARY_ROUND2_POSITIVE.mgf	0.752082	1397400	0	1.85089	6	0.000579834	313.274	1	temp/spectra_filtered.mgf98220	1	LC-ESI	Orbitrap	Commercial	Pieter Dorrestein	lfnothias/robinschmid	313.273	330.277	1			CCCCCCCCCCCCCC(O)CC(O)COC(C)=O	"InChI=1S/C19H38O4/c1-3-4-5-6-7-8-9-10-11-12-13-14-18(21)15-19(22)16-23-17(2)20/h18-19,21-22H,3-16H2,1-2H3"		3	Positive	GNPS-NIH-NATURALPRODUCTSLIBRARY_ROUND2_POSITIVE	313.273	UPDATE-SINGLE-ANNOTATED-BRONZE	Bronze		C19H38O4	ZBVKFVTUHVIICH-UHFFFAOYSA-N	ZBVKFVTUHVIICH	Lipids and lipid-like molecules	Fatty Acyls	Fatty alcohols	Fatty acyls	Fatty alcohols	Fatty acids	mzspec:GNPS:GNPS-LIBRARY:CCMSLIB00005723208
[M-H2O+H]+	Umbralisib	CCMSLIB00012268979	91492	spectra_filtered.mgf	CMMC-REFRAME-POSITIVE-LIBRARY.mgf	0.921764	4398260000	0	7.59938	13	0.00421143	554.176	1	temp/spectra_filtered.mgf91492	1	LC-ESI	Orbitrap	Commercial	Pieter C. Dorrestein	Nina Haoqi Zhao	554.18	571.183	1			CC(C)Oc1c(F)cc(-c2nn(C(C)c3c(-c4cc(F)ccc4)c(=O)c4c(ccc(F)c4)o3)c3ncnc(N)c23)cc1	"""InChI=1S/C31H24F3N5O3/c1-15(2)41-24-9-7-18(12-22(24)34)27-26-30(35)36-14-37-31(26)39(38-27)16(3)29-25(17-5-4-6-19(32)11-17)28(40)21-13-20(33)8-10-23(21)42-29/h4-16H,1-3H3,(H2,35,36,37)/t16-/m0/s1"""	IUVCFHHAEHNCFT-INIZCTEOSA-N	1	Positive	PRIVATE-LIB	554.18	UPDATE-SINGLE-ANNOTATED-GOLD	Gold		C31H24F3N5O3	IUVCFHHAEHNCFT-UHFFFAOYSA-N	IUVCFHHAEHNCFT	Phenylpropanoids and polyketides	Isoflavonoids	Isoflav-2-enes				mzspec:GNPS:GNPS-LIBRARY:CCMSLIB00012268979
[M-H2O+K]+	"""N-[(2s)-5-(6-Fluoro-3-Pyridinyl)-2,3-Dihydro-1h-Inden-2-Yl]-2-Propanesulfonamide"""	CCMSLIB00012269452	98685	spectra_filtered.mgf	CMMC-REFRAME-POSITIVE-LIBRARY.mgf	0.944649	27983000	0	3.43794	5	0.0012207	355.069	1	temp/spectra_filtered.mgf98685	1	LC-ESI	Orbitrap	Commercial	Pieter C. Dorrestein	Nina Haoqi Zhao	355.068	334.115	1			CC(C)S(=O)(=O)NC1Cc2c(cc(-c3cnc(F)cc3)cc2)C1	"""InChI=1S/C17H19FN2O2S/c1-11(2)23(21,22)20-16-8-13-4-3-12(7-15(13)9-16)14-5-6-17(18)19-10-14/h3-7,10-11,16,20H,8-9H2,1-2H3/t16-/m0/s1"""	QXQSUBKWSHMXDP-INIZCTEOSA-N	1	Positive	PRIVATE-LIB	355.068	UPDATE-SINGLE-ANNOTATED-GOLD	Gold		C17H19FN2O2S	QXQSUBKWSHMXDP-UHFFFAOYSA-N	QXQSUBKWSHMXDP						Alkaloids	mzspec:GNPS:GNPS-LIBRARY:CCMSLIB00012269452
[M-H2O+K]+	"""N-[(2s)-5-(6-Fluoro-3-Pyridinyl)-2,3-Dihydro-1h-Inden-2-Yl]-2-Propanesulfonamide"""	CCMSLIB00012269452	87820	spectra_filtered.mgf	CMMC-REFRAME-POSITIVE-LIBRARY.mgf	0.929637	624100000	0	3.95363	5	0.00140381	355.069	1	temp/spectra_filtered.mgf87820	1	LC-ESI	Orbitrap	Commercial	Pieter C. Dorrestein	Nina Haoqi Zhao	355.068	334.115	1			CC(C)S(=O)(=O)NC1Cc2c(cc(-c3cnc(F)cc3)cc2)C1	"""InChI=1S/C17H19FN2O2S/c1-11(2)23(21,22)20-16-8-13-4-3-12(7-15(13)9-16)14-5-6-17(18)19-10-14/h3-7,10-11,16,20H,8-9H2,1-2H3/t16-/m0/s1"""	QXQSUBKWSHMXDP-INIZCTEOSA-N	1	Positive	PRIVATE-LIB	355.068	UPDATE-SINGLE-ANNOTATED-GOLD	Gold		C17H19FN2O2S	QXQSUBKWSHMXDP-UHFFFAOYSA-N	QXQSUBKWSHMXDP						Alkaloids	mzspec:GNPS:GNPS-LIBRARY:CCMSLIB00012269452
[M-H2O+NH4]+	Aramchol	CCMSLIB00012267968	95342	spectra_filtered.mgf	CMMC-REFRAME-POSITIVE-LIBRARY.mgf	0.808227	43557800	0	0.695935	5	0.000488281	701.619	1	temp/spectra_filtered.mgf95342	1	LC-ESI	Orbitrap	Commercial	Pieter C. Dorrestein	Nina Haoqi Zhao	701.619	701.596	1			CCCCCCCCCCCCCCCCCCCC(=O)NC1CCC2(C)C(C1)CC(O)C1C2CC(O)C2(C)C(C(C)CCC(=O)O)CCC12	"""InChI=1S/C44H79NO5/c1-5-6-7-8-9-10-11-12-13-14-15-16-17-18-19-20-21-22-40(48)45-34-27-28-43(3)33(29-34)30-38(46)42-36-25-24-35(32(2)23-26-41(49)50)44(36,4)39(47)31-37(42)43/h32-39,42,46-47H,5-31H2,1-4H3,(H,45,48)(H,49,50)/t32-,33+,34+,35-,36+,37+,38-,39+,42+,43+,44-/m1/s1"""	SHKXZIQNFMOPBS-OOMQYRRCSA-N	1	Positive	PRIVATE-LIB	701.619	UPDATE-SINGLE-ANNOTATED-GOLD	Gold		C44H79NO5	SHKXZIQNFMOPBS-UHFFFAOYSA-N	SHKXZIQNFMOPBS	Lipids and lipid-like molecules	Steroids and steroid derivatives	"Bile acids, alcohols and derivatives"	Steroids	Cholestane steroids	Terpenoids	mzspec:GNPS:GNPS-LIBRARY:CCMSLIB00012267968
M+2Na]	"""methyl 3-oxo-2-[(3,4,5-trimethoxyphenyl)methylene]benzo[b]furan-5-carboxylate CollisionEnergy:205060"""	CCMSLIB00010115794	97989	spectra_filtered.mgf	BERKELEY-LAB.mgf	0.943838	3528700000	0	12.982	7	0.00270081	208.039	1	temp/spectra_filtered.mgf97989	1	LC-ESI	Orbitrap	Commercial	Trent Northen	JGI	208.042	0	1			COC(=O)c1ccc2c(c1)C(=O)C(=Cc1cc(OC)c(OC)c(OC)c1)O2	"""InChI=1S/C20H18O7/c1-23-16-8-11(9-17(24-2)19(16)25-3)7-15-18(21)13-10-12(20(22)26-4)5-6-14(13)27-15/h5-10H,1-4H3/b15-7+"""		3	Positive	BERKELEY-LAB	208.042	UPDATE-SINGLE-ANNOTATED-BRONZE	Bronze		C20H18O7	BYNBJNABVGIMKZ-UHFFFAOYSA-N	BYNBJNABVGIMKZ				Flavonoids	Aurones	Shikimates and Phenylpropanoids	mzspec:GNPS:GNPS-LIBRARY:CCMSLIB00010115794
M+2Na]	"""8-bromo-7-[(2-chlorophenyl)methyl]-1,3-dimethyl-1,3,7-trihydropurine-2,6-dione CollisionEnergy:102040"""	CCMSLIB00010113603	98016	spectra_filtered.mgf	BERKELEY-LAB.mgf	0.803429	454240000	0	8.84233	4	0.00189209	213.983	1	temp/spectra_filtered.mgf98016	1	LC-ESI	Orbitrap	Commercial	Trent Northen	JGI	213.981	0	1			Cn1c(=O)c2c(nc(Br)n2Cc2ccccc2Cl)n(C)c1=O	"""InChI=1S/C14H12BrClN4O2/c1-18-11-10(12(21)19(2)14(18)22)20(13(15)17-11)7-8-5-3-4-6-9(8)16/h3-6H,7H2,1-2H3"""		3	Positive	BERKELEY-LAB	213.981	UPDATE-SINGLE-ANNOTATED-BRONZE	Bronze		C14H12BrClN4O2	DMELHQBZQKVISN-UHFFFAOYSA-N	DMELHQBZQKVISN	Organoheterocyclic compounds	Imidazopyrimidines	Purines and purine derivatives	Pseudoalkaloids	Purine alkaloids	Alkaloids	mzspec:GNPS:GNPS-LIBRARY:CCMSLIB00010113603
M+H	"""(1S,2S,6R,7R,9R)-6-methyl-10,12-dioxatricyclo[7.2.1.0<2,7>]dodec-4-en-8-one CollisionEnergy:102040"""	CCMSLIB00010114581	64242	spectra_filtered.mgf	BERKELEY-LAB.mgf	0.978053	1736800000	0	2.11165	6	0.000411987	195.102	1	temp/spectra_filtered.mgf64242	1	LC-ESI	Orbitrap	Commercial	Trent Northen	JGI	195.102	0	1			CC1C=CCC2C3COC(O3)C(=O)C12	"""InChI=1S/C11H14O3/c1-6-3-2-4-7-8-5-13-11(14-8)10(12)9(6)7/h2-3,6-9,11H,4-5H2,1H3/t6-,7-,8-,9-,11-/m1/s1"""		3	Positive	BERKELEY-LAB	195.102	UPDATE-SINGLE-ANNOTATED-BRONZE	Bronze		C11H14O3	AQERSWBBCICMMF-UHFFFAOYSA-N	AQERSWBBCICMMF							mzspec:GNPS:GNPS-LIBRARY:CCMSLIB00010114581
M+H	"2-amino-1,9-dimethyl-6,9-dihydro-1H-purin-6-one"	CCMSLIB00005724790	3534	spectra_filtered.mgf	GNPS-LIBRARY.mgf	0.841219	1862000	0	0	5	0	180.088	1	temp/spectra_filtered.mgf3534	1	ESI	Orbitrap	Isolated	Wolfender	Luis Quiros-Guerrero	180.088	179.081	1			Cn1c(N=C(N)N(C)C2=O)c2nc1	"InChI=1S/C7H9N5O/c1-11-3-9-4-5(11)10-7(8)12(2)6(4)13/h3H,1-2H3,(H2,8,10)"		1	Positive	GNPS-LIBRARY	180.088	UPDATE-SINGLE-ANNOTATED-GOLD	Gold		C7H9N5O	MXLVASHNANBJDZ-UHFFFAOYSA-N	MXLVASHNANBJDZ	Organoheterocyclic compounds	Imidazopyrimidines	Purines and purine derivatives	Pseudoalkaloids	pteridine alkaloids	Alkaloids	mzspec:GNPS:GNPS-LIBRARY:CCMSLIB00005724790
M+H	Massbank:UA007701 4-Phenylpyridine	CCMSLIB00005726285	15819	spectra_filtered.mgf	MASSBANK.mgf	0.936124	1966000	0	0	4	0	156.081	1	temp/spectra_filtered.mgf15819	1	ESI	Hybrid FT	Isolated	Massbank	Massbank	156.081	0	1	939-23-1		c1ccc(cc1)c2ccncc2	1S/C11H9N/c1-2-4-10(5-3-1)11-6-8-12-9-7-11/h1-9H		3	Positive	MASSBANK	156.081	UPDATE-SINGLE-ANNOTATED-BRONZE	Bronze		C11H9N	JVZRCNQLWOELDU-UHFFFAOYSA-N	JVZRCNQLWOELDU	Organoheterocyclic compounds	Pyridines and derivatives	Phenylpyridines	Nicotinic acid alkaloids	Pyridine alkaloids	Alkaloids	mzspec:GNPS:GNPS-LIBRARY:CCMSLIB00005726285
M+H	BICINE	CCMSLIB00006679015	2353	spectra_filtered.mgf	MONA.mgf	0.994767	106660000	0	0.557935	8	9.16E-05	164.092	1	temp/spectra_filtered.mgf2353	1	ESI	Orbitrap	isolated	MoNA	MoNA:MoNA037562	164.092	0	1			C(CO)N(CCO)CC(=O)O	"""InChI=1S/C6H13NO4/c8-3-1-7(2-4-9)5-6(10)11/h8-9H,1-5H2,(H,10,11)"""		3	positive	MONA	164.092	UPDATE-SINGLE-ANNOTATED-BRONZE	Bronze		C6H13NO4	FSVCELGFZIQNCK-UHFFFAOYSA-N	FSVCELGFZIQNCK	Organic acids and derivatives	Carboxylic acids and derivatives	"Amino acids, peptides, and analogues"	Small peptides	Aminoacids	Amino acids and Peptides	mzspec:GNPS:GNPS-LIBRARY:CCMSLIB00006679015
M+H	"Mercaptopurine - This annotation is incorrect. Unless it is low res. Plus precursor mass doesn't match, incl. -OH or M+H2O+H"	CCMSLIB00000006149	90261	spectra_filtered.mgf	GNPS-SELLECKCHEM-FDA-PART1.mgf	0.755307	75900000	0	3.49814	5	0.000595093	170.118	1	temp/spectra_filtered.mgf90261	1	LC-ESI	qTof	Isolated	Sirenas	Ed Esquenazi 	170.117	0	1						3	Positive	GNPS-SELLECKCHEM-FDA-PART1	170.117	UPDATE-SINGLE-ANNOTATED-BRONZE	Bronze											mzspec:GNPS:GNPS-LIBRARY:CCMSLIB00000006149
M+H	"""(2E)-3-(2,4-dimethylphenyl)-1-phenylprop-2-en-1-one CollisionEnergy:102040"""	CCMSLIB00010104036	60711	spectra_filtered.mgf	BERKELEY-LAB.mgf	0.832605	21360000	0	1.28697	10	0.000305176	237.127	1	temp/spectra_filtered.mgf60711	1	LC-ESI	Orbitrap	Commercial	Trent Northen	JGI	237.127	0	1			Cc1ccc(C=CC(=O)c2ccccc2)c(C)c1	"""InChI=1S/C17H16O/c1-13-8-9-15(14(2)12-13)10-11-17(18)16-6-4-3-5-7-16/h3-12H,1-2H3/b11-10+"""		3	Positive	BERKELEY-LAB	237.127	UPDATE-SINGLE-ANNOTATED-BRONZE	Bronze		C17H16O	NUUDDTFQVVMRLG-UHFFFAOYSA-N	NUUDDTFQVVMRLG	Phenylpropanoids and polyketides	"Linear 1,3-diarylpropanoids"	Chalcones and dihydrochalcones	Flavonoids	Chalcones	Shikimates and Phenylpropanoids	mzspec:GNPS:GNPS-LIBRARY:CCMSLIB00010104036
M+H	2-Methyl-4'-(methylthio)-2-morpholinopropiophenone	CCMSLIB00012728771	37292	spectra_filtered.mgf	ECRFS_DB.mgf	0.977546	35016000	0	0.326814	7	9.16E-05	280.137	1	temp/spectra_filtered.mgf37292	1	ESI	Orbitrap	Commercial	Federico Padilla	"""Sjors Rasker, Wout Bergkamp"""	280.137	279.129	1	71868-10-5		CC(C)(C(=O)c1ccc(SC)cc1)N1CCOCC1	LWRBVKNFOYUCNP-UHFFFAOYSA-N		1	Positive	ECRFS_DB	280.137	UPDATE-SINGLE-ANNOTATED-GOLD	Gold		C15H21NO2S	LWRBVKNFOYUCNP-UHFFFAOYSA-N	LWRBVKNFOYUCNP	Organic oxygen compounds	Organooxygen compounds	Carbonyl compounds			Alkaloids	mzspec:GNPS:GNPS-LIBRARY:CCMSLIB00012728771
M+H	21345_1	CCMSLIB00012474559	9541	spectra_filtered.mgf	GNPS-LIBRARY.mgf	0.911618	4300000000	0	1.31531	4	0.000488281	371.228	1	temp/spectra_filtered.mgf9541	1	LC-ESI	Orbitrap	Lysate	1	1	371.228	0	1	 	 	 	 	 	3	Positive	GNPS-LIBRARY	371.228	UPDATE-SINGLE-ANNOTATED-BRONZE	Bronze											mzspec:GNPS:GNPS-LIBRARY:CCMSLIB00012474559
M+H	B04A18	CCMSLIB00000081105	73606	spectra_filtered.mgf	GNPS-FAULKNERLEGACY.mgf	0.835616	213900000	0	0.569359	10	0.000213623	375.199	1	temp/spectra_filtered.mgf73606	1	LC-ESI	qTof	Commercial	Sirenas Marine Discovery	Sirenas Marine Discovery	375.199	0	1						3	Positive	GNPS-FAULKNERLEGACY	375.199	UPDATE-SINGLE-ANNOTATED-BRONZE	Bronze											mzspec:GNPS:GNPS-LIBRARY:CCMSLIB00000081105
M+H	"Massbank:RP030803 N6-Threonylcarbamoyladenosine|t(6)a|(2S,3R)-2-[[9-[(2R,3R,4S,5R)-3,4-dihydroxy-5-(hydroxymethyl)oxolan-2-yl]purin-6-yl]carbamoylamino]-3-hydroxybutanoic acid"	CCMSLIB00005738446	11164	spectra_filtered.mgf	MASSBANK.mgf	0.869686	25452800	0	5.31843	6	0.00219727	413.144	1	temp/spectra_filtered.mgf11164	1	ESI	qTof	Isolated	Massbank	Massbank	413.142	0	1	28874-45-5		C[C@H]([C@@H](C(=O)O)NC(=O)Nc1c2c(ncn1)n(cn2)[C@H]3[C@@H]([C@@H]([C@H](O3)CO)O)O)O	"1S/C15H20N6O8/c1-5(23)7(14(26)27)19-15(28)20-11-8-12(17-3-16-11)21(4-18-8)13-10(25)9(24)6(2-22)29-13/h3-7,9-10,13,22-25H,2H2,1H3,(H,26,27)(H2,16,17,19,20,28)/t5-,6-,7+,9-,10-,13-/m1/s1"		3	Positive	MASSBANK	413.142	UPDATE-SINGLE-ANNOTATED-BRONZE	Bronze		C15H20N6O8	UNUYMBPXEFMLNW-DWVDDHQFSA-N	UNUYMBPXEFMLNW				Nucleosides	Purine nucleos(t)ides	Carbohydrates	mzspec:GNPS:GNPS-LIBRARY:CCMSLIB00005738446
M+H	Contaminants septum vial Thermo C4000-53 and C4000-54 serie	CCMSLIB00005436264	94693	spectra_filtered.mgf	GNPS-LIBRARY.mgf	0.82845	4791900000	0	7.05786	14	0.00378418	536.161	1	temp/spectra_filtered.mgf94693	1	LC-ESI	Orbitrap	Crude	Dorrestein	lfnothias	536.165	0	0	 	 	 	 	 	3	Positive	GNPS-LIBRARY	536.165	UPDATE-SINGLE-ANNOTATED-BRONZE	Bronze											mzspec:GNPS:GNPS-LIBRARY:CCMSLIB00005436264
M+H	Contaminants septum vial Thermo C4000-53 and C4000-54 serie	CCMSLIB00005436264	94439	spectra_filtered.mgf	GNPS-LIBRARY.mgf	0.898686	9560220000	0	0.569183	14	0.000305176	536.165	1	temp/spectra_filtered.mgf94439	1	LC-ESI	Orbitrap	Crude	Dorrestein	lfnothias	536.165	0	0	 	 	 	 	 	3	Positive	GNPS-LIBRARY	536.165	UPDATE-SINGLE-ANNOTATED-BRONZE	Bronze											mzspec:GNPS:GNPS-LIBRARY:CCMSLIB00005436264
M+H	Contaminants septum vial Thermo C4000-53 and C4000-54 serie	CCMSLIB00005436264	98840	spectra_filtered.mgf	GNPS-LIBRARY.mgf	0.910928	868050000	0	1.70755	16	0.000915527	536.166	1	temp/spectra_filtered.mgf98840	1	LC-ESI	Orbitrap	Crude	Dorrestein	lfnothias	536.165	0	0	 	 	 	 	 	3	Positive	GNPS-LIBRARY	536.165	UPDATE-SINGLE-ANNOTATED-BRONZE	Bronze											mzspec:GNPS:GNPS-LIBRARY:CCMSLIB00005436264
M+H	Contaminant vial septum ThermoFisher C5000-44B	CCMSLIB00005435829	95704	spectra_filtered.mgf	GNPS-LIBRARY.mgf	0.933872	163786000	0	1.32638	19	0.000732422	552.196	1	temp/spectra_filtered.mgf95704	1	LC-ESI	Orbitrap	Commercial	Dorrestein	lfnothias	552.197	0	0	 	 	 	 	 	3	Positive	GNPS-LIBRARY	552.197	UPDATE-SINGLE-ANNOTATED-BRONZE	Bronze											mzspec:GNPS:GNPS-LIBRARY:CCMSLIB00005435829
M+H	Contaminants septum vial Thermo C4000-53 and C4000-54 serie	CCMSLIB00005436263	98401	spectra_filtered.mgf	GNPS-LIBRARY.mgf	0.905448	1155170000	0	0.500137	17	0.000305176	610.184	1	temp/spectra_filtered.mgf98401	1	LC-ESI	Orbitrap	Lysate	Dorrestein	lfnothias	610.184	0	0	 	 	 	 	 	3	Positive	GNPS-LIBRARY	610.184	UPDATE-SINGLE-ANNOTATED-BRONZE	Bronze											mzspec:GNPS:GNPS-LIBRARY:CCMSLIB00005436263
M+H	Contaminants septum vial Thermo C4000-53 and C4000-54 serie	CCMSLIB00005436263	93884	spectra_filtered.mgf	GNPS-LIBRARY.mgf	0.827228	5185900000	0	0.100027	18	6.10E-05	610.184	1	temp/spectra_filtered.mgf93884	1	LC-ESI	Orbitrap	Lysate	Dorrestein	lfnothias	610.184	0	0	 	 	 	 	 	3	Positive	GNPS-LIBRARY	610.184	UPDATE-SINGLE-ANNOTATED-BRONZE	Bronze											mzspec:GNPS:GNPS-LIBRARY:CCMSLIB00005436263
M+H	Contaminants septum vial Thermo C4000-53 and C4000-54 serie	CCMSLIB00005436263	99078	spectra_filtered.mgf	GNPS-LIBRARY.mgf	0.880787	1209510000	0	1.1003	19	0.000671387	610.185	1	temp/spectra_filtered.mgf99078	1	LC-ESI	Orbitrap	Lysate	Dorrestein	lfnothias	610.184	0	0	 	 	 	 	 	3	Positive	GNPS-LIBRARY	610.184	UPDATE-SINGLE-ANNOTATED-BRONZE	Bronze											mzspec:GNPS:GNPS-LIBRARY:CCMSLIB00005436263
M+H	Contaminants septum vial Thermo C4000-53 and C4000-54 serie	CCMSLIB00005436265	93247	spectra_filtered.mgf	GNPS-LIBRARY.mgf	0.777447	2900230000	0	0.885475	10	0.000671387	758.221	1	temp/spectra_filtered.mgf93247	1	LC-ESI	Orbitrap	Crude	Contaminants septum vial Thermo C4000-53 and C4000-54 serie	 	758.222	0	0	 	 	 	 	 	3	Positive	GNPS-LIBRARY	758.222	UPDATE-SINGLE-ANNOTATED-BRONZE	Bronze											mzspec:GNPS:GNPS-LIBRARY:CCMSLIB00005436265
M+H	Contaminants septum vial Thermo C4000-53 and C4000-54 serie	CCMSLIB00005436265	91477	spectra_filtered.mgf	GNPS-LIBRARY.mgf	0.742548	168167000	0	4.74937	10	0.00360107	758.226	1	temp/spectra_filtered.mgf91477	1	LC-ESI	Orbitrap	Crude	Contaminants septum vial Thermo C4000-53 and C4000-54 serie	 	758.222	0	0	 	 	 	 	 	3	Positive	GNPS-LIBRARY	758.222	UPDATE-SINGLE-ANNOTATED-BRONZE	Bronze											mzspec:GNPS:GNPS-LIBRARY:CCMSLIB00005436265
M+H	MS_Contaminant_Sodium_Formate_Cluster	CCMSLIB00000424739	940	spectra_filtered.mgf	GNPS-LIBRARY.mgf	0.740659	6172500	0	3.34704	6	837.833	838.838	2	temp/spectra_filtered.mgf940	1	LC-ESI	qTof	Crude	PDorrestein	AMelnik	838.835	68.007	0	 	 	 	 	 	3	Positive	GNPS-LIBRARY	838.835	UPDATE-SINGLE-ANNOTATED-BRONZE	Bronze											mzspec:GNPS:GNPS-LIBRARY:CCMSLIB00000424739
M+H	MS_Contaminant_Sodium_Formate_Cluster	CCMSLIB00000424739	98361	spectra_filtered.mgf	GNPS-LIBRARY.mgf	0.701802	20525000	0	3.92914	6	837.834	838.838	2	temp/spectra_filtered.mgf98361	1	LC-ESI	qTof	Crude	PDorrestein	AMelnik	838.835	68.007	0	 	 	 	 	 	3	Positive	GNPS-LIBRARY	838.835	UPDATE-SINGLE-ANNOTATED-BRONZE	Bronze											mzspec:GNPS:GNPS-LIBRARY:CCMSLIB00000424739
M+H	Sodium Formate	CCMSLIB00000424743	98634	spectra_filtered.mgf	GNPS-LIBRARY.mgf	0.811438	2244800	0	1.0096	6	905.82	906.826	2	temp/spectra_filtered.mgf98634	1	LC-ESI	qTof	Crude	PDorrestein	AMelnik	906.825	68.007	0	 	 	 	 	 	3	Positive	GNPS-LIBRARY	906.825	UPDATE-SINGLE-ANNOTATED-BRONZE	Bronze											mzspec:GNPS:GNPS-LIBRARY:CCMSLIB00000424743
M+Na	Contaminant vial septum ThermoFisher C5000-44B	CCMSLIB00005435817	94685	spectra_filtered.mgf	GNPS-LIBRARY.mgf	0.85837	5071600	0	14.5504	18	0.00787354	541.113	1	temp/spectra_filtered.mgf94685	1	LC-ESI	Orbitrap	Commercial	Dorrestein	lfnothias	541.121	0	0	 	 	 	 	 	3	Positive	GNPS-LIBRARY	541.121	UPDATE-SINGLE-ANNOTATED-BRONZE	Bronze											mzspec:GNPS:GNPS-LIBRARY:CCMSLIB00005435817
M+Na	Contaminant vial septum ThermoFisher C5000-44B	CCMSLIB00005435817	94888	spectra_filtered.mgf	GNPS-LIBRARY.mgf	0.831998	9795500	0	1.46632	16	0.000793457	541.12	1	temp/spectra_filtered.mgf94888	1	LC-ESI	Orbitrap	Commercial	Dorrestein	lfnothias	541.121	0	0	 	 	 	 	 	3	Positive	GNPS-LIBRARY	541.121	UPDATE-SINGLE-ANNOTATED-BRONZE	Bronze											mzspec:GNPS:GNPS-LIBRARY:CCMSLIB00005435817
M+Na	Contaminant vial septum ThermoFisher C5000-44B	CCMSLIB00005435815	94702	spectra_filtered.mgf	GNPS-LIBRARY.mgf	0.799008	4507300	0	1.12202	22	0.000793457	707.168	1	temp/spectra_filtered.mgf94702	1	LC-ESI	Orbitrap	Commercial	Dorrestein	 	707.169	0	0	 	 	 	 	 	3	Positive	GNPS-LIBRARY	707.169	UPDATE-SINGLE-ANNOTATED-BRONZE	Bronze											mzspec:GNPS:GNPS-LIBRARY:CCMSLIB00005435815
M+NH4	Contaminant vial septum ThermoFisher C5000-44B	CCMSLIB00005435819	90470	spectra_filtered.mgf	GNPS-LIBRARY.mgf	0.94248	407465000	0	3.11893	26	0.00195312	626.215	1	temp/spectra_filtered.mgf90470	1	LC-ESI	Orbitrap	Commercial	Dorrestein	lfnothias	626.217	0	0	 	 	 	 	 	3	Positive	GNPS-LIBRARY	626.217	UPDATE-SINGLE-ANNOTATED-BRONZE	Bronze											mzspec:GNPS:GNPS-LIBRARY:CCMSLIB00005435819
M+NH4	Contaminant vial septum ThermoFisher C5000-44B	CCMSLIB00005435819	97318	spectra_filtered.mgf	GNPS-LIBRARY.mgf	0.95085	1358860000	0	2.72906	27	0.00170898	626.215	1	temp/spectra_filtered.mgf97318	1	LC-ESI	Orbitrap	Commercial	Dorrestein	lfnothias	626.217	0	0	 	 	 	 	 	3	Positive	GNPS-LIBRARY	626.217	UPDATE-SINGLE-ANNOTATED-BRONZE	Bronze											mzspec:GNPS:GNPS-LIBRARY:CCMSLIB00005435819
M+NH4	"NCGC00385199-01!2-[3,4-bis[[(2S,3R,4S,5S,6R)-3,4,5-trihydroxy-6-(hydroxymethyl)oxan-2-yl]oxy]phenyl]-5,7-dihydroxychromen-4-one"	CCMSLIB00000847749	93329	spectra_filtered.mgf	GNPS-NIH-NATURALPRODUCTSLIBRARY_ROUND2_POSITIVE.mgf	0.842559	155270000	0	1.06877	20	0.000671387	628.188	1	temp/spectra_filtered.mgf93329	1	LC-ESI	Maxis II HD Q-TOF Bruker	isolated	Jadhav/Dorrestein	lfnothias	628.187	610.153	1			OC[C@H]1O[C@@H](OC2=C(O[C@@H]3O[C@H](CO)[C@@H](O)[C@H](O)[C@H]3O)C=C(C=C2)C4=CC(=O)C5=C(O)C=C(O)C=C5O4)[C@H](O)[C@@H](O)[C@@H]1O	"InChI=1S/C27H30O16/c28-7-17-20(33)22(35)24(37)26(42-17)40-13-2-1-9(14-6-12(32)19-11(31)4-10(30)5-16(19)39-14)3-15(13)41-27-25(38)23(36)21(34)18(8-29)43-27/h1-6,17-18,20-31,33-38H,7-8H2/t17-,18-,20-,21-,22+,23+,24-,25-,26-,27-/m1/s1"		1	positive	GNPS-NIH-NATURALPRODUCTSLIBRARY_ROUND2_POSITIVE	628.187	UPDATE-SINGLE-ANNOTATED-GOLD	Gold		C27H30O16	XKAYFELZCPZDEK-IPOZFMEPSA-N	XKAYFELZCPZDEK	Phenylpropanoids and polyketides	Flavonoids	Flavonoid glycosides	Flavonoids	Flavones	Shikimates and Phenylpropanoids	mzspec:GNPS:GNPS-LIBRARY:CCMSLIB00000847749
M+NH4	Contaminant vial septum ThermoFisher C5000-44B	CCMSLIB00005435823	93356	spectra_filtered.mgf	GNPS-LIBRARY.mgf	0.940132	7858360000	0	2.33183	24	0.00146484	628.195	1	temp/spectra_filtered.mgf93356	1	LC-ESI	Orbitrap	Commercial	Dorrestein	lfnothias	628.196	0	0	 	 	 	 	 	3	Positive	GNPS-LIBRARY	628.196	UPDATE-SINGLE-ANNOTATED-BRONZE	Bronze											mzspec:GNPS:GNPS-LIBRARY:CCMSLIB00005435823
M+NH4	Contaminant vial septum ThermoFisher C5000-44B	CCMSLIB00005435821	97208	spectra_filtered.mgf	GNPS-LIBRARY.mgf	0.914555	107253000	0	4.00269	18	0.00274658	686.181	1	temp/spectra_filtered.mgf97208	1	LC-ESI	Orbitrap	Commercial	Dorrestein	 	686.184	0	0	 	 	 	 	 	3	Positive	GNPS-LIBRARY	686.184	UPDATE-SINGLE-ANNOTATED-BRONZE	Bronze											mzspec:GNPS:GNPS-LIBRARY:CCMSLIB00005435821
M+NH4	Contaminant vial septum ThermoFisher C5000-44B	CCMSLIB00005435821	90499	spectra_filtered.mgf	GNPS-LIBRARY.mgf	0.927335	86797000	0	3.55795	17	0.00244141	686.182	1	temp/spectra_filtered.mgf90499	1	LC-ESI	Orbitrap	Commercial	Dorrestein	 	686.184	0	0	 	 	 	 	 	3	Positive	GNPS-LIBRARY	686.184	UPDATE-SINGLE-ANNOTATED-BRONZE	Bronze											mzspec:GNPS:GNPS-LIBRARY:CCMSLIB00005435821
M+NH4	Contaminant vial septum ThermoFisher C5000-44B	CCMSLIB00005435820	96024	spectra_filtered.mgf	GNPS-LIBRARY.mgf	0.93867	573111000	0	3.48655	26	0.00244141	700.234	1	temp/spectra_filtered.mgf96024	1	LC-ESI	Orbitrap	Commercial	Dorrestein	lfnothias	700.236	0	0	 	 	 	 	 	3	Positive	GNPS-LIBRARY	700.236	UPDATE-SINGLE-ANNOTATED-BRONZE	Bronze											mzspec:GNPS:GNPS-LIBRARY:CCMSLIB00005435820
M+NH4	Contaminant vial septum ThermoFisher C5000-44B	CCMSLIB00005435822	94262	spectra_filtered.mgf	GNPS-LIBRARY.mgf	0.922484	10397400000	0	2.34679	25	0.00164795	702.213	1	temp/spectra_filtered.mgf94262	1	LC-ESI	Orbitrap	Commercial	Contaminant vial septum ThermoFisher C5000-44B	lfnothias	702.215	0	0	 	 	 	 	 	3	Positive	GNPS-LIBRARY	702.215	UPDATE-SINGLE-ANNOTATED-BRONZE	Bronze											mzspec:GNPS:GNPS-LIBRARY:CCMSLIB00005435822
M+NH4	Contaminant vial septum ThermoFisher C5000-44B	CCMSLIB00005435824	96823	spectra_filtered.mgf	GNPS-LIBRARY.mgf	0.860597	102637000	0	10.4578	23	0.00811768	776.226	1	temp/spectra_filtered.mgf96823	1	LC-ESI	Orbitrap	Commercial	Dorrestein	 	776.234	0	0	 	 	 	 	 	3	Positive	GNPS-LIBRARY	776.234	UPDATE-SINGLE-ANNOTATED-BRONZE	Bronze											mzspec:GNPS:GNPS-LIBRARY:CCMSLIB00005435824
M+NH4	Contaminant vial septum ThermoFisher C5000-44B	CCMSLIB00005435824	96154	spectra_filtered.mgf	GNPS-LIBRARY.mgf	0.933267	4449600000	0	2.59478	27	0.00201416	776.232	1	temp/spectra_filtered.mgf96154	1	LC-ESI	Orbitrap	Commercial	Dorrestein	 	776.234	0	0	 	 	 	 	 	3	Positive	GNPS-LIBRARY	776.234	UPDATE-SINGLE-ANNOTATED-BRONZE	Bronze											mzspec:GNPS:GNPS-LIBRARY:CCMSLIB00005435824
M-H2O+H	"NCGC00180744-03_C19H24O6_Naphtho[2,3-b]furan-9(4H)-one, 4,8-bis(acetyloxy)-4a,5,6,7,8,8a-hexahydro-3,4a,5-trimethyl-, (4S,4aR,5S,8S,8aS)-"	CCMSLIB00000855373	66719	spectra_filtered.mgf	GNPS-NIH-NATURALPRODUCTSLIBRARY_ROUND2_POSITIVE.mgf	0.77017	9281000	0	2.39604	11	0.000793457	331.154	1	temp/spectra_filtered.mgf66719	1	LC-ESI	Maxis II HD Q-TOF Bruker	isolated	Jadhav/Dorrestein	lfnothias	331.153	348.157	1			C[C@H]1CC[C@H](OC(C)=O)[C@H]2C(=O)C3=C([C@@H](OC(C)=O)[C@]12C)C(=CO3)C	"InChI=1S/C19H24O6/c1-9-8-23-17-14(9)18(25-12(4)21)19(5)10(2)6-7-13(24-11(3)20)15(19)16(17)22/h8,10,13,15,18H,6-7H2,1-5H3/t10-,13-,15-,18+,19+/m0/s1"		1	positive	GNPS-NIH-NATURALPRODUCTSLIBRARY_ROUND2_POSITIVE	331.153	UPDATE-SINGLE-ANNOTATED-GOLD	Gold		C19H24O6	FBUJYYRONHLNQF-JTGGRASYSA-N	FBUJYYRONHLNQF	Lipids and lipid-like molecules	Prenol lipids	Sesquiterpenoids	Sesquiterpenoids	Eremophilane sesquiterpenoids	Terpenoids	mzspec:GNPS:GNPS-LIBRARY:CCMSLIB00000855373
	"(12Z,15Z)-9,10,11-Trihydroxyoctadeca-12,15-dienoic acid"	NIST3071846	58897	spectra_filtered.mgf	library.mgf	0.797415	29800000	0	0	9	0	275.201	1	temp/spectra_filtered.mgf58897	1																														
	"(1S,2S,8aR)-1-[(Z)-5-Hydroxy-3-methylpent-3-enyl]-2,5,5,8a-tetramethyl-3,4,4a,6,7,8-hexahydro-1H-naphthalen-2-ol"	NIST1891529	29088	spectra_filtered.mgf	library.mgf	0.991139	6910000	0	1.63643	7	0.000289917	177.164	1	temp/spectra_filtered.mgf29088	1																														
	"(1S,2S,8aR)-1-[(Z)-5-Hydroxy-3-methylpent-3-enyl]-2,5,5,8a-tetramethyl-3,4,4a,6,7,8-hexahydro-1H-naphthalen-2-ol"	NIST1891492	86023	spectra_filtered.mgf	library.mgf	0.80463	5103800	0	1.04775	9	0.000305176	291.268	1	temp/spectra_filtered.mgf86023	1																														
	"(5E,7E)-3-Acetamidoundeca-5,7-dienoic acid"	NIST3164711	32805	spectra_filtered.mgf	library.mgf	0.80327	132126000	0	0	5	0	163.112	1	temp/spectra_filtered.mgf32805	1																														
	"(E)-1-(3,4-Dihydroxy-2,6-dimethoxyphenyl)-3-phenylprop-2-en-1-one"	NIST1844353	59938	spectra_filtered.mgf	library.mgf	0.965086	43620000	0	0.304054	8	9.16E-05	301.107	1	temp/spectra_filtered.mgf59938	1																														
	"(E)-3,10-Dihydroxy-4,9-dimethyldodec-6-enedioic acid"	NIST1920941	43052	spectra_filtered.mgf	library.mgf	0.855079	863000	0	0	6	0	175.112	1	temp/spectra_filtered.mgf43052	1																														
	"(E)-3,10-Dihydroxy-4,9-dimethyldodec-6-enedioic acid"	NIST1920941	62631	spectra_filtered.mgf	library.mgf	0.772936	3114000	0	0.609962	5	0.000106812	175.112	1	temp/spectra_filtered.mgf62631	1																														
	"(E)-3,10-Dihydroxy-4,9-dimethyldodec-6-enedioic acid"	NIST1920951	26877	spectra_filtered.mgf	library.mgf	0.754699	54160000	0	1.86354	4	0.000579834	311.147	1	temp/spectra_filtered.mgf26877	1																														
	"(E)-3,10-Dihydroxy-4,9-dimethyldodec-6-enedioic acid"	NIST1920951	21647	spectra_filtered.mgf	library.mgf	0.776318	29964900	0	7.35608	4	0.00228882	311.149	1	temp/spectra_filtered.mgf21647	1																														
	"1-(2-Hydroxypropan-2-yl)-3a-methyl-6,10-dimethylidenetetradecahydrocyclopenta[11]annulene-5,9-diol"	NIST1925504	68657	spectra_filtered.mgf	library.mgf	0.83702	9460000	0	0.930572	6	0.000198364	213.164	1	temp/spectra_filtered.mgf68657	1																														
	"1-(2-Hydroxypropan-2-yl)-3a-methyl-6,10-dimethylidenetetradecahydrocyclopenta[11]annulene-5,9-diol"	NIST1925529	85912	spectra_filtered.mgf	library.mgf	0.83969	3342000	0	0.873161	5	0.000198364	227.18	1	temp/spectra_filtered.mgf85912	1																														
	"3,4-Dimethylbenzoic acid"	NIST1145268	34445	spectra_filtered.mgf	library.mgf	0.961447	70800000	0	0	6	0	151.075	1	temp/spectra_filtered.mgf34445	1																														
	3-Hydroxy-2-phenyl-1-isoindolinone	NIST1829263	57894	spectra_filtered.mgf	library.mgf	0.870845	4113000	0	0.51333	9	0.000106812	208.076	1	temp/spectra_filtered.mgf57894	1																														
	3-Hydroxy-2-phenyl-1-isoindolinone	NIST1829249	35917	spectra_filtered.mgf	library.mgf	0.986749	30333000	0	0	4	0	226.086	1	temp/spectra_filtered.mgf35917	1																														
	4-(Allylamino)benzoic acid	NIST3140340	4327	spectra_filtered.mgf	library.mgf	0.765759	6000000	0	0	4	0	160.076	1	temp/spectra_filtered.mgf4327	1																														
	"4,4,6-Trimethyl-1-phenyl-3,4-dihydro-2(1H)-pyrimidinethione"	NIST1969155	84568	spectra_filtered.mgf	library.mgf	0.957425	96790000	0	0.613409	7	0.000106812	174.128	1	temp/spectra_filtered.mgf84568	1																														
	"4,5-Epoxy-7Z,10Z,13Z,16Z,19Z-docosapentaenoic acid, methyl ester"	NIST1138497	85159	spectra_filtered.mgf	library.mgf	0.832252	10914000	0	0.268288	13	9.16E-05	341.247	1	temp/spectra_filtered.mgf85159	1																														
	"4,5-Epoxy-7Z,10Z,13Z,16Z,19Z-docosapentaenoic acid, methyl ester"	NIST1138480	84413	spectra_filtered.mgf	library.mgf	0.749195	3482400	0	0.254838	7	9.16E-05	359.258	1	temp/spectra_filtered.mgf84413	1																														
	"4,6-Dihydroxy-5a-methyl-3-methylidene-2-oxo-4,5,6,7,8,9,9a,9b-octahydro-3aH-benzo[g][1]benzofuran-9-carbaldehyde"	NIST3308824	30549	spectra_filtered.mgf	library.mgf	0.746216	4759000	0	0.809263	6	0.000198364	245.117	1	temp/spectra_filtered.mgf30549	1																														
	"4-[(E)-5-Hydroxy-3-methylpent-3-enyl]-3,5,5-trimethylcyclohex-2-en-1-one"	NIST1946664	75748	spectra_filtered.mgf	library.mgf	0.952516	12530000	0	0.66288	5	0.000106812	161.132	1	temp/spectra_filtered.mgf75748	1																														
	4'-Deoxyprovincialin	NIST3019283	38950	spectra_filtered.mgf	library.mgf	0.740057	55300000	0	1.33193	7	0.000305176	229.122	1	temp/spectra_filtered.mgf38950	1																														
	"4-Isopropyl-3,4,5,6,7,8-hexahydro-2(1H)-quinazolinethione"	NIST1928251	46731	spectra_filtered.mgf	library.mgf	0.882996	6470000	0	0.702045	6	0.000106812	152.143	1	temp/spectra_filtered.mgf46731	1																														
	"4-Isopropyl-3,4,5,6,7,8-hexahydro-2(1H)-quinazolinethione"	NIST1928251	23915	spectra_filtered.mgf	library.mgf	0.924465	31700000	0	0	6	0	152.143	1	temp/spectra_filtered.mgf23915	1																														
	"5-(2-Aminopropyl)-2,3-dihydrobenzofuran"	NIST1305113	21026	spectra_filtered.mgf	library.mgf	0.870136	70500000	0	0.66303	4	0.000106812	161.096	1	temp/spectra_filtered.mgf21026	1																														
	"5-(2-Aminopropyl)-2,3-dihydrobenzofuran"	NIST1305113	51050	spectra_filtered.mgf	library.mgf	0.874281	54034000	0	0	4	0	161.096	1	temp/spectra_filtered.mgf51050	1																														
	4-Amino-N-(4-chlorophenyl)benzenesulfonamide	NIST3412364	14518	spectra_filtered.mgf	library.mgf	0.94668	25910000	0	1.95611	5	0.000305176	156.011	1	temp/spectra_filtered.mgf14518	1																														
	Ethyl 4-amino-1-piperidinecarboxylate	NIST1628428	59421	spectra_filtered.mgf	library.mgf	0.959768	669400000	0	0.684242	4	0.000106812	156.102	1	temp/spectra_filtered.mgf59421	1																														
	Ethyl 4-amino-1-piperidinecarboxylate	NIST1628428	95463	spectra_filtered.mgf	library.mgf	0.957014	212650000	0	1.27074	4	0.000198364	156.102	1	temp/spectra_filtered.mgf95463	1																														
	"2-(3',3'-Dimethyl-6-nitrospiro[chromene-2,2'-indoline]-1'-yl)ethanol"	NIST1837682	11194	spectra_filtered.mgf	library.mgf	0.732603	10170000	0	0.579094	4	9.16E-05	158.096	1	temp/spectra_filtered.mgf11194	1																														
	"1H-Inden-2-amine, 2,3-dihydro-5-methoxy-6-methyl-"	NIST1422925	73664	spectra_filtered.mgf	library.mgf	0.904086	1617000000	0	0.66303	6	0.000106812	161.096	1	temp/spectra_filtered.mgf73664	1																														
	5-Formyl-2-hydroxy-3-methylbenzoic acid	NIST3385008	25463	spectra_filtered.mgf	library.mgf	0.785653	17050000	0	0.561539	4	9.16E-05	163.039	1	temp/spectra_filtered.mgf25463	1																														
	"6-Hydroxy-3,4-dihydro-1H-quinoline-2-one"	NIST1494390	24645	spectra_filtered.mgf	library.mgf	0.908575	117200000	0	0	5	0	164.071	1	temp/spectra_filtered.mgf24645	1																														
	Ethyl 4-{[(ethylamino)carbothioyl]amino}benzoate	NIST3297843	13599	spectra_filtered.mgf	library.mgf	0.976216	26221000	0	0.643109	5	0.000106812	166.086	1	temp/spectra_filtered.mgf13599	1																														
	Ethyl 4-{[(ethylamino)carbothioyl]amino}benzoate	NIST3297843	41337	spectra_filtered.mgf	library.mgf	0.991953	80789000	0	1.19434	6	0.000198364	166.087	1	temp/spectra_filtered.mgf41337	1																														
	"5-(2,5-Dihydroxyhexyl)oxolan-2-one"	NIST1947359	36856	spectra_filtered.mgf	library.mgf	0.862622	560000000	0	0	5	0	167.107	1	temp/spectra_filtered.mgf36856	1																														
	Leelamine	NIST1390744	82074	spectra_filtered.mgf	library.mgf	0.989513	167770000	0	0.616935	6	0.000106812	173.132	1	temp/spectra_filtered.mgf82074	1																														
	"1-(4-Bromo-3,5-dimethyl-1H-pyrazol-1-yl)propan-2-one"	NIST3412752	39924	spectra_filtered.mgf	library.mgf	0.968281	195900000	0	0.610399	4	0.000106812	174.987	1	temp/spectra_filtered.mgf39924	1																														
	"5-[(Z)-5-Hydroxy-3-methylpent-3-enyl]-1,4a-dimethyl-6-methylidene-3,4,5,7,8,8a-hexahydro-2H-naphthalene-1-carboxylic acid"	NIST1906387	66331	spectra_filtered.mgf	library.mgf	0.906505	27420000	0	0	7	0	175.148	1	temp/spectra_filtered.mgf66331	1																														
	"1-(4-Bromo-3,5-dimethyl-1H-pyrazol-1-yl)propan-2-one"	NIST3471499	39919	spectra_filtered.mgf	library.mgf	0.948356	127500000	0	0	4	0	176.984	1	temp/spectra_filtered.mgf39919	1																														
	"7,8-Dihydroxy-3,5,7-trimethyl-8,8a-dihydro-1H-isochromen-6-one"	NIST1843115	46353	spectra_filtered.mgf	library.mgf	0.817812	9670000	0	0.596357	5	0.000106812	179.107	1	temp/spectra_filtered.mgf46353	1																														
	"(E)-5-((1S,4R)-3,3-Dimethylbicyclo[2.2.1]heptan-2-yl)pent-3-en-2-one"	NIST3194042	77919	spectra_filtered.mgf	library.mgf	0.88203	491200000	0	0.564651	8	0.000106812	189.164	1	temp/spectra_filtered.mgf77919	1																														
	2-(4-Quinazolinylamino)ethanol	NIST1837466	15445	spectra_filtered.mgf	library.mgf	0.859855	89390000	0	0	4	0	190.098	1	temp/spectra_filtered.mgf15445	1																														
	N-Benzoyl-DL-leucine	NIST1790063	52348	spectra_filtered.mgf	library.mgf	0.930812	1673000000	0	0	4	0	190.123	1	temp/spectra_filtered.mgf52348	1																														
	"(5S)-1,2,3,4,5,6,7,8,9,10-Decahydro-5,9-methanobenzo[8]annulen-11-one"	NIST3194691	93628	spectra_filtered.mgf	library.mgf	0.855533	18230000	0	0.478975	8	9.16E-05	191.143	1	temp/spectra_filtered.mgf93628	1																														
	"(3E)-4-(2,4,6-Trimethyl-3-cyclohexen-1-yl)-3-buten-2-one"	NIST3347693	43960	spectra_filtered.mgf	library.mgf	0.853799	10730000	0	1.02695	7	0.000198364	193.159	1	temp/spectra_filtered.mgf43960	1																														
	4-(Butylamino)benzoic acid	NIST1557585	68215	spectra_filtered.mgf	library.mgf	0.965973	51920000	0	0	4	0	194.118	1	temp/spectra_filtered.mgf68215	1																														
	2-[(Dibenzylamino)carbonyl]benzoic acid	NIST1854055	23418	spectra_filtered.mgf	library.mgf	0.984706	14634000000	0	0	4	0	198.128	1	temp/spectra_filtered.mgf23418	1																														
	"5-Hydroxy-10,10-dimethyl-6-methylenebicyclo[7.2.0]undecan-2-one"	NIST3442612	51757	spectra_filtered.mgf	library.mgf	0.717963	6290000	0	0.446253	7	9.16E-05	205.159	1	temp/spectra_filtered.mgf51757	1																														
	"1-O-((2E,4E)-9-Carboxy-8-hydroxy-2,7-dimethylnona-2,4-dienoyl)-.beta.-D-glucopyranose"	NIST1931102	27906	spectra_filtered.mgf	library.mgf	0.851367	303000	0	12.5252	6	0.00259399	207.099	1	temp/spectra_filtered.mgf27906	1																														
	2-Benzoylbenzoic acid	NIST1202952	64008	spectra_filtered.mgf	library.mgf	0.883731	22080000	0	0	4	0	209.06	1	temp/spectra_filtered.mgf64008	1																														
	N-Cyclohexylcyclohexanecarboxamide	NIST3067627	62616	spectra_filtered.mgf	library.mgf	0.93881	149990000	0	0.508178	4	0.000106812	210.185	1	temp/spectra_filtered.mgf62616	1																														
	L-Tyrosine tert-butyl ester	NIST1699104	79340	spectra_filtered.mgf	library.mgf	0.71753	9804800000	0	0	5	0	221.117	1	temp/spectra_filtered.mgf79340	1																														
	"3-(Hepta-1,3-dienyl)hexanedioic acid"	NIST3155250	73345	spectra_filtered.mgf	library.mgf	0.749893	225000000	0	0	5	0	223.133	1	temp/spectra_filtered.mgf73345	1																														
	"Dimethyl 4-(2-furyl)-2,6-dimethyl-1,4-dihydro-3,5-pyridinedicarboxylate"	NIST1899794	51662	spectra_filtered.mgf	library.mgf	0.861085	46588000	0	0.885192	4	0.000198364	224.092	1	temp/spectra_filtered.mgf51662	1																														
	"4,4'-Dimethoxystilbene"	NIST1468205	73199	spectra_filtered.mgf	library.mgf	0.897245	88740000	0	0.474526	6	0.000106812	225.091	1	temp/spectra_filtered.mgf73199	1																														
	"5-Heptenoic acid, 7-[(1S,2S,3S,5R)-3-[[(4-iodophenyl)sulfonyl]amino]-6,6-dimethylbicyclo[3.1.1]hept-2-yl]-, (5Z)-"	NIST1417740	66635	spectra_filtered.mgf	library.mgf	0.806924	212869000	0	0	8	0	231.174	1	temp/spectra_filtered.mgf66635	1																														
	"2,3-Di(2-furyl)quinoxaline"	NIST1786593	37278	spectra_filtered.mgf	library.mgf	0.935258	17945000	0	0	4	0	235.087	1	temp/spectra_filtered.mgf37278	1																														
	"3-[5-(2-Methylpropyl)-3,6-dioxopiperazin-2-yl]propanoic acid"	NIST1931259	17128	spectra_filtered.mgf	library.mgf	0.996209	11565000	0	0.376553	11	9.16E-05	243.134	1	temp/spectra_filtered.mgf17128	1																														
	"3-[5-(2-Methylpropyl)-3,6-dioxopiperazin-2-yl]propanoic acid"	NIST1931258	5635	spectra_filtered.mgf	library.mgf	0.96727	11617000	0	0.439312	7	0.000106812	243.134	1	temp/spectra_filtered.mgf5635	1																														
	"6,8-Dihydroxy-8a-methyl-3,5-dimethylidenedecahydronaphtho[2,3-b]furan-2(3H)-one"	NIST3413205	17447	spectra_filtered.mgf	library.mgf	0.915151	9140000	0	0.432203	11	0.000106812	247.133	1	temp/spectra_filtered.mgf17447	1																														
	Adenylosuccinic acid	NIST1705361	3018	spectra_filtered.mgf	library.mgf	0.961249	11281000	0	0.423733	8	0.000106812	252.073	1	temp/spectra_filtered.mgf3018	1																														
	"4,11-Dimethyl-8-(propan-2-yl)-5,12-dioxatricyclo[9.1.0.04,6]dodecan-7-ol"	NIST1960466	71155	spectra_filtered.mgf	library.mgf	0.728667	418000000	0	0	7	0	255.195	1	temp/spectra_filtered.mgf71155	1																														
	2-(Benzothiazol-2-ylsulfanyl)cyclohexanone	NIST3247134	82312	spectra_filtered.mgf	library.mgf	0.98831	93685000	0	0.809022	10	0.000213623	264.051	1	temp/spectra_filtered.mgf82312	1																														
	"6,8-Dihydroxy-8a-methyl-3,5-dimethylidenedecahydronaphtho[2,3-b]furan-2(3H)-one"	NIST3413184	17969	spectra_filtered.mgf	library.mgf	0.876982	43350000	0	0	12	0	265.143	1	temp/spectra_filtered.mgf17969	1																														
	"4-((8a-(Hydroxymethyl)-5-(5-hydroxy-3-((((2Z)-2-methylbut-2-enoyl)oxy)methyl)pentyl)-5,6-dimethyl-3,4,4a,5,6,7,8,8a-octahydronaphthalen-1-yl)methoxy)-4-oxobutanoic acid"	NIST3313565	78900	spectra_filtered.mgf	library.mgf	0.804593	33660000	0	0.453411	12	0.00012207	269.226	1	temp/spectra_filtered.mgf78900	1																														
	"2-Naphthaleneacetic acid, decahydro-1-hydroxy-4a-methyl-.alpha.,8-bis(methylene)-, [1S-(1.alpha.,2.beta.,4a.beta.,8a.alpha.)]-"	NIST1953988	75699	spectra_filtered.mgf	library.mgf	0.801129	10692600	0	8.37947	4	0.00228882	273.148	1	temp/spectra_filtered.mgf75699	1																														
	"2-Naphthaleneacetic acid, decahydro-1-hydroxy-4a-methyl-.alpha.,8-bis(methylene)-, [1S-(1.alpha.,2.beta.,4a.beta.,8a.alpha.)]-"	NIST1953987	60544	spectra_filtered.mgf	library.mgf	0.787421	103200000	0	8.71464	4	0.00238037	273.148	1	temp/spectra_filtered.mgf60544	1																														
	1-Chloro-3-(triphenylphosphoranylidene)acetone	NIST3409825	93832	spectra_filtered.mgf	library.mgf	0.936359	103490000	0	0	4	0	279.093	1	temp/spectra_filtered.mgf93832	1																														
	1-Chloro-3-(triphenylphosphoranylidene)acetone	NIST3409814	63983	spectra_filtered.mgf	library.mgf	0.967917	1380200000	0	0	5	0	279.093	1	temp/spectra_filtered.mgf63983	1																														
	1-Chloro-3-(triphenylphosphoranylidene)acetone	NIST3409825	98204	spectra_filtered.mgf	library.mgf	0.939315	521420000	0	0	4	0	279.093	1	temp/spectra_filtered.mgf98204	1																														
	"tert-Butyl 11-oxo-2,3,6,7-tetrahydro-1H,5H,11H-pyrano[2,3-f]pyrido[3,2,1-ij]quinoline-10-carboxylate"	NIST3239690	68913	spectra_filtered.mgf	library.mgf	0.982742	121700000	0	1.70664	4	0.000488281	286.107	1	temp/spectra_filtered.mgf68913	1																														
	"4-((8a-(Hydroxymethyl)-5-(5-hydroxy-3-((((2Z)-2-methylbut-2-enoyl)oxy)methyl)pentyl)-5,6-dimethyl-3,4,4a,5,6,7,8,8a-octahydronaphthalen-1-yl)methoxy)-4-oxobutanoic acid"	NIST3313545	63575	spectra_filtered.mgf	library.mgf	0.701786	4063000	0	0.424981	9	0.00012207	287.237	1	temp/spectra_filtered.mgf63575	1																														
	"Heptanedioic acid, 1-[2-[(2-carboxyphenyl)methylene]hydrazide]"	NIST1317431	7570	spectra_filtered.mgf	library.mgf	0.714471	19076400	0	0.633324	4	0.000183105	289.118	1	temp/spectra_filtered.mgf7570	1																														
	cis-Parinaric acid methyl ester	NIST1643556	84321	spectra_filtered.mgf	library.mgf	0.766461	2103000	0	8.27824	8	0.00241089	291.229	1	temp/spectra_filtered.mgf84321	1																														
	"2-Oxiraneoctanoic acid, .eta.-hydroxy-3-octyl-"	NIST3166369	79597	spectra_filtered.mgf	library.mgf	0.757414	382600000	0	0	9	0	297.242	1	temp/spectra_filtered.mgf79597	1																														
	"Methyl (9Z,14Z)-12,13,16-trihydroxyoctadeca-9,14-dienoate"	NIST3100483	80868	spectra_filtered.mgf	library.mgf	0.747705	233460000	0	0.297997	7	9.16E-05	307.227	1	temp/spectra_filtered.mgf80868	1																														
	"5(6)-Epoxy-8Z,11Z,14Z,17Z-eicosatetraenoic acid, methyl ester"	NIST1138439	86629	spectra_filtered.mgf	library.mgf	0.88042	16350000	0	0	11	0	315.232	1	temp/spectra_filtered.mgf86629	1																														
	7(S)-Maresin 1	NIST1645295	75410	spectra_filtered.mgf	library.mgf	0.831012	153600000	0	1.21989	14	0.000396729	325.216	1	temp/spectra_filtered.mgf75410	1																														
	7(S)-Maresin 1	NIST1645279	79344	spectra_filtered.mgf	library.mgf	0.752828	77650000	0	0.622396	10	0.000213623	343.227	1	temp/spectra_filtered.mgf79344	1																														
	7(S)-Maresin 1	NIST1645327	76300	spectra_filtered.mgf	library.mgf	0.916185	11798000	0	0.955617	4	0.000366211	383.219	1	temp/spectra_filtered.mgf76300	1																														
	"3-(Acetyloxy)lanosta-8,24-dien-21-oic acid"	NIST3321913	93710	spectra_filtered.mgf	library.mgf	0.766451	11393000	0	1.87541	9	0.000823975	439.358	1	temp/spectra_filtered.mgf93710	1																														
	Ethyl 6-isopropyl-2-methyl-4-oxo-2-cyclohexene-1-carboxylate	NIST3347255	61999	spectra_filtered.mgf	library.mgf	0.812607	37331400	0	1.35848	4	0.000610352	449.29	1	temp/spectra_filtered.mgf61999	1																														
[2M-2H2O+NH4]+	Hexylene glycol_sus	CCMSLIB00012256051	19333	spectra_filtered.mgf	CMMC-REFRAME-POSITIVE-LIBRARY.mgf	0.885324	248620000	0	2.72714	5	0.000595093	218.212	1	temp/spectra_filtered.mgf19333	1	LC-ESI	Orbitrap	Commercial	Pieter C. Dorrestein	Nina Haoqi Zhao	218.211	118.099	1			CC(O)CC(C)(C)O	"""InChI=1S/C6H14O2/c1-5(7)4-6(2,3)8/h5,7-8H,4H2,1-3H3"""	SVTBMSDMJJWYQN-UHFFFAOYSA-N	1	Positive	PRIVATE-LIB	218.211	UPDATE-SINGLE-ANNOTATED-GOLD	Gold		C6H14O2	SVTBMSDMJJWYQN-UHFFFAOYSA-N	SVTBMSDMJJWYQN	Organic oxygen compounds	Organooxygen compounds	Alcohols and polyols	Fatty acyls|Monoterpenoids	Acyclic monoterpenoids|Fatty alcohols	Fatty acids|Terpenoids	mzspec:GNPS:GNPS-LIBRARY:CCMSLIB00012256051
[2M-H2O+H]+	"""2-ETHYL-1,3-HEXANEDIOL"""	CCMSLIB00012259844	85070	spectra_filtered.mgf	CMMC-REFRAME-POSITIVE-LIBRARY.mgf	0.837595	76290000	0	0.332607	6	9.16E-05	275.258	1	temp/spectra_filtered.mgf85070	1	LC-ESI	Orbitrap	Commercial	Pieter C. Dorrestein	Nina Haoqi Zhao	275.258	146.131	1			CCCC(O)C(CC)CO	"""InChI=1S/C8H18O2/c1-3-5-8(10)7(4-2)6-9/h7-10H,3-6H2,1-2H3"""	RWLALWYNXFYRGW-UHFFFAOYSA-N	1	Positive	PRIVATE-LIB	275.258	UPDATE-SINGLE-ANNOTATED-GOLD	Gold		C8H18O2	RWLALWYNXFYRGW-UHFFFAOYSA-N	RWLALWYNXFYRGW	Lipids and lipid-like molecules	Fatty Acyls	Fatty alcohols	Fatty acyls	Fatty alcohols	Fatty acids	mzspec:GNPS:GNPS-LIBRARY:CCMSLIB00012259844
[M]+	Cetalkonium	CCMSLIB00013022487	86524	spectra_filtered.mgf	MSNLIB-POSITIVE.mgf	0.787762	73628700	0	1.69372	5	0.000610352	360.363	1	temp/spectra_filtered.mgf86524	1	ESI	Orbitrap	Commercial	Tomas Pluskal	Corinna Brungs	360.362	360.362	1			CCCCCCCCCCCCCCCC[N+](C)(C)Cc1ccccc1	"InChI=1S/C25H46N/c1-4-5-6-7-8-9-10-11-12-13-14-15-16-20-23-26(2,3)24-25-21-18-17-19-22-25/h17-19,21-22H,4-16,20,23-24H2,1-3H3/q+1"	QDYLMAYUEZBUFO-UHFFFAOYSA-N	1	Positive	MSNLIB-POSITIVE	360.362	UPDATE-SINGLE-ANNOTATED-GOLD	Gold			QDYLMAYUEZBUFO-UHFFFAOYSA-N	QDYLMAYUEZBUFO	Benzenoids	Benzene and substituted derivatives	Phenylmethylamines				mzspec:GNPS:GNPS-LIBRARY:CCMSLIB00013022487
[M]+	Rhodamine B cation	CCMSLIB00012357843	71909	spectra_filtered.mgf	MSNLIB-POSITIVE.mgf	0.892033	10812000	0	1.5836	5	0.000701904	443.232	1	temp/spectra_filtered.mgf71909	1	ESI	Orbitrap	Crude	Tomas Pluskal	Corinna Brungs	443.233	443.233	1			CCN(CC)c1cc2c(cc1)c(-c1ccccc1C(=O)O)c1ccc(=[N+](CC)CC)cc-1o2	"InChI=1S/C28H30N2O3/c1-5-29(6-2)19-13-15-23-25(17-19)33-26-18-20(30(7-3)8-4)14-16-24(26)27(23)21-11-9-10-12-22(21)28(31)32/h9-18H,5-8H2,1-4H3/p+1"	CVAVMIODJQHEEH-UHFFFAOYSA-O	1	Positive	MSNLIB-POSITIVE	443.233	UPDATE-SINGLE-ANNOTATED-GOLD	Gold			CVAVMIODJQHEEH-UHFFFAOYSA-O	CVAVMIODJQHEEH	Organoheterocyclic compounds	Benzopyrans	1-benzopyrans				mzspec:GNPS:GNPS-LIBRARY:CCMSLIB00012357843
[M+H]+	"MassbankEU:SM884101 2-(4-Morpholinyl)benzothiazole|4-(1,3-benzothiazol-2-yl)morpholine"	CCMSLIB00000842092	47784	spectra_filtered.mgf	MASSBANKEU.mgf	0.819125	9050000	0	2.20868	4	0.000488281	221.074	1	temp/spectra_filtered.mgf47784	1	ESI	LC-ESI-QFT	Isolated	Massbank EU	Massbank	221.074	0	1	4225-26-7		C1CN(CCO1)C1=NC2=CC=CC=C2S1	"1S/C11H12N2OS/c1-2-4-10-9(3-1)12-11(15-10)13-5-7-14-8-6-13/h1-4H,5-8H2"		3	Positive	MASSBANKEU	221.074	UPDATE-SINGLE-ANNOTATED-BRONZE	Bronze		C11H12N2OS	VVUVJGRVEYHIHC-UHFFFAOYSA-N	VVUVJGRVEYHIHC				Anthranilic acid alkaloids		Alkaloids	mzspec:GNPS:GNPS-LIBRARY:CCMSLIB00000842092
[M+H]+	"MassbankEU:SM882601 2-Benzothiazolesulfonic acid|Benzothiazole-2-sulfonic acid|1,3-benzothiazole-2-sulfonic acid"	CCMSLIB00000842076	16983	spectra_filtered.mgf	MASSBANKEU.mgf	0.941196	3489000	0	1.83689	7	0.000396729	215.978	1	temp/spectra_filtered.mgf16983	1	ESI	LC-ESI-QFT	Isolated	Massbank EU	Massbank	215.978	0	1	941-57-1		OS(=O)(=O)C1=NC2=CC=CC=C2S1	"1S/C7H5NO3S2/c9-13(10,11)7-8-5-3-1-2-4-6(5)12-7/h1-4H,(H,9,10,11)"		3	Positive	MASSBANKEU	215.978	UPDATE-SINGLE-ANNOTATED-BRONZE	Bronze		C7H5NO3S2	ZCXGMSGCBDSEOY-UHFFFAOYSA-N	ZCXGMSGCBDSEOY						Shikimates and Phenylpropanoids	mzspec:GNPS:GNPS-LIBRARY:CCMSLIB00000842076
[M+H]+	"MassbankEU:SM871201 2-Hydroxybenzothiazole|Benzothiazolone|3H-1,3-benzothiazol-2-one"	CCMSLIB00000841993	34539	spectra_filtered.mgf	MASSBANKEU.mgf	0.993716	78560000	0	3.91467	6	0.000595093	152.017	1	temp/spectra_filtered.mgf34539	1	ESI	LC-ESI-QFT	Isolated	Massbank EU	Massbank	152.016	0	1			O=C1NC2=C(S1)C=CC=C2	"1S/C7H5NOS/c9-7-8-5-3-1-2-4-6(5)10-7/h1-4H,(H,8,9)"		3	Positive	MASSBANKEU	152.016	UPDATE-SINGLE-ANNOTATED-BRONZE	Bronze		C7H5NOS	YEDUAINPPJYDJZ-UHFFFAOYSA-N	YEDUAINPPJYDJZ				Anthranilic acid alkaloids	Acridone alkaloids	Alkaloids	mzspec:GNPS:GNPS-LIBRARY:CCMSLIB00000841993
[M+H]+	"MassbankEU:SM878502 2-Mercaptobenzothiazole|3H-1,3-benzothiazole-2-thione"	CCMSLIB00000842034	90795	spectra_filtered.mgf	MASSBANKEU.mgf	0.98746	11575000	0	1.18078	7	0.000198364	167.994	1	temp/spectra_filtered.mgf90795	1	ESI	LC-ESI-QFT	Isolated	Massbank EU	Massbank	167.994	0	1	149-30-4		SC1=NC2=CC=CC=C2S1	"1S/C7H5NS2/c9-7-8-5-3-1-2-4-6(5)10-7/h1-4H,(H,8,9)"		3	Positive	MASSBANKEU	167.994	UPDATE-SINGLE-ANNOTATED-BRONZE	Bronze		C7H5NS2	YXIWHUQXZSMYRE-UHFFFAOYSA-N	YXIWHUQXZSMYRE							mzspec:GNPS:GNPS-LIBRARY:CCMSLIB00000842034
[M+H]+	"MassbankEU:SM878502 2-Mercaptobenzothiazole|3H-1,3-benzothiazole-2-thione"	CCMSLIB00000842034	51203	spectra_filtered.mgf	MASSBANKEU.mgf	0.99714	35600000	0	0.635806	7	0.000106812	167.994	1	temp/spectra_filtered.mgf51203	1	ESI	LC-ESI-QFT	Isolated	Massbank EU	Massbank	167.994	0	1	149-30-4		SC1=NC2=CC=CC=C2S1	"1S/C7H5NS2/c9-7-8-5-3-1-2-4-6(5)10-7/h1-4H,(H,8,9)"		3	Positive	MASSBANKEU	167.994	UPDATE-SINGLE-ANNOTATED-BRONZE	Bronze		C7H5NS2	YXIWHUQXZSMYRE-UHFFFAOYSA-N	YXIWHUQXZSMYRE							mzspec:GNPS:GNPS-LIBRARY:CCMSLIB00000842034
[M+H]+	MassbankEU:SM808102 Benzanilide|N-phenylbenzamide	CCMSLIB00000841517	65097	spectra_filtered.mgf	MASSBANKEU.mgf	0.988981	3939400	0	1.46355	6	0.000289917	198.091	1	temp/spectra_filtered.mgf65097	1	ESI	LC-ESI-QFT	Isolated	Massbank EU	Massbank	198.091	0	1	93-98-1		O=C(NC1=CC=CC=C1)C1=CC=CC=C1	"1S/C13H11NO/c15-13(11-7-3-1-4-8-11)14-12-9-5-2-6-10-12/h1-10H,(H,14,15)"		3	Positive	MASSBANKEU	198.091	UPDATE-SINGLE-ANNOTATED-BRONZE	Bronze		C13H11NO	ZVSKZLHKADLHSD-UHFFFAOYSA-N	ZVSKZLHKADLHSD	Benzenoids	Benzene and substituted derivatives	Anilides			Shikimates and Phenylpropanoids	mzspec:GNPS:GNPS-LIBRARY:CCMSLIB00000841517
[M+H]+	"Massbank:UF408901 Caffeine|1,3,7-trimethyl-3,7-dihydro-1H-purine-2,6-dione|1,3,7-trimethylpurine-2,6-dione"	CCMSLIB00000223680	13470	spectra_filtered.mgf	MASSBANK.mgf	0.991067	292130000	0	1.48608	6	0.000289917	195.088	1	temp/spectra_filtered.mgf13470	1	ESI	LC-ESI-ITFT	Isolated	Putative Massbank Match	Massbank	195.088	0	1	1958/08/02		CN1C=NC2=C1C(=O)N(C)C(=O)N2C	"1S/C8H10N4O2/c1-10-4-9-6-5(10)7(13)12(3)8(14)11(6)2/h4H,1-3H3"		3	Positive	MASSBANK	195.088	UPDATE-SINGLE-ANNOTATED-BRONZE	Bronze		C8H10N4O2	RYYVLZVUVIJVGH-UHFFFAOYSA-N	RYYVLZVUVIJVGH	Organoheterocyclic compounds	Imidazopyrimidines	Purines and purine derivatives	Pseudoalkaloids	Purine alkaloids	Alkaloids	mzspec:GNPS:GNPS-LIBRARY:CCMSLIB00000223680
[M+H]+	MoNA:959007 Dimethyl Phthalate	CCMSLIB00000569151	50387	spectra_filtered.mgf	MONA.mgf	0.995299	3315100000	0	1.56448	6	0.000305176	195.065	1	temp/spectra_filtered.mgf50387	1	LC-ESI-QFT	LC-ESI-QFT	isolated	MoNA	MoNA	195.065	0	1			COC(=O)c1ccccc1C(=O)OC	"InChI=1S/C10H10O4/c1-13-9(11)7-5-3-4-6-8(7)10(12)14-2/h3-6H,1-2H3"		3		MONA	195.065	UPDATE-SINGLE-ANNOTATED-BRONZE	Bronze		C10H10O4	NIQCNGHVCWTJSM-UHFFFAOYSA-N	NIQCNGHVCWTJSM	Benzenoids	Benzene and substituted derivatives	Benzoic acids and derivatives	Phenolic acids (C6-C1)	Simple phenolic acids	Shikimates and Phenylpropanoids	mzspec:GNPS:GNPS-LIBRARY:CCMSLIB00000569151
[M+H]+	MassbankEU:SM881501 Diphenylphosphate|Diphenyl hydrogen phosphate	CCMSLIB00000842066	85970	spectra_filtered.mgf	MASSBANKEU.mgf	0.938398	7972000	0	2.37044	10	0.000595093	251.046	1	temp/spectra_filtered.mgf85970	1	ESI	LC-ESI-QFT	Isolated	Massbank EU	Massbank	251.047	0	1	838-85-7		OP(=O)(OC1=CC=CC=C1)OC1=CC=CC=C1	"1S/C12H11O4P/c13-17(14,15-11-7-3-1-4-8-11)16-12-9-5-2-6-10-12/h1-10H,(H,13,14)"		3	Positive	MASSBANKEU	251.047	UPDATE-SINGLE-ANNOTATED-BRONZE	Bronze		C12H11O4P	ASMQGLCHMVWBQR-UHFFFAOYSA-N	ASMQGLCHMVWBQR	Organic acids and derivatives	Organic phosphoric acids and derivatives	Phosphate esters			Shikimates and Phenylpropanoids	mzspec:GNPS:GNPS-LIBRARY:CCMSLIB00000842066
[M+H]+	102-60-3	CCMSLIB00012356623	2917	spectra_filtered.mgf	MSNLIB-POSITIVE.mgf	0.988088	18440900	0	3.74649	6	0.00109863	293.244	1	temp/spectra_filtered.mgf2917	1	ESI	Orbitrap	Crude	Tomas Pluskal	Corinna Brungs	293.243	292.236	1			CC(O)CN(CCN(CC(C)O)CC(C)O)CC(C)O	"InChI=1S/C14H32N2O4/c1-11(17)7-15(8-12(2)18)5-6-16(9-13(3)19)10-14(4)20/h11-14,17-20H,5-10H2,1-4H3"	NSOXQYCFHDMMGV-UHFFFAOYSA-N	1	Positive	MSNLIB-POSITIVE	293.243	UPDATE-SINGLE-ANNOTATED-GOLD	Gold		C14H32N2O4	NSOXQYCFHDMMGV-UHFFFAOYSA-N	NSOXQYCFHDMMGV	Organic nitrogen compounds	Organonitrogen compounds	Amines				mzspec:GNPS:GNPS-LIBRARY:CCMSLIB00012356623
[M+H]+	MassbankEU:SM823802 Phenylbenzimidazole sulfonic acid|27503-81-7|2-phenyl-3H-benzimidazol-1-ium-5-sulfonate	CCMSLIB00000841627	12896	spectra_filtered.mgf	MASSBANKEU.mgf	0.938725	27180000	0	1.77526	6	0.000488281	275.048	1	temp/spectra_filtered.mgf12896	1	ESI	LC-ESI-QFT	Isolated	Massbank EU	Massbank	275.048	0	1	27503-81-7		OS(=O)(=O)C1=CC=C2N=C(NC2=C1)C1=CC=CC=C1	"1S/C13H10N2O3S/c16-19(17,18)10-6-7-11-12(8-10)15-13(14-11)9-4-2-1-3-5-9/h1-8H,(H,14,15)(H,16,17,18)"		3	Positive	MASSBANKEU	275.048	UPDATE-SINGLE-ANNOTATED-BRONZE	Bronze		C13H10N2O3S	UVCJGUGAGLDPAA-UHFFFAOYSA-N	UVCJGUGAGLDPAA	Organoheterocyclic compounds	Benzimidazoles	Phenylbenzimidazoles			Alkaloids	mzspec:GNPS:GNPS-LIBRARY:CCMSLIB00000841627
[M+H]+	"Massbank:EA066004 Galaxolidone|1,3,4,6,7,8-Hexahydro-4,6,6,7,8,8-hexamethylcyclopenta[g]-2-benzopyran-1-on"	CCMSLIB00000208677	72188	spectra_filtered.mgf	MASSBANK.mgf	0.967255	597290000	0	0.670262	6	0.000183105	273.185	1	temp/spectra_filtered.mgf72188	1	ESI	LC-ESI-ITFT	Isolated	Putative Massbank Match	Massbank	273.185	0	1	256393-37-0		CC2(C)c1cc3C(=O)OCC(C)c3cc1C(C)(C)C2C	"1S/C18H24O2/c1-10-9-20-16(19)13-8-15-14(7-12(10)13)17(3,4)11(2)18(15,5)6/h7-8,10-11H,9H2,1-6H3"		3	Positive	MASSBANK	273.185	UPDATE-SINGLE-ANNOTATED-BRONZE	Bronze		C18H24O2	PGMHPYRIXBRRQD-UHFFFAOYSA-N	PGMHPYRIXBRRQD	Organoheterocyclic compounds	Benzopyrans	2-benzopyrans	Sesquiterpenoids	Botryane sesquiterpenoids	Terpenoids	mzspec:GNPS:GNPS-LIBRARY:CCMSLIB00000208677
[M+H]+	"Massbank:EA278401 DDAO| N,N-dimethyl-1-decanamine oxide|NN-Dimethyldicylamine N-oxide"	CCMSLIB00000211074	62099	spectra_filtered.mgf	MASSBANK.mgf	0.88133	13325000	0	1.9619	5	0.000396729	202.217	1	temp/spectra_filtered.mgf62099	1	ESI	LC-ESI-ITFT	Isolated	Putative Massbank Match	Massbank	202.217	0	1	2605-79-0		N(C)(CCCCCCCCCC)(C)=O	"1S/C12H27NO/c1-4-5-6-7-8-9-10-11-12-13(2,3)14/h4-12H2,1-3H3"		3	Positive	MASSBANK	202.217	UPDATE-SINGLE-ANNOTATED-BRONZE	Bronze		C12H27NO	ZRKZFNZPJKEWPC-UHFFFAOYSA-N	ZRKZFNZPJKEWPC	Organic nitrogen compounds	Organonitrogen compounds	Aminoxides	Fatty acyls	Hydrocarbons	Fatty acids	mzspec:GNPS:GNPS-LIBRARY:CCMSLIB00000211074
[M+H]+	MassbankEU:SM823401 N-Butylbenzenesulfonamide	CCMSLIB00000841624	61737	spectra_filtered.mgf	MASSBANKEU.mgf	0.950771	1690360000	0	1.85309	6	0.000396729	214.09	1	temp/spectra_filtered.mgf61737	1	ESI	LC-ESI-QFT	Isolated	Massbank EU	Massbank	214.09	0	1	3622-84-2		CCCCNS(=O)(=O)C1=CC=CC=C1	"1S/C10H15NO2S/c1-2-3-9-11-14(12,13)10-7-5-4-6-8-10/h4-8,11H,2-3,9H2,1H3"		3	Positive	MASSBANKEU	214.09	UPDATE-SINGLE-ANNOTATED-BRONZE	Bronze		C10H15NO2S	IPRJXAGUEGOFGG-UHFFFAOYSA-N	IPRJXAGUEGOFGG	Benzenoids	Benzene and substituted derivatives	Benzenesulfonamides	Ornithine alkaloids	Polyamines	Alkaloids	mzspec:GNPS:GNPS-LIBRARY:CCMSLIB00000841624
[M+H]+	MassbankEU:SM823601 N-Ethyl-o-toluenesulfonamide|N-ethyl-2-methylbenzenesulfonamide	CCMSLIB00000841625	51514	spectra_filtered.mgf	MASSBANKEU.mgf	0.911911	13555000	0	0	5	0	200.074	1	temp/spectra_filtered.mgf51514	1	ESI	LC-ESI-QFT	Isolated	Massbank EU	Massbank	200.074	0	1	8047-99-2		CCNS(=O)(=O)C1=C(C)C=CC=C1	"1S/C9H13NO2S/c1-3-10-13(11,12)9-7-5-4-6-8(9)2/h4-7,10H,3H2,1-2H3"		3	Positive	MASSBANKEU	200.074	UPDATE-SINGLE-ANNOTATED-BRONZE	Bronze		C9H13NO2S	NATWUQFQFMZVMT-UHFFFAOYSA-N	NATWUQFQFMZVMT	Benzenoids	Benzene and substituted derivatives	Benzenesulfonamides			Alkaloids	mzspec:GNPS:GNPS-LIBRARY:CCMSLIB00000841625
[M+H]+	MassbankEU:SM883101 Triethylphosphate|Triethyl phosphate	CCMSLIB00000842082	22748	spectra_filtered.mgf	MASSBANKEU.mgf	0.99233	15112000000	0	0.500075	4	9.16E-05	183.078	1	temp/spectra_filtered.mgf22748	1	ESI	LC-ESI-QFT	Isolated	Massbank EU	Massbank	183.078	0	1	78-40-0		CCOP(=O)(OCC)OCC	"1S/C6H15O4P/c1-4-8-11(7,9-5-2)10-6-3/h4-6H2,1-3H3"		3	Positive	MASSBANKEU	183.078	UPDATE-SINGLE-ANNOTATED-BRONZE	Bronze		C6H15O4P	DQWPFSLDHJDLRL-UHFFFAOYSA-N	DQWPFSLDHJDLRL	Organic acids and derivatives	Organic phosphoric acids and derivatives	Phosphate esters			Fatty acids	mzspec:GNPS:GNPS-LIBRARY:CCMSLIB00000842082
[M+H]+	MassbankEU:SM879502 Triphenylphosphate|Triphenyl phosphate	CCMSLIB00000842044	81154	spectra_filtered.mgf	MASSBANKEU.mgf	0.965652	137820000	0	0.279911	17	9.16E-05	327.078	1	temp/spectra_filtered.mgf81154	1	ESI	LC-ESI-QFT	Isolated	Massbank EU	Massbank	327.078	0	1	115-86-6		O=P(OC1=CC=CC=C1)(OC1=CC=CC=C1)OC1=CC=CC=C1	"1S/C18H15O4P/c19-23(20-16-10-4-1-5-11-16,21-17-12-6-2-7-13-17)22-18-14-8-3-9-15-18/h1-15H"		3	Positive	MASSBANKEU	327.078	UPDATE-SINGLE-ANNOTATED-BRONZE	Bronze		C18H15O4P	XZZNDPSIHUTMOC-UHFFFAOYSA-N	XZZNDPSIHUTMOC	Organic acids and derivatives	Organic phosphoric acids and derivatives	Phosphate esters			Shikimates and Phenylpropanoids	mzspec:GNPS:GNPS-LIBRARY:CCMSLIB00000842044
[M+NH4]+	DOCUSATE_sus	CCMSLIB00012261231	87679	spectra_filtered.mgf	CMMC-REFRAME-POSITIVE-LIBRARY.mgf	0.703266	7449000	0	0	6	0	440.268	1	temp/spectra_filtered.mgf87679	1	LC-ESI	Orbitrap	Commercial	Pieter C. Dorrestein	Nina Haoqi Zhao	440.268	422.234	1			CCCCC(CC)COC(=O)CC(C(=O)OCC(CC)CCCC)S(=O)(=O)O	"""InChI=1S/C20H38O7S/c1-5-9-11-16(7-3)14-26-19(21)13-18(28(23,24)25)20(22)27-15-17(8-4)12-10-6-2/h16-18H,5-15H2,1-4H3,(H,23,24,25)"""	HNSDLXPSAYFUHK-UHFFFAOYSA-N	1	Positive	PRIVATE-LIB	440.268	UPDATE-SINGLE-ANNOTATED-GOLD	Gold		C20H38O7S	HNSDLXPSAYFUHK-UHFFFAOYSA-N	HNSDLXPSAYFUHK	Lipids and lipid-like molecules	Fatty Acyls	Fatty acid esters	Fatty esters	Wax monoesters	Fatty acids	mzspec:GNPS:GNPS-LIBRARY:CCMSLIB00012261231
[M+NH4]+	Nonoxynol-9_sus	CCMSLIB00012249708	86857	spectra_filtered.mgf	CMMC-REFRAME-POSITIVE-LIBRARY.mgf	0.87857	107483000	0	7.59991	16	0.00482178	634.447	1	temp/spectra_filtered.mgf86857	1	LC-ESI	Orbitrap	Commercial	Pieter C. Dorrestein	Nina Haoqi Zhao	634.452	616.419	1			CCCCCCCCCc1ccc(OCCOCCOCCOCCOCCOCCOCCOCCOCCO)cc1	"""InChI=1S/C33H60O10/c1-2-3-4-5-6-7-8-9-32-10-12-33(13-11-32)43-31-30-42-29-28-41-27-26-40-25-24-39-23-22-38-21-20-37-19-18-36-17-16-35-15-14-34/h10-13,34H,2-9,14-31H2,1H3"""	FBWNMEQMRUMQSO-UHFFFAOYSA-N	1	Positive	PRIVATE-LIB	634.452	UPDATE-SINGLE-ANNOTATED-GOLD	Gold		C33H60O10	FBWNMEQMRUMQSO-UHFFFAOYSA-N	FBWNMEQMRUMQSO	Organic oxygen compounds	Organooxygen compounds	Ethers	Glycerophospholipids		Fatty acids	mzspec:GNPS:GNPS-LIBRARY:CCMSLIB00012249708
[M+NH4]+	Nonoxynol-9_sus	CCMSLIB00012249708	86442	spectra_filtered.mgf	CMMC-REFRAME-POSITIVE-LIBRARY.mgf	0.905151	1384010000	0	0.577208	15	0.000366211	634.452	1	temp/spectra_filtered.mgf86442	1	LC-ESI	Orbitrap	Commercial	Pieter C. Dorrestein	Nina Haoqi Zhao	634.452	616.419	1			CCCCCCCCCc1ccc(OCCOCCOCCOCCOCCOCCOCCOCCOCCO)cc1	"""InChI=1S/C33H60O10/c1-2-3-4-5-6-7-8-9-32-10-12-33(13-11-32)43-31-30-42-29-28-41-27-26-40-25-24-39-23-22-38-21-20-37-19-18-36-17-16-35-15-14-34/h10-13,34H,2-9,14-31H2,1H3"""	FBWNMEQMRUMQSO-UHFFFAOYSA-N	1	Positive	PRIVATE-LIB	634.452	UPDATE-SINGLE-ANNOTATED-GOLD	Gold		C33H60O10	FBWNMEQMRUMQSO-UHFFFAOYSA-N	FBWNMEQMRUMQSO	Organic oxygen compounds	Organooxygen compounds	Ethers	Glycerophospholipids		Fatty acids	mzspec:GNPS:GNPS-LIBRARY:CCMSLIB00012249708
[M-H2O+H]+	diethylmaleic acid	CCMSLIB00012260491	66598	spectra_filtered.mgf	CMMC-REFRAME-POSITIVE-LIBRARY.mgf	0.827957	1590000	0	1.86959	5	0.000289917	155.07	1	temp/spectra_filtered.mgf66598	1	LC-ESI	Orbitrap	Commercial	Pieter C. Dorrestein	Nina Haoqi Zhao	155.07	172.074	1			CCC(C(=O)O)=C(CC)C(=O)O	"""InChI=1S/C8H12O4/c1-3-5(7(9)10)6(4-2)8(11)12/h3-4H2,1-2H3,(H,9,10)(H,11,12)/b6-5-"""	HAHASQAKYSVXBE-WAYWQWQTSA-N	1	Positive	PRIVATE-LIB	155.07	UPDATE-SINGLE-ANNOTATED-GOLD	Gold		C8H12O4	HAHASQAKYSVXBE-UHFFFAOYSA-N	HAHASQAKYSVXBE	Lipids and lipid-like molecules	Fatty Acyls	Fatty acids and conjugates	Fatty Acids and Conjugates	Branched fatty acids	Fatty acids	mzspec:GNPS:GNPS-LIBRARY:CCMSLIB00012260491
2M+H	Spectral Match to Monolauryl phosphate from NIST14	CCMSLIB00003139120	71436	spectra_filtered.mgf	GNPS-NIST14-MATCHES.mgf	0.986797	340995000	0	2.05993	6	0.00109863	533.337	1	temp/spectra_filtered.mgf71436	1	ESI	QqQ	Isolated	Data from Jessica Metcalf	Data deposited by mjmeehan	533.336	0	1	2627352					3	Positive	GNPS-NIST14-MATCHES	533.336	UPDATE-SINGLE-ANNOTATED-BRONZE	Bronze											mzspec:GNPS:GNPS-LIBRARY:CCMSLIB00003139120
2M+H	Spectral Match to Triphenylphosphine oxide from NIST14	CCMSLIB00003136800	65398	spectra_filtered.mgf	GNPS-NIST14-MATCHES.mgf	0.918214	46689000	0	0.328629	4	0.000183105	557.18	1	temp/spectra_filtered.mgf65398	1	ESI	qTof	Isolated	Data from Wolfender/Litaudon	Data deposited by pmallard	557.18	278.086	1	791286		C1=CC=C(C=C1)P(=O)(C2=CC=CC=C2)C3=CC=CC=C3	"InChI=1S/C18H15OP/c19-20(16-10-4-1-5-11-16,17-12-6-2-7-13-17)18-14-8-3-9-15-18/h1-15H"		3	Positive	GNPS-NIST14-MATCHES	557.18	UPDATE-SINGLE-ANNOTATED-BRONZE	Bronze		C18H15OP	FIQMHBFVRAXMOP-UHFFFAOYSA-N	FIQMHBFVRAXMOP	Benzenoids	Benzene and substituted derivatives	Phenylphosphines and derivatives			Shikimates and Phenylpropanoids	mzspec:GNPS:GNPS-LIBRARY:CCMSLIB00003136800
Cat	Spectral Match to Dimethyldioctadecylammonium cation from NIST14	CCMSLIB00003137032	97631	spectra_filtered.mgf	GNPS-NIST14-MATCHES.mgf	0.706509	10908000	0	0.332539	4	0.000183105	550.628	1	temp/spectra_filtered.mgf97631	1	ESI	QqQ	Isolated	Data from Pieter Dorrestein	Data deposited by lfnothias	550.628	0	1	14357212					3	Positive	GNPS-NIST14-MATCHES	550.628	UPDATE-SINGLE-ANNOTATED-BRONZE	Bronze											mzspec:GNPS:GNPS-LIBRARY:CCMSLIB00003137032
M	"Massbank:TUE00282 Denatonium|N-Benzyl-2-[(2,6-dimethylphenyl)amino]-N,N-diethyl-2-oxoethanaminium"	CCMSLIB00005755132	51733	spectra_filtered.mgf	MASSBANK.mgf	0.986767	21023000	0	1.87669	5	0.000610352	325.228	1	temp/spectra_filtered.mgf51733	1	ESI	qTof	Isolated	Massbank	Massbank	325.227	0	1			CC[N+](CC)(Cc1ccccc1)CC(=O)Nc2c(cccc2C)C	"1S/C21H28N2O/c1-5-23(6-2,15-19-13-8-7-9-14-19)16-20(24)22-21-17(3)11-10-12-18(21)4/h7-14H,5-6,15-16H2,1-4H3/p+1"		3	Positive	MASSBANK	325.227	UPDATE-SINGLE-ANNOTATED-BRONZE	Bronze			ZFQMTVNLDNXRNQ-UHFFFAOYSA-O	ZFQMTVNLDNXRNQ	Organic acids and derivatives	Carboxylic acids and derivatives	"Amino acids, peptides, and analogues"				mzspec:GNPS:GNPS-LIBRARY:CCMSLIB00005755132
M	Massbank: Myristamidopropyl betaine|carboxymethyl-dimethyl-[3-(tetradecanoylamino)propyl]azanium	CCMSLIB00005726170	73585	spectra_filtered.mgf	MASSBANK.mgf	0.979551	3063250000	0	0.493111	6	0.000183105	371.327	1	temp/spectra_filtered.mgf73585	1	ESI	Hybrid FT	Isolated	Massbank	Massbank	371.327	0	1			CCCCCCCCCCCCCC(=O)NCCC[N+](C)(C)CC(O)=O	"1S/C21H42N2O3/c1-4-5-6-7-8-9-10-11-12-13-14-16-20(24)22-17-15-18-23(2,3)19-21(25)26/h4-19H2,1-3H3,(H-,22,24,25,26)/p+1"		3	Positive	MASSBANK	371.327	UPDATE-SINGLE-ANNOTATED-BRONZE	Bronze			QGCUAFIULMNFPJ-UHFFFAOYSA-O	QGCUAFIULMNFPJ	Organic acids and derivatives	Carboxylic acids and derivatives	"Amino acids, peptides, and analogues"				mzspec:GNPS:GNPS-LIBRARY:CCMSLIB00005726170
M+	Spectral Match to 1-Hexadecylpyridinium from NIST14	CCMSLIB00003135734	97948	spectra_filtered.mgf	GNPS-NIST14-MATCHES.mgf	0.910455	31014500	0	1.60461	4	0.000488281	304.299	1	temp/spectra_filtered.mgf97948	1	ESI	QQQ	Isolated	Data from Pieter Dorrestein	Data deposited by lfnothias	304.299	304.3	1	7773526		CCCCCCCCCCCCCCCC[N+]1=CC=CC=C1	"InChI=1S/C21H38N/c1-2-3-4-5-6-7-8-9-10-11-12-13-14-16-19-22-20-17-15-18-21-22/h15,17-18,20-21H,2-14,16,19H2,1H3/q+1"		3	Positive	GNPS-NIST14-MATCHES	304.299	UPDATE-SINGLE-ANNOTATED-BRONZE	Bronze			NEUSVAOJNUQRTM-UHFFFAOYSA-N	NEUSVAOJNUQRTM	Organoheterocyclic compounds	Pyridines and derivatives	Pyridinium derivatives				mzspec:GNPS:GNPS-LIBRARY:CCMSLIB00003135734
M+H	"""1,3-Di-o-tolylguanidine"""	CCMSLIB00010142637	16881	spectra_filtered.mgf	MCE-DRUG.mgf	0.949725	24191000	0	1.652	8	0.000396729	240.15	1	temp/spectra_filtered.mgf16881	1	ESI	Orbitrap	Crude	Tomas Pluskal	Corinna Brungs	240.15	239.142	1			Cc1ccccc1N=C(N)Nc1ccccc1C	"""InChI=1S/C15H17N3/c1-11-7-3-5-9-13(11)17-15(16)18-14-10-6-4-8-12(14)2/h3-10H,1-2H3,(H3,16,17,18)"""	OPNUROKCUBTKLF-UHFFFAOYSA-N	3	Positive	MCE-DRUG	240.15	UPDATE-SINGLE-ANNOTATED-BRONZE	Bronze		C15H17N3	OPNUROKCUBTKLF-UHFFFAOYSA-N	OPNUROKCUBTKLF	Benzenoids	Benzene and substituted derivatives	Toluenes				mzspec:GNPS:GNPS-LIBRARY:CCMSLIB00010142637
M+H	"Massbank:LU084503 1,3-Diphenylguanidine|1,2-diphenylguanidine"	CCMSLIB00005765783	14947	spectra_filtered.mgf	MASSBANK.mgf	0.973154	294810000	0	1.87032	5	0.000396729	212.118	1	temp/spectra_filtered.mgf14947	1	ESI	Hybrid FT	Isolated	Massbank	Massbank	212.118	0	1	102-06-7		N=C(NC1=CC=CC=C1)NC1=CC=CC=C1	"1S/C13H13N3/c14-13(15-11-7-3-1-4-8-11)16-12-9-5-2-6-10-12/h1-10H,(H3,14,15,16)"		3	Positive	MASSBANK	212.118	UPDATE-SINGLE-ANNOTATED-BRONZE	Bronze		C13H13N3	OWRCNXZUPFZXOS-UHFFFAOYSA-N	OWRCNXZUPFZXOS						Shikimates and Phenylpropanoids	mzspec:GNPS:GNPS-LIBRARY:CCMSLIB00005765783
M+H	"Massbank:LU084503 1,3-Diphenylguanidine|1,2-diphenylguanidine"	CCMSLIB00005765783	2022	spectra_filtered.mgf	MASSBANK.mgf	0.952739	20169000	0	0	5	0	212.118	1	temp/spectra_filtered.mgf2022	1	ESI	Hybrid FT	Isolated	Massbank	Massbank	212.118	0	1	102-06-7		N=C(NC1=CC=CC=C1)NC1=CC=CC=C1	"1S/C13H13N3/c14-13(15-11-7-3-1-4-8-11)16-12-9-5-2-6-10-12/h1-10H,(H3,14,15,16)"		3	Positive	MASSBANK	212.118	UPDATE-SINGLE-ANNOTATED-BRONZE	Bronze		C13H13N3	OWRCNXZUPFZXOS-UHFFFAOYSA-N	OWRCNXZUPFZXOS						Shikimates and Phenylpropanoids	mzspec:GNPS:GNPS-LIBRARY:CCMSLIB00005765783
M+H	"Massbank:LU084503 1,3-Diphenylguanidine|1,2-diphenylguanidine"	CCMSLIB00005765783	19533	spectra_filtered.mgf	MASSBANK.mgf	0.994542	3595300000	0	0.93516	6	0.000198364	212.118	1	temp/spectra_filtered.mgf19533	1	ESI	Hybrid FT	Isolated	Massbank	Massbank	212.118	0	1	102-06-7		N=C(NC1=CC=CC=C1)NC1=CC=CC=C1	"1S/C13H13N3/c14-13(15-11-7-3-1-4-8-11)16-12-9-5-2-6-10-12/h1-10H,(H3,14,15,16)"		3	Positive	MASSBANK	212.118	UPDATE-SINGLE-ANNOTATED-BRONZE	Bronze		C13H13N3	OWRCNXZUPFZXOS-UHFFFAOYSA-N	OWRCNXZUPFZXOS						Shikimates and Phenylpropanoids	mzspec:GNPS:GNPS-LIBRARY:CCMSLIB00005765783
M+H	Massbank:LU086504 N-Octyl-2-pyrrolidone|1-octylpyrrolidin-2-one	CCMSLIB00005760428	71499	spectra_filtered.mgf	MASSBANK.mgf	0.991735	1632700000	0	1.0009	9	0.000198364	198.185	1	temp/spectra_filtered.mgf71499	1	ESI	Hybrid FT	Isolated	Massbank	Massbank	198.185	0	1	2687-94-7		CCCCCCCCN1CCCC1=O	"1S/C12H23NO/c1-2-3-4-5-6-7-10-13-11-8-9-12(13)14/h2-11H2,1H3"		3	Positive	MASSBANK	198.185	UPDATE-SINGLE-ANNOTATED-BRONZE	Bronze		C12H23NO	WPPOGHDFAVQKLN-UHFFFAOYSA-N	WPPOGHDFAVQKLN	Organoheterocyclic compounds	Pyrrolidines	N-alkylpyrrolidines			Alkaloids	mzspec:GNPS:GNPS-LIBRARY:CCMSLIB00005760428
M+H	Massbank:KW109404 2-(2-(2-ethoxyethoxy)ethoxy)ethanol	CCMSLIB00005750191	11413	spectra_filtered.mgf	MASSBANK.mgf	0.857258	498800000	0	0.596286	4	0.000106812	179.128	1	temp/spectra_filtered.mgf11413	1	ESI	Hybrid FT	Isolated	Massbank	Massbank	179.128	0	1	112-49-2		COCCOCCOCCOC	"1S/C8H18O4/c1-9-3-5-11-7-8-12-6-4-10-2/h3-8H2,1-2H3"		3	Positive	MASSBANK	179.128	UPDATE-SINGLE-ANNOTATED-BRONZE	Bronze		C8H18O4	YFNKIDBQEZZDLK-UHFFFAOYSA-N	YFNKIDBQEZZDLK	Organic oxygen compounds	Organooxygen compounds	Ethers				mzspec:GNPS:GNPS-LIBRARY:CCMSLIB00005750191
M+H	"Spectral Match to 4-(tert-Butylamino)-6-ethylamino-5H-1,3,5-triazin-2-one from NIST14"	CCMSLIB00003135380	22934	spectra_filtered.mgf	GNPS-NIST14-MATCHES.mgf	0.930441	302530000	0	2.3735	5	0.00050354	212.15	1	temp/spectra_filtered.mgf22934	1	ESI	qTof	Isolated	Data from Pieter Dorrestein;David Touboul	Data deposited by lfnothias	212.151	211.143	1	66753079		CCNC1=NC(=O)NC(=N1)NC(C)(C)C	"InChI=1S/C9H17N5O/c1-5-10-6-11-7(13-8(15)12-6)14-9(2,3)4/h5H2,1-4H3,(H3,10,11,12,13,14,15)"		3	Positive	GNPS-NIST14-MATCHES	212.151	UPDATE-SINGLE-ANNOTATED-BRONZE	Bronze		C9H17N5O	OYTCZOJKXCTBHG-UHFFFAOYSA-N	OYTCZOJKXCTBHG	Organoheterocyclic compounds	Triazines	Aminotriazines	Pseudoalkaloids	Purine alkaloids	Alkaloids	mzspec:GNPS:GNPS-LIBRARY:CCMSLIB00003135380
M+H	"Massbank:LU019402 4-Methylphthalic anhydride|5-methyl-2-benzofuran-1,3-dione"	CCMSLIB00005763665	47107	spectra_filtered.mgf	MASSBANK.mgf	0.958937	2574000000	0	0.655129	6	0.000106812	163.039	1	temp/spectra_filtered.mgf47107	1	ESI	Hybrid FT	Isolated	Massbank	Massbank	163.039	0	1	1938-61-0		CC1=CC2=C(C=C1)C(=O)OC2=O	"1S/C9H6O3/c1-5-2-3-6-7(4-5)9(11)12-8(6)10/h2-4H,1H3"		3	Positive	MASSBANK	163.039	UPDATE-SINGLE-ANNOTATED-BRONZE	Bronze		C9H6O3	ZOXBWJMCXHTKNU-UHFFFAOYSA-N	ZOXBWJMCXHTKNU	Organoheterocyclic compounds	Benzofurans	Benzofuranones				mzspec:GNPS:GNPS-LIBRARY:CCMSLIB00005763665
M+H	"Massbank:LU019402 4-Methylphthalic anhydride|5-methyl-2-benzofuran-1,3-dione"	CCMSLIB00005763665	76817	spectra_filtered.mgf	MASSBANK.mgf	0.967647	109700000	0	0	6	0	163.039	1	temp/spectra_filtered.mgf76817	1	ESI	Hybrid FT	Isolated	Massbank	Massbank	163.039	0	1	1938-61-0		CC1=CC2=C(C=C1)C(=O)OC2=O	"1S/C9H6O3/c1-5-2-3-6-7(4-5)9(11)12-8(6)10/h2-4H,1H3"		3	Positive	MASSBANK	163.039	UPDATE-SINGLE-ANNOTATED-BRONZE	Bronze		C9H6O3	ZOXBWJMCXHTKNU-UHFFFAOYSA-N	ZOXBWJMCXHTKNU	Organoheterocyclic compounds	Benzofurans	Benzofuranones				mzspec:GNPS:GNPS-LIBRARY:CCMSLIB00005763665
M+H	Massbank:LU043202 7-Diethylamino-4-methylcoumarin|7-(diethylamino)-4-methylchromen-2-one	CCMSLIB00005765139	70827	spectra_filtered.mgf	MASSBANK.mgf	0.941688	18271000	0	1.77479	5	0.000411987	232.133	1	temp/spectra_filtered.mgf70827	1	ESI	Hybrid FT	Isolated	Massbank	Massbank	232.133	0	1	91-44-1		CCN(CC)C1=CC=C2C(C)=CC(=O)OC2=C1	"1S/C14H17NO2/c1-4-15(5-2)11-6-7-12-10(3)8-14(16)17-13(12)9-11/h6-9H,4-5H2,1-3H3"		3	Positive	MASSBANK	232.133	UPDATE-SINGLE-ANNOTATED-BRONZE	Bronze		C14H17NO2	AFYCEAFSNDLKSX-UHFFFAOYSA-N	AFYCEAFSNDLKSX				Coumarins	Simple coumarins	Shikimates and Phenylpropanoids	mzspec:GNPS:GNPS-LIBRARY:CCMSLIB00005765139
M+H	"Massbank:LU106303 6-Phenyl-1,3,5-triazine-2,4-diamine"	CCMSLIB00005762071	6104	spectra_filtered.mgf	MASSBANK.mgf	0.984952	84910000	0	1.05461	5	0.000198364	188.093	1	temp/spectra_filtered.mgf6104	1	ESI	Hybrid FT	Isolated	Massbank	Massbank	188.093	0	1	91-76-9		NC1=NC(=NC(N)=N1)C1=CC=CC=C1	"1S/C9H9N5/c10-8-12-7(13-9(11)14-8)6-4-2-1-3-5-6/h1-5H,(H4,10,11,12,13,14)"		3	Positive	MASSBANK	188.093	UPDATE-SINGLE-ANNOTATED-BRONZE	Bronze		C9H9N5	GZVHEAJQGPRDLQ-UHFFFAOYSA-N	GZVHEAJQGPRDLQ	Organoheterocyclic compounds	Triazines	Aminotriazines			Alkaloids	mzspec:GNPS:GNPS-LIBRARY:CCMSLIB00005762071
M+H	Massbank: Benzyldiphenylphosphine oxide	CCMSLIB00005772092	57319	spectra_filtered.mgf	MASSBANK.mgf	0.965487	5376000000	0	4.06054	6	0.00119019	293.109	1	temp/spectra_filtered.mgf57319	1	ESI	Hybrid FT	Isolated	Massbank	Massbank	293.11	0	1			C1=CC=C(C=C1)CP(=O)(C2=CC=CC=C2)C3=CC=CC=C3	"1S/C19H17OP/c20-21(18-12-6-2-7-13-18,19-14-8-3-9-15-19)16-17-10-4-1-5-11-17/h1-15H,16H2"		3	Positive	MASSBANK	293.11	UPDATE-SINGLE-ANNOTATED-BRONZE	Bronze		C19H17OP	NXGAOFONOFYCNG-UHFFFAOYSA-N	NXGAOFONOFYCNG	Benzenoids	Benzene and substituted derivatives	Phenylphosphines and derivatives			Shikimates and Phenylpropanoids	mzspec:GNPS:GNPS-LIBRARY:CCMSLIB00005772092
M+H	Benzalkonium chloride (C12)	CCMSLIB00000531495	78128	spectra_filtered.mgf	GNPS-LIBRARY.mgf	0.917533	53387000	0	25.5742	5	0.00778198	304.298	1	temp/spectra_filtered.mgf78128	1	LC-ESI	qTof	Lysate	Dorrestein	Quinn	304.29	0	1	 	 	 	 	 	3	Positive	GNPS-LIBRARY	304.29	UPDATE-SINGLE-ANNOTATED-BRONZE	Bronze	Quaternary Ammonium Compound[Chemical Family]										mzspec:GNPS:GNPS-LIBRARY:CCMSLIB00000531495
M+H	Spectral Match to Benzyltetradecyldimethylammonium from NIST14	CCMSLIB00003136147	82881	spectra_filtered.mgf	GNPS-NIST14-MATCHES.mgf	0.85793	614346000	0	0.275487	4	9.16E-05	332.331	1	temp/spectra_filtered.mgf82881	1	LC-ESI	qTof	Isolated	Data from Pieter Dorrestein	Data deposited by lfnothias	332.331	0	1	16287711		CCCCCCCCCCCCCC[N+](C)(CC1=CC=CC=C1)C	"InChI=1S/C23H42N/c1-4-5-6-7-8-9-10-11-12-13-14-18-21-24(2,3)22-23-19-16-15-17-20-23/h15-17,19-20H,4-14,18,21-22H2,1-3H3/q+1"		3	Positive	GNPS-NIST14-MATCHES	332.331	UPDATE-SINGLE-ANNOTATED-BRONZE	Bronze			WNBGYVXHFTYOBY-UHFFFAOYSA-N	WNBGYVXHFTYOBY	Benzenoids	Benzene and substituted derivatives	Phenylmethylamines				mzspec:GNPS:GNPS-LIBRARY:CCMSLIB00003136147
M+H	Spectral Match to Bis(2-ethylhexyl) phthalate from NIST14	CCMSLIB00003136650	12	spectra_filtered.mgf	GNPS-NIST14-MATCHES.mgf	0.974427	1009110000	0	1.79385	5	0.000701904	391.285	1	temp/spectra_filtered.mgf12	1	ESI	IT/ion trap	Isolated	Data from Rob Knight	Data deposited by rsilva	391.284	0	1	117817					3	Positive	GNPS-NIST14-MATCHES	391.284	UPDATE-SINGLE-ANNOTATED-BRONZE	Bronze	Plasticizer[Source Environment]										mzspec:GNPS:GNPS-LIBRARY:CCMSLIB00003136650
M+H	0827_Bis(2-ethylhexyl)phosphate	CCMSLIB00000579925	88844	spectra_filtered.mgf	CASMI.mgf	0.973357	463240000	0	0.566478	4	0.000183105	323.235	1	temp/spectra_filtered.mgf88844	1	LC-ESI	Orbitrap	Commercial	CASMI	CASMI2016	323.235	0	1			CCCCC(CC)COP(O)(=O)OCC(CC)CCCC	"""InChI=1S/C16H35O4P/c1-5-9-11-15(7-3)13-19-21(17,18)20-14-16(8-4)12-10-6-2/h15-16H,5-14H2,1-4H3,(H,17,18)"""		1	 Positive	CASMI	323.235	UPDATE-SINGLE-ANNOTATED-GOLD	Gold		C16H35O4P	SEGLCEQVOFDUPX-UHFFFAOYSA-N	SEGLCEQVOFDUPX	Organic acids and derivatives	Organic phosphoric acids and derivatives	Phosphate esters	Glycerophospholipids	Glycerophosphoethanolamines	Fatty acids	mzspec:GNPS:GNPS-LIBRARY:CCMSLIB00000579925
M+H	Massbank:LU125402 Bis[2-(2-butoxyethoxy)ethyl] hexandioate|Bis[2-(2-butoxyethoxy)ethyl] adipate|bis[2-(2-butoxyethoxy)ethyl] hexanedioate	CCMSLIB00005760988	77114	spectra_filtered.mgf	MASSBANK.mgf	0.926795	222873000	0	1.12172	14	0.000488281	435.296	1	temp/spectra_filtered.mgf77114	1	ESI	Hybrid FT	Isolated	Massbank	Massbank	435.295	0	1	141-17-3		CCCCOCCOCCOC(=O)CCCCC(=O)OCCOCCOCCCC	"1S/C22H42O8/c1-3-5-11-25-13-15-27-17-19-29-21(23)9-7-8-10-22(24)30-20-18-28-16-14-26-12-6-4-2/h3-20H2,1-2H3"		3	Positive	MASSBANK	435.295	UPDATE-SINGLE-ANNOTATED-BRONZE	Bronze		C22H42O8	SCABKEBYDRTODC-UHFFFAOYSA-N	SCABKEBYDRTODC	Lipids and lipid-like molecules	Fatty Acyls	Fatty acid esters	Glycerolipids	Triacylglycerols	Fatty acids	mzspec:GNPS:GNPS-LIBRARY:CCMSLIB00005760988
M+H	Phthals?_urebenzbutylester	CCMSLIB00000579909	85271	spectra_filtered.mgf	CASMI.mgf	0.983154	2758170000	0	0.974557	4	0.000305176	313.143	1	temp/spectra_filtered.mgf85271	1	LC-ESI	Orbitrap	Commercial	CASMI	CASMI2016	313.143	0	1		3026	CCCCOC(=O)C1=CC=CC=C1C(=O)OCC1=CC=CC=C1	"""InChI=1S/C19H20O4/c1-2-3-13-22-18(20)16-11-7-8-12-17(16)19(21)23-14-15-9-5-4-6-10-15/h4-12H,2-3,13-14H2,1H3"""		1	 Positive	CASMI	313.143	UPDATE-SINGLE-ANNOTATED-GOLD	Gold		C19H20O4	IRIAEXORFWYRCZ-UHFFFAOYSA-N	IRIAEXORFWYRCZ	Benzenoids	Benzene and substituted derivatives	Benzoic acids and derivatives	Phenolic acids (C6-C1)	Simple phenolic acids	Shikimates and Phenylpropanoids	mzspec:GNPS:GNPS-LIBRARY:CCMSLIB00000579909
M+H	CocamidoprpylBetaine	CCMSLIB00000579927	65864	spectra_filtered.mgf	GNPS-LIBRARY.mgf	0.975911	13130900000	0	13.0675	5	0.00448608	343.296	1	temp/spectra_filtered.mgf65864	1	LC-ESI	qTof	Lysate	PDorrestein	AMelnik	343.3	342.288	1	 	 	CCCCCCCCCCCC(=O)NCCC[N+](C)(C)CC(=O)[O-]	"InChI=1S/C19H38N2O3/c1-4-5-6-7-8-9-10-11-12-14-18(22)20-15-13-16-21(2,3)17-19(23)24/h4-17H2,1-3H3,(H-,20,22,23,24)"	 	3	Positive	GNPS-LIBRARY	343.3	UPDATE-SINGLE-ANNOTATED-BRONZE	Bronze			MRUAUOIMASANKQ-UHFFFAOYSA-N	MRUAUOIMASANKQ	Organic acids and derivatives	Carboxylic acids and derivatives	"Amino acids, peptides, and analogues"				mzspec:GNPS:GNPS-LIBRARY:CCMSLIB00000579927
M+H	Spectral Match to Decaethylene glycol from NIST14	CCMSLIB00003135910	13862	spectra_filtered.mgf	GNPS-NIST14-MATCHES.mgf	0.975244	5910160000	0	0	6	0	459.28	1	temp/spectra_filtered.mgf13862	1	ESI	QQQ	Isolated	Data from Pieter Dorrestein	Data deposited by daniel	459.28	458.273	1	5579668		C(COCCOCCOCCOCCOCCOCCOCCOCCOCCO)O	"InChI=1S/C20H42O11/c21-1-3-23-5-7-25-9-11-27-13-15-29-17-19-31-20-18-30-16-14-28-12-10-26-8-6-24-4-2-22/h21-22H,1-20H2"		3	Positive	GNPS-NIST14-MATCHES	459.28	UPDATE-SINGLE-ANNOTATED-BRONZE	Bronze		C20H42O11	DTPCFIHYWYONMD-UHFFFAOYSA-N	DTPCFIHYWYONMD	Organic oxygen compounds	Organooxygen compounds	Ethers	Glycerolipids	Monoacylglycerols	Fatty acids	mzspec:GNPS:GNPS-LIBRARY:CCMSLIB00003135910
M+H	"Massbank:LU100902 1,2-Diphenylethanone|Deoxybenzoin"	CCMSLIB00005760209	73529	spectra_filtered.mgf	MASSBANK.mgf	0.94489	90680000	0	0	4	0	197.096	1	temp/spectra_filtered.mgf73529	1	ESI	Hybrid FT	Isolated	Massbank	Massbank	197.096	0	1	451-40-1		O=C(CC1=CC=CC=C1)C1=CC=CC=C1	"1S/C14H12O/c15-14(13-9-5-2-6-10-13)11-12-7-3-1-4-8-12/h1-10H,11H2"		3	Positive	MASSBANK	197.096	UPDATE-SINGLE-ANNOTATED-BRONZE	Bronze		C14H12O	OTKCEEWUXHVZQI-UHFFFAOYSA-N	OTKCEEWUXHVZQI				Flavonoids	Chalcones	Shikimates and Phenylpropanoids	mzspec:GNPS:GNPS-LIBRARY:CCMSLIB00005760209
M+H	Spectral Match to Dibutyl adipate from NIST14	CCMSLIB00003135657	96740	spectra_filtered.mgf	GNPS-NIST14-MATCHES.mgf	0.858602	69370000	0	1.53065	6	0.000396729	259.19	1	temp/spectra_filtered.mgf96740	1	ESI	HCD	Isolated	Data from Wolfender	Data deposited by pmallard	259.19	0	1	105997					3	Positive	GNPS-NIST14-MATCHES	259.19	UPDATE-SINGLE-ANNOTATED-BRONZE	Bronze											mzspec:GNPS:GNPS-LIBRARY:CCMSLIB00003135657
M+H	Spectral Match to Dibutyl phthalate from NIST14	CCMSLIB00003136685	81103	spectra_filtered.mgf	GNPS-NIST14-MATCHES.mgf	0.977578	6913780000	0	3.60754	5	0.00100708	279.159	1	temp/spectra_filtered.mgf81103	1	ESI	QQQ	Isolated	Data from Maria Maansson	Data deposited by marjo	279.16	278.152	1	84742		CCCCOC(=O)C1=CC=CC=C1C(=O)OCCCC	"InChI=1S/C16H22O4/c1-3-5-11-19-15(17)13-9-7-8-10-14(13)16(18)20-12-6-4-2/h7-10H,3-6,11-12H2,1-2H3"		3	Positive	GNPS-NIST14-MATCHES	279.16	UPDATE-SINGLE-ANNOTATED-BRONZE	Bronze		C16H22O4	DOIRQSBPFJWKBE-UHFFFAOYSA-N	DOIRQSBPFJWKBE	Benzenoids	Benzene and substituted derivatives	Benzoic acids and derivatives	Phenolic acids (C6-C1)	Shikimic acids and derivatives|Simple phenolic acids	Shikimates and Phenylpropanoids	mzspec:GNPS:GNPS-LIBRARY:CCMSLIB00003136685
M+H	"Spectral Match to Didodecyl 3,3'-thiodipropionate oxide from NIST14"	CCMSLIB00003137793	94282	spectra_filtered.mgf	GNPS-NIST14-MATCHES.mgf	0.983069	343007000	0	1.14856	13	0.000610352	531.408	1	temp/spectra_filtered.mgf94282	1	ESI	QqQ	Isolated	Data from Pieter Dorrestein	Data deposited by lfnothias	531.407	0	1	17243140					3	Positive	GNPS-NIST14-MATCHES	531.407	UPDATE-SINGLE-ANNOTATED-BRONZE	Bronze											mzspec:GNPS:GNPS-LIBRARY:CCMSLIB00003137793
M+H	"Spectral Match to Didodecyl 3,3'-thiodipropionate oxide from NIST14"	CCMSLIB00003138120	98713	spectra_filtered.mgf	GNPS-NIST14-MATCHES.mgf	0.982638	45201000	0	0.344567	12	0.000183105	531.408	1	temp/spectra_filtered.mgf98713	1	ESI	QqQ	Isolated	Data from Pieter Dorrestein	Data deposited by lfnothias	531.408	0	1	17243140					3	Positive	GNPS-NIST14-MATCHES	531.408	UPDATE-SINGLE-ANNOTATED-BRONZE	Bronze											mzspec:GNPS:GNPS-LIBRARY:CCMSLIB00003138120
M+H	Spectral Match to Diethyl phthalate from NIST14	CCMSLIB00003139894	81498	spectra_filtered.mgf	GNPS-NIST14-MATCHES.mgf	0.985691	20775300000	0	2.25705	4	0.00050354	223.096	1	temp/spectra_filtered.mgf81498	1	ESI	QQQ	Isolated	Data from Pieter Dorrestein	Data deposited by daniel	223.097	222.089	1	84662		CCOC(=O)C1=CC=CC=C1C(=O)OCC	"InChI=1S/C12H14O4/c1-3-15-11(13)9-7-5-6-8-10(9)12(14)16-4-2/h5-8H,3-4H2,1-2H3"		3	Positive	GNPS-NIST14-MATCHES	223.097	UPDATE-SINGLE-ANNOTATED-BRONZE	Bronze		C12H14O4	FLKPEMZONWLCSK-UHFFFAOYSA-N	FLKPEMZONWLCSK	Benzenoids	Benzene and substituted derivatives	Benzoic acids and derivatives	Phenolic acids (C6-C1)	Shikimic acids and derivatives|Simple phenolic acids	Shikimates and Phenylpropanoids	mzspec:GNPS:GNPS-LIBRARY:CCMSLIB00003139894
M+H	Massbank: Diethylene glycol monobutyl ether|2-(2-butoxyethoxy)ethanol	CCMSLIB00005726830	28556	spectra_filtered.mgf	MASSBANK.mgf	0.864011	4964000000	0	0.561215	4	9.16E-05	163.133	1	temp/spectra_filtered.mgf28556	1	ESI	Hybrid FT	Isolated	Massbank	Massbank	163.133	0	1	112-34-5		CCCCOCCOCCO	"1S/C8H18O3/c1-2-3-5-10-7-8-11-6-4-9/h9H,2-8H2,1H3"		3	Positive	MASSBANK	163.133	UPDATE-SINGLE-ANNOTATED-BRONZE	Bronze		C8H18O3	OAYXUHPQHDHDDZ-UHFFFAOYSA-N	OAYXUHPQHDHDDZ	Organic oxygen compounds	Organooxygen compounds	Ethers			Fatty acids	mzspec:GNPS:GNPS-LIBRARY:CCMSLIB00005726830
M+H	Diphenylphosphate	CCMSLIB00000579727	38099	spectra_filtered.mgf	CASMI.mgf	0.889707	20690000	0	0.790148	8	0.000198364	251.047	1	temp/spectra_filtered.mgf38099	1	LC-ESI	Orbitrap	Commercial	CASMI	CASMI2016	251.047	0	1		12722	OP(=O)(OC1=CC=CC=C1)OC1=CC=CC=C1	"""InChI=1S/C12H11O4P/c13-17(14,15-11-7-3-1-4-8-11)16-12-9-5-2-6-10-12/h1-10H,(H,13,14)"""		1	 Positive	CASMI	251.047	UPDATE-SINGLE-ANNOTATED-GOLD	Gold		C12H11O4P	ASMQGLCHMVWBQR-UHFFFAOYSA-N	ASMQGLCHMVWBQR	Organic acids and derivatives	Organic phosphoric acids and derivatives	Phosphate esters			Shikimates and Phenylpropanoids	mzspec:GNPS:GNPS-LIBRARY:CCMSLIB00000579727
M+H	Massbank:LU030003 Diphenylamine|N-phenylaniline	CCMSLIB00005763137	75790	spectra_filtered.mgf	MASSBANK.mgf	0.99678	436800000	0	2.96033	7	0.00050354	170.096	1	temp/spectra_filtered.mgf75790	1	ESI	Hybrid FT	Isolated	Massbank	Massbank	170.096	0	1	122-39-4		N(C1=CC=CC=C1)C1=CC=CC=C1	"1S/C12H11N/c1-3-7-11(8-4-1)13-12-9-5-2-6-10-12/h1-10,13H"		3	Positive	MASSBANK	170.096	UPDATE-SINGLE-ANNOTATED-BRONZE	Bronze		C12H11N	DMBHHRLKUKUOEG-UHFFFAOYSA-N	DMBHHRLKUKUOEG	Benzenoids	Benzene and substituted derivatives	Aniline and substituted anilines			Shikimates and Phenylpropanoids	mzspec:GNPS:GNPS-LIBRARY:CCMSLIB00005763137
M+H	Diphenylsulfone	CCMSLIB00000579667	64992	spectra_filtered.mgf	CASMI.mgf	0.890662	4565900	0	2.7864	5	0.000610352	219.048	1	temp/spectra_filtered.mgf64992	1	LC-ESI	Orbitrap	Commercial	CASMI	CASMI2016	219.047	0	1		29117	O=S(=O)(C1=CC=CC=C1)C1=CC=CC=C1	"""InChI=1S/C12H10O2S/c13-15(14,11-7-3-1-4-8-11)12-9-5-2-6-10-12/h1-10H"""		1	 Positive	CASMI	219.047	UPDATE-SINGLE-ANNOTATED-GOLD	Gold		C12H10O2S	KZTYYGOKRVBIMI-UHFFFAOYSA-N	KZTYYGOKRVBIMI	Benzenoids	Benzene and substituted derivatives	Benzenesulfonyl compounds			Shikimates and Phenylpropanoids	mzspec:GNPS:GNPS-LIBRARY:CCMSLIB00000579667
M+H	"Massbank:RP019702 Dipropylphthalate|Dipropyl phthalate|dipropyl benzene-1,2-dicarboxylate"	CCMSLIB00005738665	76623	spectra_filtered.mgf	MASSBANK.mgf	0.846134	44342000	0	0.425327	4	0.000106812	251.128	1	temp/spectra_filtered.mgf76623	1	ESI	qTof	Isolated	Massbank	Massbank	251.128	0	1	131-16-8		CCCOC(=O)c1ccccc1C(=O)OCCC	"1S/C14H18O4/c1-3-9-17-13(15)11-7-5-6-8-12(11)14(16)18-10-4-2/h5-8H,3-4,9-10H2,1-2H3"		3	Positive	MASSBANK	251.128	UPDATE-SINGLE-ANNOTATED-BRONZE	Bronze		C14H18O4	MQHNKCZKNAJROC-UHFFFAOYSA-N	MQHNKCZKNAJROC	Benzenoids	Benzene and substituted derivatives	Benzoic acids and derivatives	Phenolic acids (C6-C1)	Shikimic acids and derivatives|Simple phenolic acids	Shikimates and Phenylpropanoids	mzspec:GNPS:GNPS-LIBRARY:CCMSLIB00005738665
M+H	Massbank:LU130202 N-Ethyl-4-menthane-3-carboxamide|N-Ethyl-p-menthane-3-carboxamide|N-ethyl-5-methyl-2-propan-2-ylcyclohexane-1-carboxamide	CCMSLIB00005766188	84044	spectra_filtered.mgf	MASSBANK.mgf	0.788125	111400000	0	0.503351	5	0.000106812	212.201	1	temp/spectra_filtered.mgf84044	1	ESI	Hybrid FT	Isolated	Massbank	Massbank	212.201	0	1	39711-79-0		CCNC(=O)C1CC(C)CCC1C(C)C	"1S/C13H25NO/c1-5-14-13(15)12-8-10(4)6-7-11(12)9(2)3/h9-12H,5-8H2,1-4H3,(H,14,15)"		3	Positive	MASSBANK	212.201	UPDATE-SINGLE-ANNOTATED-BRONZE	Bronze		C13H25NO	VUNOFAIHSALQQH-UHFFFAOYSA-N	VUNOFAIHSALQQH	Lipids and lipid-like molecules	Prenol lipids	Monoterpenoids	Monoterpenoids	Menthane monoterpenoids|Monocyclic monoterpenoids	Terpenoids	mzspec:GNPS:GNPS-LIBRARY:CCMSLIB00005766188
M+H	hexamethylolmelamine pentamethyl ether (putative)	CCMSLIB00005489305	50193	spectra_filtered.mgf	GNPS-LIBRARY.mgf	0.957231	19222000	0	3.39792	11	0.00128174	377.214	1	temp/spectra_filtered.mgf50193	1	LC-ESI	Orbitrap	Crude	Daniel Petras	Daniel Petras	377.213	0	1	 	 	COCN(C1=NC(N(COC)CO)=NC(N(COC)COC)=[N+]1[H])COC	"InChI=1S/C14H28N6O6/c1-22-7-18(6-21)12-15-13(19(8-23-2)9-24-3)17-14(16-12)20(10-25-4)11-26-5/h21H,6-11H2,1-5H3/p+1"	 	3	Positive	GNPS-LIBRARY	377.213	UPDATE-SINGLE-ANNOTATED-BRONZE	Bronze			JQALNNOQTGZTJZ-UHFFFAOYSA-O	JQALNNOQTGZTJZ	Organic nitrogen compounds	Organonitrogen compounds	Amines				mzspec:GNPS:GNPS-LIBRARY:CCMSLIB00005489305
M+H	hexamethylolmelamine pentamethyl ether (putative)	CCMSLIB00005489305	28859	spectra_filtered.mgf	GNPS-LIBRARY.mgf	0.962739	99494000	0	6.31042	10	0.00238037	377.215	1	temp/spectra_filtered.mgf28859	1	LC-ESI	Orbitrap	Crude	Daniel Petras	Daniel Petras	377.213	0	1	 	 	COCN(C1=NC(N(COC)CO)=NC(N(COC)COC)=[N+]1[H])COC	"InChI=1S/C14H28N6O6/c1-22-7-18(6-21)12-15-13(19(8-23-2)9-24-3)17-14(16-12)20(10-25-4)11-26-5/h21H,6-11H2,1-5H3/p+1"	 	3	Positive	GNPS-LIBRARY	377.213	UPDATE-SINGLE-ANNOTATED-BRONZE	Bronze			JQALNNOQTGZTJZ-UHFFFAOYSA-O	JQALNNOQTGZTJZ	Organic nitrogen compounds	Organonitrogen compounds	Amines				mzspec:GNPS:GNPS-LIBRARY:CCMSLIB00005489305
M+H	"Spectral Match to Hexanedioic acid, bis(2-ethylhexyl) ester from NIST14"	CCMSLIB00003135189	95401	spectra_filtered.mgf	GNPS-NIST14-MATCHES.mgf	0.954041	4593610000	0	6.73944	6	0.00250244	371.315	1	temp/spectra_filtered.mgf95401	1	ESI	HCD	Isolated	Data from Piel	Data deposited by eriche	371.313	0	1	103231					3	Positive	GNPS-NIST14-MATCHES	371.313	UPDATE-SINGLE-ANNOTATED-BRONZE	Bronze											mzspec:GNPS:GNPS-LIBRARY:CCMSLIB00003135189
M+H	Hexa-methoxymethyl-melamine	CCMSLIB00005466091	50713	spectra_filtered.mgf	GNPS-LIBRARY.mgf	0.992606	667700000	0	0	12	0	391.23	1	temp/spectra_filtered.mgf50713	1	LC-ESI	Orbitrap	Commercial	Daniel Petras	Daniel Petras	391.23	391.23	1	 	 	COCN(COC)C1=NC(=NC(=N1)N(COC)COC)N(COC)COC	"InChI=1S/C15H30N6O6/c1-22-7-19(8-23-2)13-16-14(20(9-24-3)10-25-4)18-15(17-13)21(11-26-5)12-27-6/h7-12H2,1-6H3"	 	3	Positive	GNPS-LIBRARY	391.23	UPDATE-SINGLE-ANNOTATED-BRONZE	Bronze		C15H30N6O6	BNCADMBVWNPPIZ-UHFFFAOYSA-N	BNCADMBVWNPPIZ	Organic nitrogen compounds	Organonitrogen compounds	Amines			Alkaloids	mzspec:GNPS:GNPS-LIBRARY:CCMSLIB00005466091
M+H	2-Benzyl-2-dimethylamino-1-(4-morpholinophenyl)-1-butanone	CCMSLIB00012728758	41440	spectra_filtered.mgf	ECRFS_DB.mgf	0.922628	13169000	0	0.831003	13	0.000305176	367.238	1	temp/spectra_filtered.mgf41440	1	ESI	Orbitrap	Commercial	Federico Padilla	"""Sjors Rasker, Wout Bergkamp"""	367.238	366.231	1	119313-12-1		CCC(Cc1ccccc1)(C(=O)c1ccc(N2CCOCC2)cc1)N(C)C	UHFFVFAKEGKNAQ-UHFFFAOYSA-N		1	Positive	ECRFS_DB	367.238	UPDATE-SINGLE-ANNOTATED-GOLD	Gold		C23H30N2O2	UHFFVFAKEGKNAQ-UHFFFAOYSA-N	UHFFVFAKEGKNAQ	Phenylpropanoids and polyketides	"Linear 1,3-diarylpropanoids"	Chalcones and dihydrochalcones			Alkaloids	mzspec:GNPS:GNPS-LIBRARY:CCMSLIB00012728758
M+H	Massbank:LU080702 Azacyclotridecan-2-one	CCMSLIB00005762158	40812	spectra_filtered.mgf	MASSBANK.mgf	0.868899	140500000	0	1.0009	6	0.000198364	198.185	1	temp/spectra_filtered.mgf40812	1	ESI	Hybrid FT	Isolated	Massbank	Massbank	198.185	0	1	947-04-6		O=C1CCCCCCCCCCCN1	"1S/C12H23NO/c14-12-10-8-6-4-2-1-3-5-7-9-11-13-12/h1-11H2,(H,13,14)"		3	Positive	MASSBANK	198.185	UPDATE-SINGLE-ANNOTATED-BRONZE	Bronze		C12H23NO	JHWNWJKBPDFINM-UHFFFAOYSA-N	JHWNWJKBPDFINM				Lysine alkaloids		Alkaloids	mzspec:GNPS:GNPS-LIBRARY:CCMSLIB00005762158
M+H	Massbank:LU080702 Azacyclotridecan-2-one	CCMSLIB00005762158	94853	spectra_filtered.mgf	MASSBANK.mgf	0.758603	29400000	0	2.00181	7	0.000396729	198.185	1	temp/spectra_filtered.mgf94853	1	ESI	Hybrid FT	Isolated	Massbank	Massbank	198.185	0	1	947-04-6		O=C1CCCCCCCCCCCN1	"1S/C12H23NO/c14-12-10-8-6-4-2-1-3-5-7-9-11-13-12/h1-11H2,(H,13,14)"		3	Positive	MASSBANK	198.185	UPDATE-SINGLE-ANNOTATED-BRONZE	Bronze		C12H23NO	JHWNWJKBPDFINM-UHFFFAOYSA-N	JHWNWJKBPDFINM				Lysine alkaloids		Alkaloids	mzspec:GNPS:GNPS-LIBRARY:CCMSLIB00005762158
M+H	Massbank:LU030803 Lauryldiethanolamine|2-[dodecyl(2-hydroxyethyl)amino]ethanol	CCMSLIB00005764095	49398	spectra_filtered.mgf	MASSBANK.mgf	0.994353	2443210000	0	0	9	0	274.274	1	temp/spectra_filtered.mgf49398	1	ESI	Hybrid FT	Isolated	Massbank	Massbank	274.274	0	1	1541-67-9		CCCCCCCCCCCCN(CCO)CCO	"1S/C16H35NO2/c1-2-3-4-5-6-7-8-9-10-11-12-17(13-15-18)14-16-19/h18-19H,2-16H2,1H3"		3	Positive	MASSBANK	274.274	UPDATE-SINGLE-ANNOTATED-BRONZE	Bronze		C16H35NO2	NKFNBVMJTSYZDV-UHFFFAOYSA-N	NKFNBVMJTSYZDV	Organic nitrogen compounds	Organonitrogen compounds	Amines	Fatty acyls|Fatty amides	Fatty alcohols|N-acyl ethanolamines (endocannabinoids)	Fatty acids	mzspec:GNPS:GNPS-LIBRARY:CCMSLIB00005764095
M+H	"Massbank:AU285203 N,N-Dimethyltetradecylamine-N-oxide|Myristamine oxide|N,N-dimethyltetradecan-1-amine oxide"	CCMSLIB00005772531	78964	spectra_filtered.mgf	MASSBANK.mgf	0.8574	373180000	0	0.47263	7	0.00012207	258.279	1	temp/spectra_filtered.mgf78964	1	ESI	qTof	Isolated	Massbank	Massbank	258.279	0	1	3332-27-2		CCCCCCCCCCCCCC[N+](C)(C)[O-]	"1S/C16H35NO/c1-4-5-6-7-8-9-10-11-12-13-14-15-16-17(2,3)18/h4-16H2,1-3H3"		3	Positive	MASSBANK	258.279	UPDATE-SINGLE-ANNOTATED-BRONZE	Bronze			ONHFWHCMZAJCFB-UHFFFAOYSA-N	ONHFWHCMZAJCFB	Organic nitrogen compounds	Organonitrogen compounds	Aminoxides				mzspec:GNPS:GNPS-LIBRARY:CCMSLIB00005772531
M+H	Myristamine oxide	CCMSLIB00012728820	52260	spectra_filtered.mgf	ECRFS_DB.mgf	0.973587	272450000	0	0.827102	6	0.000213623	258.279	1	temp/spectra_filtered.mgf52260	1	ESI	Orbitrap	Commercial	Federico Padilla	"""Sjors Rasker, Wout Bergkamp"""	258.279	257.272	1	3332-27-2		CCCCCCCCCCCCCC[N+](C)(C)[O-]	ONHFWHCMZAJCFB-UHFFFAOYSA-N		1	Positive	ECRFS_DB	258.279	UPDATE-SINGLE-ANNOTATED-GOLD	Gold			ONHFWHCMZAJCFB-UHFFFAOYSA-N	ONHFWHCMZAJCFB	Organic nitrogen compounds	Organonitrogen compounds	Aminoxides				mzspec:GNPS:GNPS-LIBRARY:CCMSLIB00012728820
M+H	"Massbank:LU118802 N,N'-Dicyclohexylthiourea|N,N'-dicyclohexylcarbamimidothioic acid"	CCMSLIB00005760665	93806	spectra_filtered.mgf	MASSBANK.mgf	0.980643	64417000	0	1.645	7	0.000396729	241.173	1	temp/spectra_filtered.mgf93806	1	ESI	Hybrid FT	Isolated	Massbank	Massbank	241.173	0	1	1212-29-9		S=C(NC1CCCCC1)NC1CCCCC1	"1S/C13H24N2S/c16-13(14-11-7-3-1-4-8-11)15-12-9-5-2-6-10-12/h11-12H,1-10H2,(H2,14,15,16)"		3	Positive	MASSBANK	241.173	UPDATE-SINGLE-ANNOTATED-BRONZE	Bronze		C13H24N2S	KAJICSGLHKRDLN-UHFFFAOYSA-N	KAJICSGLHKRDLN						Alkaloids	mzspec:GNPS:GNPS-LIBRARY:CCMSLIB00005760665
M+H	"Massbank:LU118802 N,N'-Dicyclohexylthiourea|N,N'-dicyclohexylcarbamimidothioic acid"	CCMSLIB00005760665	70746	spectra_filtered.mgf	MASSBANK.mgf	0.981479	7835960000	0	2.02461	7	0.000488281	241.173	1	temp/spectra_filtered.mgf70746	1	ESI	Hybrid FT	Isolated	Massbank	Massbank	241.173	0	1	1212-29-9		S=C(NC1CCCCC1)NC1CCCCC1	"1S/C13H24N2S/c16-13(14-11-7-3-1-4-8-11)15-12-9-5-2-6-10-12/h11-12H,1-10H2,(H2,14,15,16)"		3	Positive	MASSBANK	241.173	UPDATE-SINGLE-ANNOTATED-BRONZE	Bronze		C13H24N2S	KAJICSGLHKRDLN-UHFFFAOYSA-N	KAJICSGLHKRDLN						Alkaloids	mzspec:GNPS:GNPS-LIBRARY:CCMSLIB00005760665
M+H	Massbank:LU071402 N-[3-(Dimethylamino)propyl]dodecanamide	CCMSLIB00005763071	66977	spectra_filtered.mgf	MASSBANK.mgf	0.971131	376780000	0	0.320911	5	9.16E-05	285.29	1	temp/spectra_filtered.mgf66977	1	ESI	Hybrid FT	Isolated	Massbank	Massbank	285.29	0	1	3179-80-4		CCCCCCCCCCCC(=O)NCCCN(C)C	"1S/C17H36N2O/c1-4-5-6-7-8-9-10-11-12-14-17(20)18-15-13-16-19(2)3/h4-16H2,1-3H3,(H,18,20)"		3	Positive	MASSBANK	285.29	UPDATE-SINGLE-ANNOTATED-BRONZE	Bronze		C17H36N2O	TWMFGCHRALXDAR-UHFFFAOYSA-N	TWMFGCHRALXDAR	Lipids and lipid-like molecules	Fatty Acyls	Fatty amides	Fatty amides	N-acyl amines	Fatty acids	mzspec:GNPS:GNPS-LIBRARY:CCMSLIB00005763071
M+H	N-Cyclohexyl-2-benzothiazol-amine	CCMSLIB00000579669	49959	spectra_filtered.mgf	CASMI.mgf	0.986317	2845300000	0	0.392743	5	9.16E-05	233.111	1	temp/spectra_filtered.mgf49959	1	LC-ESI	Orbitrap	Commercial	CASMI	CASMI2016	233.111	0	1		514454	C1CCC(CC1)NC1=NC2=CC=CC=C2S1	"""InChI=1S/C13H16N2S/c1-2-6-10(7-3-1)14-13-15-11-8-4-5-9-12(11)16-13/h4-5,8-10H,1-3,6-7H2,(H,14,15)"""		1	 Positive	CASMI	233.111	UPDATE-SINGLE-ANNOTATED-GOLD	Gold		C13H16N2S	UPWPIFMHSFSVLE-UHFFFAOYSA-N	UPWPIFMHSFSVLE						Alkaloids	mzspec:GNPS:GNPS-LIBRARY:CCMSLIB00000579669
M+H	Spectral Match to Nonaethylene glycol from NIST14	CCMSLIB00003137287	15952	spectra_filtered.mgf	GNPS-NIST14-MATCHES.mgf	0.995693	5597800000	0	0.734914	14	0.000305176	415.254	1	temp/spectra_filtered.mgf15952	1	ESI	QQQ	Isolated	Data from Pieter Dorrestein	Data deposited by daniel	415.254	414.246	1	3386183		C(COCCOCCOCCOCCOCCOCCOCCOCCO)O	"InChI=1S/C18H38O10/c19-1-3-21-5-7-23-9-11-25-13-15-27-17-18-28-16-14-26-12-10-24-8-6-22-4-2-20/h19-20H,1-18H2"		3	Positive	GNPS-NIST14-MATCHES	415.254	UPDATE-SINGLE-ANNOTATED-BRONZE	Bronze		C18H38O10	YZUUTMGDONTGTN-UHFFFAOYSA-N	YZUUTMGDONTGTN	Organic oxygen compounds	Organooxygen compounds	Ethers	Glycerolipids	Monoacylglycerols	Fatty acids	mzspec:GNPS:GNPS-LIBRARY:CCMSLIB00003137287
M+H	N-phenyl-1-naphthylamine	CCMSLIB00012728803	80094	spectra_filtered.mgf	ECRFS_DB.mgf	0.979691	11408000	0	0.48526	10	0.000106812	220.112	1	temp/spectra_filtered.mgf80094	1	ESI	Orbitrap	Commercial	Federico Padilla	"""Sjors Rasker, Wout Bergkamp"""	220.112	219.105	1	90-30-2		c1ccccc1Nc1cccc2ccccc12	XQVWYOYUZDUNRW-UHFFFAOYSA-N		1	Positive	ECRFS_DB	220.112	UPDATE-SINGLE-ANNOTATED-GOLD	Gold		C16H13N	XQVWYOYUZDUNRW-UHFFFAOYSA-N	XQVWYOYUZDUNRW						Shikimates and Phenylpropanoids	mzspec:GNPS:GNPS-LIBRARY:CCMSLIB00012728803
M+H	Octinoxate	CCMSLIB00006709940	78543	spectra_filtered.mgf	GNPS-LIBRARY.mgf	0.952517	8610000	0	6.49767	5	0.00189209	291.193	1	temp/spectra_filtered.mgf78543	1	LC-ESI	Orbitrap	Crude	petras	petras	291.195	0	1	 	 	CCCCC(CC)COC(=O)C=Cc1ccc(OC)cc1	"InChI=1S/C18H26O3/c1-4-6-7-15(5-2)14-21-18(19)13-10-16-8-11-17(20-3)12-9-16/h8-13,15H,4-7,14H2,1-3H3"	 	3	Positive	GNPS-LIBRARY	291.195	UPDATE-SINGLE-ANNOTATED-BRONZE	Bronze		C18H26O3	YBGZDTIWKVFICR-UHFFFAOYSA-N	YBGZDTIWKVFICR	Phenylpropanoids and polyketides	Cinnamic acids and derivatives	Cinnamic acid esters	Phenylpropanoids (C6-C3)	Cinnamic acids and derivatives	Shikimates and Phenylpropanoids	mzspec:GNPS:GNPS-LIBRARY:CCMSLIB00006709940
M+H	Octinoxate	CCMSLIB00006709940	74780	spectra_filtered.mgf	GNPS-LIBRARY.mgf	0.908773	3210000000	0	1.04801	6	0.000305176	291.195	1	temp/spectra_filtered.mgf74780	1	LC-ESI	Orbitrap	Crude	petras	petras	291.195	0	1	 	 	CCCCC(CC)COC(=O)C=Cc1ccc(OC)cc1	"InChI=1S/C18H26O3/c1-4-6-7-15(5-2)14-21-18(19)13-10-16-8-11-17(20-3)12-9-16/h8-13,15H,4-7,14H2,1-3H3"	 	3	Positive	GNPS-LIBRARY	291.195	UPDATE-SINGLE-ANNOTATED-BRONZE	Bronze		C18H26O3	YBGZDTIWKVFICR-UHFFFAOYSA-N	YBGZDTIWKVFICR	Phenylpropanoids and polyketides	Cinnamic acids and derivatives	Cinnamic acid esters	Phenylpropanoids (C6-C3)	Cinnamic acids and derivatives	Shikimates and Phenylpropanoids	mzspec:GNPS:GNPS-LIBRARY:CCMSLIB00006709940
M+H	Oxybenzone	CCMSLIB00012728852	77317	spectra_filtered.mgf	ECRFS_DB.mgf	0.98851	305540000	0	0	7	0	229.086	1	temp/spectra_filtered.mgf77317	1	ESI	Orbitrap	Commercial	Federico Padilla	"""Sjors Rasker, Wout Bergkamp"""	229.086	228.079	1	131-57-7		COc1ccc(c(c1)O)C(=O)c2ccccc2	DXGLGDHPHMLXJC-UHFFFAOYSA-N		1	Positive	ECRFS_DB	229.086	UPDATE-SINGLE-ANNOTATED-GOLD	Gold		C14H12O3	DXGLGDHPHMLXJC-UHFFFAOYSA-N	DXGLGDHPHMLXJC	Benzenoids	Benzene and substituted derivatives	Benzophenones				mzspec:GNPS:GNPS-LIBRARY:CCMSLIB00012728852
M+H	Massbank:LU101703 2-Ethylhexyl 4-(dimethylamino)benzoate	CCMSLIB00005765720	89640	spectra_filtered.mgf	MASSBANK.mgf	0.991303	16800100	0	0	6	0	278.211	1	temp/spectra_filtered.mgf89640	1	ESI	Hybrid FT	Isolated	Massbank	Massbank	278.211	0	1	21245-02-3		CCCCC(CC)COC(=O)C1=CC=C(C=C1)N(C)C	"1S/C17H27NO2/c1-5-7-8-14(6-2)13-20-17(19)15-9-11-16(12-10-15)18(3)4/h9-12,14H,5-8,13H2,1-4H3"		3	Positive	MASSBANK	278.211	UPDATE-SINGLE-ANNOTATED-BRONZE	Bronze		C17H27NO2	WYWZRNAHINYAEF-UHFFFAOYSA-N	WYWZRNAHINYAEF	Benzenoids	Benzene and substituted derivatives	Benzoic acids and derivatives	Phenolic acids (C6-C1)	Shikimic acids and derivatives|Simple phenolic acids	Shikimates and Phenylpropanoids	mzspec:GNPS:GNPS-LIBRARY:CCMSLIB00005765720
M+H	Spectral Match to Phenyl-p-tolyl-amine from NIST14	CCMSLIB00003134634	81275	spectra_filtered.mgf	GNPS-NIST14-MATCHES.mgf	0.985419	29977000	0	0.580144	7	0.000106812	184.112	1	temp/spectra_filtered.mgf81275	1	ESI	Ion Trap	Isolated	Data from Lihini Aluwihare	Data deposited by daniel	184.112	183.105	1	620848		CC1=CC=C(C=C1)NC2=CC=CC=C2	"InChI=1S/C13H13N/c1-11-7-9-13(10-8-11)14-12-5-3-2-4-6-12/h2-10,14H,1H3"		3	Positive	GNPS-NIST14-MATCHES	184.112	UPDATE-SINGLE-ANNOTATED-BRONZE	Bronze		C13H13N	AGHYMXKKEXDUTA-UHFFFAOYSA-N	AGHYMXKKEXDUTA	Benzenoids	Benzene and substituted derivatives	Toluenes			Shikimates and Phenylpropanoids	mzspec:GNPS:GNPS-LIBRARY:CCMSLIB00003134634
M+H	Spectral Match to p-tert-Octylphenol heptaglycol ether from NIST14	CCMSLIB00003137347	90610	spectra_filtered.mgf	GNPS-NIST14-MATCHES.mgf	0.987572	13711000	0	2.36866	20	0.0012207	515.356	1	temp/spectra_filtered.mgf90610	1	ESI	QqQ	Isolated	Data from Pieter Dorrestein	Data deposited by daniel	515.357	0	1	2497598					3	Positive	GNPS-NIST14-MATCHES	515.357	UPDATE-SINGLE-ANNOTATED-BRONZE	Bronze											mzspec:GNPS:GNPS-LIBRARY:CCMSLIB00003137347
M+H	Spectral Match to p-tert-Octylphenol hexaglycol ether from NIST14	CCMSLIB00003137317	89562	spectra_filtered.mgf	GNPS-NIST14-MATCHES.mgf	0.994497	22296100	0	4.46758	20	0.00210571	471.33	1	temp/spectra_filtered.mgf89562	1	ESI	QqQ	Isolated	Data from Pieter Dorrestein	Data deposited by daniel	471.332	0	1	2497587					3	Positive	GNPS-NIST14-MATCHES	471.332	UPDATE-SINGLE-ANNOTATED-BRONZE	Bronze											mzspec:GNPS:GNPS-LIBRARY:CCMSLIB00003137317
M+H	Spectral Match to p-tert-Octylphenol pentaglycol ether from NIST14	CCMSLIB00003137377	87823	spectra_filtered.mgf	GNPS-NIST14-MATCHES.mgf	0.862411	5007600	0	0.714187	14	0.000305176	427.305	1	temp/spectra_filtered.mgf87823	1	ESI	QqQ	Isolated	Data from Pieter Dorrestein	Data deposited by daniel	427.305	0	1	2315642					3	Positive	GNPS-NIST14-MATCHES	427.305	UPDATE-SINGLE-ANNOTATED-BRONZE	Bronze											mzspec:GNPS:GNPS-LIBRARY:CCMSLIB00003137377
M+H	Spectral Match to p-tert-Octylphenol tetraglycol ether from NIST14	CCMSLIB00003136102	85068	spectra_filtered.mgf	GNPS-NIST14-MATCHES.mgf	0.932889	51913000	0	0.318489	12	0.00012207	383.279	1	temp/spectra_filtered.mgf85068	1	ESI	QqQ	Isolated	Data from Wiemann	Data deposited by pwiemann	383.279	0	1	2315631					3	Positive	GNPS-NIST14-MATCHES	383.279	UPDATE-SINGLE-ANNOTATED-BRONZE	Bronze											mzspec:GNPS:GNPS-LIBRARY:CCMSLIB00003136102
M+H	Sorbitane Monooleate - Polysorbate 20 in-source fragment	CCMSLIB00000577480	85742	spectra_filtered.mgf	GNPS-LIBRARY.mgf	0.823049	52291000	0	8.19273	5	0.00350952	428.374	1	temp/spectra_filtered.mgf85742	1	LC-ESI	qTof	Lysate	PDorrestein	AMelnik	428.37	0	0	 	 	CCCCCCCCC=CCCCCCCCC(=O)OCC(C1C(C(CO1)O)O)O	"InChI=1S/C24H44O6/c1-2-3-4-5-6-7-8-9-10-11-12-13-14-15-16-17-22(27)29-19-21(26)24-23(28)20(25)18-30-24/h9-10,20-21,23-26,28H,2-8,11-19H2,1H3"	 	3	Positive	GNPS-LIBRARY	428.37	UPDATE-SINGLE-ANNOTATED-BRONZE	Bronze		C24H44O6	NWGKJDSIEKMTRX-UHFFFAOYSA-N	NWGKJDSIEKMTRX	Lipids and lipid-like molecules	Fatty Acyls	Fatty acid esters	Fatty esters	Wax monoesters	Fatty acids	mzspec:GNPS:GNPS-LIBRARY:CCMSLIB00000577480
M+H	Sorbitane Monopalmitate - Polysorbate 40 in-source fragment	CCMSLIB00000577482	96872	spectra_filtered.mgf	GNPS-LIBRARY.mgf	0.892997	190015000	0	4.70248	4	0.00189209	402.358	1	temp/spectra_filtered.mgf96872	1	LC-ESI	qTof	Lysate	PDorrestein	AMelnik	402.36	0	0	 	 	CCCCCCCCCCCCCCCC(=O)OCC(C1C(C(CO1)O)O)O	"InChI=1S/C22H42O6/c1-2-3-4-5-6-7-8-9-10-11-12-13-14-15-20(25)27-17-19(24)22-21(26)18(23)16-28-22/h18-19,21-24,26H,2-17H2,1H3"	 	3	Positive	GNPS-LIBRARY	402.36	UPDATE-SINGLE-ANNOTATED-BRONZE	Bronze	Nonionic Surfactant[Source Environment]	C22H42O6	IYFATESGLOUGBX-UHFFFAOYSA-N	IYFATESGLOUGBX	Lipids and lipid-like molecules	Fatty Acyls	Fatty acid esters	Fatty esters	Wax monoesters	Fatty acids	mzspec:GNPS:GNPS-LIBRARY:CCMSLIB00000577482
M+H	Sorbitane Monostearate - Polysorbate 60 in-source fragment	CCMSLIB00000577481	86615	spectra_filtered.mgf	GNPS-LIBRARY.mgf	0.758996	418610000	0	21.1307	7	0.00909424	430.389	1	temp/spectra_filtered.mgf86615	1	LC-ESI	qTof	Lysate	PDorretein	AMelnik	430.38	0	0	 	 	CCCCCCCCCCCCCCCCCC(=O)OCC(C1C(C(CO1)O)O)O	"InChI=1S/C24H46O6/c1-2-3-4-5-6-7-8-9-10-11-12-13-14-15-16-17-22(27)29-19-21(26)24-23(28)20(25)18-30-24/h20-21,23-26,28H,2-19H2,1H3"	 	3	Positive	GNPS-LIBRARY	430.38	UPDATE-SINGLE-ANNOTATED-BRONZE	Bronze		C24H46O6	HVUMOYIDDBPOLL-UHFFFAOYSA-N	HVUMOYIDDBPOLL	Lipids and lipid-like molecules	Fatty Acyls	Fatty acid esters	Fatty esters	Wax monoesters	Fatty acids	mzspec:GNPS:GNPS-LIBRARY:CCMSLIB00000577481
M+H	Sorbitane Monostearate - Polysorbate 60 in-source fragment	CCMSLIB00000577481	97098	spectra_filtered.mgf	GNPS-LIBRARY.mgf	0.762776	130080000	0	22.5489	6	0.00970459	430.39	1	temp/spectra_filtered.mgf97098	1	LC-ESI	qTof	Lysate	PDorretein	AMelnik	430.38	0	0	 	 	CCCCCCCCCCCCCCCCCC(=O)OCC(C1C(C(CO1)O)O)O	"InChI=1S/C24H46O6/c1-2-3-4-5-6-7-8-9-10-11-12-13-14-15-16-17-22(27)29-19-21(26)24-23(28)20(25)18-30-24/h20-21,23-26,28H,2-19H2,1H3"	 	3	Positive	GNPS-LIBRARY	430.38	UPDATE-SINGLE-ANNOTATED-BRONZE	Bronze		C24H46O6	HVUMOYIDDBPOLL-UHFFFAOYSA-N	HVUMOYIDDBPOLL	Lipids and lipid-like molecules	Fatty Acyls	Fatty acid esters	Fatty esters	Wax monoesters	Fatty acids	mzspec:GNPS:GNPS-LIBRARY:CCMSLIB00000577481
M+H	tetra(methoxymethyl)melamine (putative)	CCMSLIB00005489303	23364	spectra_filtered.mgf	GNPS-LIBRARY.mgf	0.95212	2410250000	0	15.8037	6	0.00479126	303.178	1	temp/spectra_filtered.mgf23364	1	LC-ESI	Orbitrap	Crude	Daniel Petras	Daniel Petras	303.173	0	1	 	 	COCN(C1=NC(N)=NC(N(COC)COC)=[N+]1[H])COC	"InChI=1S/C11H22N6O4/c1-18-5-16(6-19-2)10-13-9(12)14-11(15-10)17(7-20-3)8-21-4/h5-8H2,1-4H3,(H2,12,13,14,15)/p+1"	 	3	Positive	GNPS-LIBRARY	303.173	UPDATE-SINGLE-ANNOTATED-BRONZE	Bronze			GDXYMSLKTXSGBS-UHFFFAOYSA-O	GDXYMSLKTXSGBS	Organic nitrogen compounds	Organonitrogen compounds	Amines				mzspec:GNPS:GNPS-LIBRARY:CCMSLIB00005489303
M+H	"Massbank:LU100202 2,2'-(Tetradecylimino)diethanol|Tetradecyldiethanolamine"	CCMSLIB00005765229	75150	spectra_filtered.mgf	MASSBANK.mgf	0.904776	138710000	0	0.403799	5	0.00012207	302.305	1	temp/spectra_filtered.mgf75150	1	ESI	Hybrid FT	Isolated	Massbank	Massbank	302.305	0	1	18924-66-8		CCCCCCCCCCCCCCN(CCO)CCO	"1S/C18H39NO2/c1-2-3-4-5-6-7-8-9-10-11-12-13-14-19(15-17-20)16-18-21/h20-21H,2-18H2,1H3"		3	Positive	MASSBANK	302.305	UPDATE-SINGLE-ANNOTATED-BRONZE	Bronze		C18H39NO2	CPHJEACXPATRSU-UHFFFAOYSA-N	CPHJEACXPATRSU	Organic nitrogen compounds	Organonitrogen compounds	Amines	Fatty acyls|Fatty amides	Fatty alcohols|N-acyl ethanolamines (endocannabinoids)	Fatty acids	mzspec:GNPS:GNPS-LIBRARY:CCMSLIB00005765229
M+H	"Massbank:LU100203 2,2'-(Tetradecylimino)diethanol|Tetradecyldiethanolamine"	CCMSLIB00005766805	53837	spectra_filtered.mgf	MASSBANK.mgf	0.996885	213119000	0	1.0095	9	0.000305176	302.305	1	temp/spectra_filtered.mgf53837	1	ESI	Hybrid FT	Isolated	Massbank	Massbank	302.305	0	1	18924-66-8		CCCCCCCCCCCCCCN(CCO)CCO	"1S/C18H39NO2/c1-2-3-4-5-6-7-8-9-10-11-12-13-14-19(15-17-20)16-18-21/h20-21H,2-18H2,1H3"		3	Positive	MASSBANK	302.305	UPDATE-SINGLE-ANNOTATED-BRONZE	Bronze		C18H39NO2	CPHJEACXPATRSU-UHFFFAOYSA-N	CPHJEACXPATRSU	Organic nitrogen compounds	Organonitrogen compounds	Amines	Fatty acyls|Fatty amides	Fatty alcohols|N-acyl ethanolamines (endocannabinoids)	Fatty acids	mzspec:GNPS:GNPS-LIBRARY:CCMSLIB00005766805
M+H	"Massbank:LU067903 6-Acetyl-1,1,2,4,4,7-hexamethyltetralin|Tonalid|1-(3,5,5,6,8,8-hexamethyl-6,7-dihydronaphthalen-2-yl)ethanone"	CCMSLIB00005761537	80472	spectra_filtered.mgf	MASSBANK.mgf	0.98732	396900000	0	1.88376	10	0.000488281	259.206	1	temp/spectra_filtered.mgf80472	1	ESI	Hybrid FT	Isolated	Massbank	Massbank	259.206	0	1	1506-02-1		CC1CC(C)(C)C2=C(C=C(C)C(=C2)C(C)=O)C1(C)C	"1S/C18H26O/c1-11-8-16-15(9-14(11)13(3)19)17(4,5)10-12(2)18(16,6)7/h8-9,12H,10H2,1-7H3"		3	Positive	MASSBANK	259.206	UPDATE-SINGLE-ANNOTATED-BRONZE	Bronze		C18H26O	DNRJTBAOUJJKDY-UHFFFAOYSA-N	DNRJTBAOUJJKDY				Sesquiterpenoids	Botryane sesquiterpenoids	Terpenoids	mzspec:GNPS:GNPS-LIBRARY:CCMSLIB00005761537
M+H	Massbank:EQ358903 Tributylphosphine oxide|Tri-n-butylphosphine oxide	CCMSLIB00005736466	56908	spectra_filtered.mgf	MASSBANK.mgf	0.734846	1244000000	0	1.39231	8	0.000305176	219.187	1	temp/spectra_filtered.mgf56908	1	ESI	Hybrid FT	Isolated	Massbank	Massbank	219.187	0	1	814-29-9		CCCCP(=O)(CCCC)CCCC	"1S/C12H27OP/c1-4-7-10-14(13,11-8-5-2)12-9-6-3/h4-12H2,1-3H3"		3	Positive	MASSBANK	219.187	UPDATE-SINGLE-ANNOTATED-BRONZE	Bronze		C12H27OP	MNZAKDODWSQONA-UHFFFAOYSA-N	MNZAKDODWSQONA	Organophosphorus compounds	Organic phosphines and derivatives	Organophosphine oxides	Fatty acyls	Hydrocarbons	Fatty acids	mzspec:GNPS:GNPS-LIBRARY:CCMSLIB00005736466
M+H	"Massbank:AU285706 Triethylcitrate|Triethyl citrate|triethyl 2-hydroxypropane-1,2,3-tricarboxylate"	CCMSLIB00005774482	48944	spectra_filtered.mgf	MASSBANK.mgf	0.963774	77690000	0	5.72629	10	0.00158691	277.126	1	temp/spectra_filtered.mgf48944	1	ESI	qTof	Isolated	Massbank	Massbank	277.128	0	1	77-93-0		CCOC(=O)CC(O)(CC(=O)OCC)C(=O)OCC	"1S/C12H20O7/c1-4-17-9(13)7-12(16,11(15)19-6-3)8-10(14)18-5-2/h16H,4-8H2,1-3H3"		3	Positive	MASSBANK	277.128	UPDATE-SINGLE-ANNOTATED-BRONZE	Bronze		C12H20O7	DOOTYTYQINUNNV-UHFFFAOYSA-N	DOOTYTYQINUNNV	Organic acids and derivatives	Carboxylic acids and derivatives	Tricarboxylic acids and derivatives	Fatty esters	Wax monoesters	Fatty acids	mzspec:GNPS:GNPS-LIBRARY:CCMSLIB00005774482
M+H	0055_Triethylcitrate	CCMSLIB00000579680	34729	spectra_filtered.mgf	CASMI.mgf	0.975581	6749910000	0	0.770846	9	0.000213623	277.128	1	temp/spectra_filtered.mgf34729	1	LC-ESI	Orbitrap	Commercial	CASMI	CASMI2016	277.128	0	1		5281708	CCOC(=O)CC(O)(CC(=O)OCC)C(=O)OCC	"""InChI=1S/C12H20O7/c1-4-17-9(13)7-12(16,11(15)19-6-3)8-10(14)18-5-2/h16H,4-8H2,1-3H3"""		1	 Positive	CASMI	277.128	UPDATE-SINGLE-ANNOTATED-GOLD	Gold		C12H20O7	DOOTYTYQINUNNV-UHFFFAOYSA-N	DOOTYTYQINUNNV	Organic acids and derivatives	Carboxylic acids and derivatives	Tricarboxylic acids and derivatives	Fatty esters	Wax monoesters	Fatty acids	mzspec:GNPS:GNPS-LIBRARY:CCMSLIB00000579680
M+H	Massbank:LU084702 Triethylene glycol bis(2-ethylhexanoate)|2-[2-[2-(2-ethylhexanoyloxy)ethoxy]ethoxy]ethyl 2-ethylhexanoate	CCMSLIB00005763901	90152	spectra_filtered.mgf	MASSBANK.mgf	0.980897	14763300	0	0.529681	5	0.000213623	403.305	1	temp/spectra_filtered.mgf90152	1	ESI	Hybrid FT	Isolated	Massbank	Massbank	403.305	0	1	99-82-1		CCCCC(CC)C(=O)OCCOCCOCCOC(=O)C(CC)CCCC	"1S/C22H42O6/c1-5-9-11-19(7-3)21(23)27-17-15-25-13-14-26-16-18-28-22(24)20(8-4)12-10-6-2/h19-20H,5-18H2,1-4H3"		3	Positive	MASSBANK	403.305	UPDATE-SINGLE-ANNOTATED-BRONZE	Bronze		C22H42O6	FRQDZJMEHSJOPU-UHFFFAOYSA-N	FRQDZJMEHSJOPU	Lipids and lipid-like molecules	Fatty Acyls	Fatty acid esters	Fatty esters	Wax monoesters	Fatty acids	mzspec:GNPS:GNPS-LIBRARY:CCMSLIB00005763901
M+H	Massbank:LU049103 Triphenyl phosphate	CCMSLIB00005763436	95770	spectra_filtered.mgf	MASSBANK.mgf	0.922515	1192800	0	1.21295	12	0.000396729	327.078	1	temp/spectra_filtered.mgf95770	1	ESI	Hybrid FT	Isolated	Massbank	Massbank	327.078	0	1	115-86-6		O=P(OC1=CC=CC=C1)(OC1=CC=CC=C1)OC1=CC=CC=C1	"1S/C18H15O4P/c19-23(20-16-10-4-1-5-11-16,21-17-12-6-2-7-13-17)22-18-14-8-3-9-15-18/h1-15H"		3	Positive	MASSBANK	327.078	UPDATE-SINGLE-ANNOTATED-BRONZE	Bronze		C18H15O4P	XZZNDPSIHUTMOC-UHFFFAOYSA-N	XZZNDPSIHUTMOC	Organic acids and derivatives	Organic phosphoric acids and derivatives	Phosphate esters			Shikimates and Phenylpropanoids	mzspec:GNPS:GNPS-LIBRARY:CCMSLIB00005763436
M+H	Spectral Match to Tris(2-butoxyethyl) phosphate from NIST14	CCMSLIB00003136497	84625	spectra_filtered.mgf	GNPS-NIST14-MATCHES.mgf	0.954986	11073800000	0	0.764371	10	0.000305176	399.251	1	temp/spectra_filtered.mgf84625	1	ESI	qTof	Isolated	Data from Nediljko Budisa	Data deposited by daniel	399.251	398.243	1	78513		CCCCOCCOP(=O)(OCCOCCCC)OCCOCCCC	"InChI=1S/C18H39O7P/c1-4-7-10-20-13-16-23-26(19,24-17-14-21-11-8-5-2)25-18-15-22-12-9-6-3/h4-18H2,1-3H3"		3	Positive	GNPS-NIST14-MATCHES	399.251	UPDATE-SINGLE-ANNOTATED-BRONZE	Bronze		C18H39O7P	WTLBZVNBAKMVDP-UHFFFAOYSA-N	WTLBZVNBAKMVDP	Organic acids and derivatives	Organic phosphoric acids and derivatives	Phosphate esters	Glycerophospholipids		Fatty acids	mzspec:GNPS:GNPS-LIBRARY:CCMSLIB00003136497
M+H	Spectral Match to Tris(2-butoxyethyl) phosphate from NIST14	CCMSLIB00003136497	96237	spectra_filtered.mgf	GNPS-NIST14-MATCHES.mgf	0.954949	18805000	0	0.305748	9	0.00012207	399.251	1	temp/spectra_filtered.mgf96237	1	ESI	qTof	Isolated	Data from Nediljko Budisa	Data deposited by daniel	399.251	398.243	1	78513		CCCCOCCOP(=O)(OCCOCCCC)OCCOCCCC	"InChI=1S/C18H39O7P/c1-4-7-10-20-13-16-23-26(19,24-17-14-21-11-8-5-2)25-18-15-22-12-9-6-3/h4-18H2,1-3H3"		3	Positive	GNPS-NIST14-MATCHES	399.251	UPDATE-SINGLE-ANNOTATED-BRONZE	Bronze		C18H39O7P	WTLBZVNBAKMVDP-UHFFFAOYSA-N	WTLBZVNBAKMVDP	Organic acids and derivatives	Organic phosphoric acids and derivatives	Phosphate esters	Glycerophospholipids		Fatty acids	mzspec:GNPS:GNPS-LIBRARY:CCMSLIB00003136497
M+H	Spectral Match to Tris(2-butoxyethyl) phosphate from NIST14	CCMSLIB00003136497	80956	spectra_filtered.mgf	GNPS-NIST14-MATCHES.mgf	0.855823	170080000	0	4.96841	8	0.00198364	399.253	1	temp/spectra_filtered.mgf80956	1	ESI	qTof	Isolated	Data from Nediljko Budisa	Data deposited by daniel	399.251	398.243	1	78513		CCCCOCCOP(=O)(OCCOCCCC)OCCOCCCC	"InChI=1S/C18H39O7P/c1-4-7-10-20-13-16-23-26(19,24-17-14-21-11-8-5-2)25-18-15-22-12-9-6-3/h4-18H2,1-3H3"		3	Positive	GNPS-NIST14-MATCHES	399.251	UPDATE-SINGLE-ANNOTATED-BRONZE	Bronze		C18H39O7P	WTLBZVNBAKMVDP-UHFFFAOYSA-N	WTLBZVNBAKMVDP	Organic acids and derivatives	Organic phosphoric acids and derivatives	Phosphate esters	Glycerophospholipids		Fatty acids	mzspec:GNPS:GNPS-LIBRARY:CCMSLIB00003136497
M+H	Spectral Match to Undecaethylene glycol from NIST14	CCMSLIB00003138415	18801	spectra_filtered.mgf	GNPS-NIST14-MATCHES.mgf	0.963925	4300970000	0	0.42444	8	0.000213623	503.306	1	temp/spectra_filtered.mgf18801	1	ESI	QQQ	Isolated	Data from James McKerrow	Data deposited by daniel	503.306	502.299	1	6809707		C(COCCOCCOCCOCCOCCOCCOCCOCCOCCOCCO)O	"InChI=1S/C22H46O12/c23-1-3-25-5-7-27-9-11-29-13-15-31-17-19-33-21-22-34-20-18-32-16-14-30-12-10-28-8-6-26-4-2-24/h23-24H,1-22H2"		3	Positive	GNPS-NIST14-MATCHES	503.306	UPDATE-SINGLE-ANNOTATED-BRONZE	Bronze		C22H46O12	PSVXZQVXSXSQRO-UHFFFAOYSA-N	PSVXZQVXSXSQRO	Organic oxygen compounds	Organooxygen compounds	Ethers	Glycerolipids	Monoacylglycerols	Fatty acids	mzspec:GNPS:GNPS-LIBRARY:CCMSLIB00003138415
M+H-CH4	"Spectral Match to Cyclotetrasiloxane, octamethyl- from NIST14"	CCMSLIB00003139740	85882	spectra_filtered.mgf	GNPS-NIST14-MATCHES.mgf	0.941678	63638000	0	1.08584	6	0.000305176	281.051	1	temp/spectra_filtered.mgf85882	1	ESI	QqQ	Isolated	Data from Wolfender	Data deposited by pmallard	281.051	0	1	556672					3	Positive	GNPS-NIST14-MATCHES	281.051	UPDATE-SINGLE-ANNOTATED-BRONZE	Bronze											mzspec:GNPS:GNPS-LIBRARY:CCMSLIB00003139740
M+H-CH4	"Spectral Match to Cyclotetrasiloxane, octamethyl- from NIST14"	CCMSLIB00003139740	2	spectra_filtered.mgf	GNPS-NIST14-MATCHES.mgf	0.95775	2479200000	0	0.651503	6	0.000183105	281.051	1	temp/spectra_filtered.mgf2	1	ESI	QqQ	Isolated	Data from Wolfender	Data deposited by pmallard	281.051	0	1	556672					3	Positive	GNPS-NIST14-MATCHES	281.051	UPDATE-SINGLE-ANNOTATED-BRONZE	Bronze											mzspec:GNPS:GNPS-LIBRARY:CCMSLIB00003139740
M+H-CH4	"Spectral Match to Cyclotetrasiloxane, octamethyl- from NIST14"	CCMSLIB00003139740	98887	spectra_filtered.mgf	GNPS-NIST14-MATCHES.mgf	0.957863	3087600000	0	0.325751	6	9.16E-05	281.051	1	temp/spectra_filtered.mgf98887	1	ESI	QqQ	Isolated	Data from Wolfender	Data deposited by pmallard	281.051	0	1	556672					3	Positive	GNPS-NIST14-MATCHES	281.051	UPDATE-SINGLE-ANNOTATED-BRONZE	Bronze											mzspec:GNPS:GNPS-LIBRARY:CCMSLIB00003139740
M+H-H2O	"Spectral Match to 2,4,7,9-Tetramethyl-5-decyne-4,7-diol from NIST14"	CCMSLIB00003137732	64277	spectra_filtered.mgf	GNPS-NIST14-MATCHES.mgf	0.960582	834000000	0	0	10	0	209.19	1	temp/spectra_filtered.mgf64277	1	ESI	qTof	Isolated	Data from Gabriel Haddad	Data deposited by mjmeehan	209.19	226.193	1	126863		CC(C)CC(C)(C#CC(C)(CC(C)C)O)O	"InChI=1S/C14H26O2/c1-11(2)9-13(5,15)7-8-14(6,16)10-12(3)4/h11-12,15-16H,9-10H2,1-6H3"		3	Positive	GNPS-NIST14-MATCHES	209.19	UPDATE-SINGLE-ANNOTATED-BRONZE	Bronze			LXOFYPKXCSULTL-UHFFFAOYSA-N	LXOFYPKXCSULTL	Organic oxygen compounds	Organooxygen compounds	Carbonyl compounds				mzspec:GNPS:GNPS-LIBRARY:CCMSLIB00003137732
M+H-H2O	"Spectral Match to 2-Butanone, 4-(2,6,6-trimethyl-2-cyclohexen-1-yl)- from NIST14"	CCMSLIB00003137687	70164	spectra_filtered.mgf	GNPS-NIST14-MATCHES.mgf	0.961823	76850000	0	1.11966	9	0.000198364	177.164	1	temp/spectra_filtered.mgf70164	1	ESI	Q-TOF	Isolated	Data from Wolfender/Litaudon	Data deposited by pmallard	177.164	0	1	31499726					3	Positive	GNPS-NIST14-MATCHES	177.164	UPDATE-SINGLE-ANNOTATED-BRONZE	Bronze											mzspec:GNPS:GNPS-LIBRARY:CCMSLIB00003137687
M+Na	Spectral Match to Dioctyl sulfosuccinate from NIST14	CCMSLIB00003136961	71749	spectra_filtered.mgf	GNPS-NIST14-MATCHES.mgf	0.9043	2830100	0	1.16526	7	0.000518799	445.223	1	temp/spectra_filtered.mgf71749	1	ESI	QqQ	Isolated	Data from Lihini Aluwihare	Data deposited by daniel	445.222	0	1	10041197					3	Positive	GNPS-NIST14-MATCHES	445.222	UPDATE-SINGLE-ANNOTATED-BRONZE	Bronze											mzspec:GNPS:GNPS-LIBRARY:CCMSLIB00003136961
M+Na	Spectral Match to p-tert-Octylphenol pentaglycol ether from NIST14	CCMSLIB00003136261	77600	spectra_filtered.mgf	GNPS-NIST14-MATCHES.mgf	0.941156	81598000	0	2.03773	13	0.000915527	449.288	1	temp/spectra_filtered.mgf77600	1	ESI	QqQ	Isolated	Data from System Wide MS course 	Data deposited by daniel	449.287	0	1	2315642					3	Positive	GNPS-NIST14-MATCHES	449.287	UPDATE-SINGLE-ANNOTATED-BRONZE	Bronze											mzspec:GNPS:GNPS-LIBRARY:CCMSLIB00003136261
M+Na	Spectral Match to Tris(2-butoxyethyl) phosphate from NIST14	CCMSLIB00003139119	84187	spectra_filtered.mgf	GNPS-NIST14-MATCHES.mgf	0.985276	1827800000	0	0.941827	12	0.000396729	421.233	1	temp/spectra_filtered.mgf84187	1	ESI	HCD	Isolated	Data from Nediljko Budisa	Data deposited by daniel	421.233	0	1	78513					3	Positive	GNPS-NIST14-MATCHES	421.233	UPDATE-SINGLE-ANNOTATED-BRONZE	Bronze											mzspec:GNPS:GNPS-LIBRARY:CCMSLIB00003139119
M+NH4	"Spectral Match to Decynediol, tetramethyl, di(2-hydroxyethyl) ether from NIST14_sus"	CCMSLIB00003135619	74277	spectra_filtered.mgf	GNPS-NIST14-MATCHES.mgf	0.930734	746950000	0	1.56133	9	0.000518799	332.28	1	temp/spectra_filtered.mgf74277	1	ESI	QQQ	Isolated	Data from Gabriel Haddad	Data deposited by mjmeehan	332.279	314.246	1	25597335		CC(C)CC(C)(C#CC(C)(CC(C)C)OCCO)OCCO	"InChI=1S/C18H34O4/c1-15(2)13-17(5,21-11-9-19)7-8-18(6,14-16(3)4)22-12-10-20/h15-16,19-20H,9-14H2,1-6H3"		3	Positive	GNPS-NIST14-MATCHES	332.279	UPDATE-SINGLE-ANNOTATED-BRONZE	Bronze			JIMHRFRMUJZRFD-UHFFFAOYSA-N	JIMHRFRMUJZRFD	Organic oxygen compounds	Organooxygen compounds	Carbonyl compounds				mzspec:GNPS:GNPS-LIBRARY:CCMSLIB00003135619
M-H+2Na	Spectral Match to Dioctyl sulfosuccinate from NIST14	CCMSLIB00003136900	85022	spectra_filtered.mgf	GNPS-NIST14-MATCHES.mgf	0.888765	5744100	0	2.35151	7	0.00109863	467.205	1	temp/spectra_filtered.mgf85022	1	ESI	QqQ	Isolated	Data from Lihini Aluwihare	Data deposited by daniel	467.204	0	1	10041197					3	Positive	GNPS-NIST14-MATCHES	467.204	UPDATE-SINGLE-ANNOTATED-BRONZE	Bronze											mzspec:GNPS:GNPS-LIBRARY:CCMSLIB00003136900
	"1,3-Dicyclohexylurea"	NIST1147491	45941	spectra_filtered.mgf	library.mgf	0.810529	478000000	0	0.406547	5	9.16E-05	225.196	1	temp/spectra_filtered.mgf45941	1																														
	"1,3-Dicyclohexylurea"	NIST1147509	67961	spectra_filtered.mgf	library.mgf	0.985841	63537000000	0	0	6	0	449.385	1	temp/spectra_filtered.mgf67961	1																														
	"1-[(2-Hydroxyethyl)amino]anthra-9,10-quinone"	NIST1918569	76606	spectra_filtered.mgf	library.mgf	0.74403	10747000	0	0.460244	8	0.000106812	232.076	1	temp/spectra_filtered.mgf76606	1																														
	2-(2-Butoxyethoxy)acetic acid	NIST1055795	13133	spectra_filtered.mgf	library.mgf	0.890778	494800000	0	1.11999	4	0.000198364	177.112	1	temp/spectra_filtered.mgf13133	1																														
	"2,2,4-Trimethyl-1,3-pentanediol diisobutyrate"	NIST1295283	1503	spectra_filtered.mgf	library.mgf	0.791696	210300	0	2.66483	4	0.000823975	309.203	1	temp/spectra_filtered.mgf1503	1																														
	"2,4,7,9-Tetramethyl-5-decyne-4,7-diol"	NIST1236754	68532	spectra_filtered.mgf	library.mgf	0.943584	230000000	0	0.597886	7	9.16E-05	153.127	1	temp/spectra_filtered.mgf68532	1																														
	"2,4-Dihydroxybenzophenone"	NIST1190860	67325	spectra_filtered.mgf	library.mgf	0.968471	12290000	0	1.34801	4	214.062	215.07	2	temp/spectra_filtered.mgf67325	1																														
	"2,4-Di-tert-butyl-6-[(dimethylamino)methyl]phenol"	NIST1988727	57932	spectra_filtered.mgf	library.mgf	0.974986	690660000	0	0.346486	4	9.16E-05	264.232	1	temp/spectra_filtered.mgf57932	1																														
	"2,6-Di-tert-butyl-4-(4-morpholinylmethyl)phenol"	NIST1988415	85026	spectra_filtered.mgf	library.mgf	0.916756	193600000	0	0.417717	10	9.16E-05	219.174	1	temp/spectra_filtered.mgf85026	1																														
	"2,6-Di-tert-butyl-4-(4-morpholinylmethyl)phenol"	NIST1988414	64462	spectra_filtered.mgf	library.mgf	0.927064	32220000	0	0.905053	13	0.000198364	219.174	1	temp/spectra_filtered.mgf64462	1																														
	"2-Cyclohexyl-1H-isoindole-1,3(2H)-dione"	NIST1777302	36033	spectra_filtered.mgf	library.mgf	0.894501	28987000	0	0	4	0	230.118	1	temp/spectra_filtered.mgf36033	1																														
	"3,4-Dichloroaniline"	NIST1253881	59503	spectra_filtered.mgf	library.mgf	0.988489	226730000	0	0.659383	4	0.000106812	161.987	1	temp/spectra_filtered.mgf59503	1																														
	"3-Cyclohexyl-1,1-dimethylurea"	NIST1280776	34323	spectra_filtered.mgf	library.mgf	0.99429	14741400000	0	0	4	0	171.149	1	temp/spectra_filtered.mgf34323	1																														
	"3-Cyclohexyl-1,1-dimethylurea"	NIST1280776	64797	spectra_filtered.mgf	library.mgf	0.973324	8113000	0	0.624084	4	0.000106812	171.149	1	temp/spectra_filtered.mgf64797	1																														
	3-Iodo-2-propynyl butylcarbamate	NIST1661362	65982	spectra_filtered.mgf	library.mgf	0.983217	32982000	0	1.40685	8	0.000396729	281.999	1	temp/spectra_filtered.mgf65982	1																														
	"4,6-Dichloroindoline"	NIST3236476	44692	spectra_filtered.mgf	library.mgf	0.955469	8745000	0	0.568138	5	0.000106812	188.003	1	temp/spectra_filtered.mgf44692	1																														
	"4,6-Dichloroindoline"	NIST3236476	68474	spectra_filtered.mgf	library.mgf	0.956734	9131000	0	0.568138	5	0.000106812	188.003	1	temp/spectra_filtered.mgf68474	1																														
	4-Ethoxybenzoic acid	NIST1471475	71100	spectra_filtered.mgf	library.mgf	0.978795	620200000	0	0.547989	5	9.16E-05	167.07	1	temp/spectra_filtered.mgf71100	1																														
	4-Ethoxybenzoic acid	NIST1471475	18280	spectra_filtered.mgf	library.mgf	0.978066	30040000	0	0	5	0	167.07	1	temp/spectra_filtered.mgf18280	1																														
	Avobenzone	NIST1174369	80207	spectra_filtered.mgf	library.mgf	0.992785	250811000	0	0.392302	11	0.00012207	311.164	1	temp/spectra_filtered.mgf80207	1																														
	Benzophenone	NIST1266334	71687	spectra_filtered.mgf	library.mgf	0.981854	1310900000	0	0.583413	4	0.000106812	183.081	1	temp/spectra_filtered.mgf71687	1																														
	Benzyldimethylstearylammonium cation	NIST1265642	98169	spectra_filtered.mgf	library.mgf	0.974642	25134000	0	0.235721	4	9.16E-05	388.394	1	temp/spectra_filtered.mgf98169	1																														
	Ethyl 2-methyl-4-oxo-6-pentylcyclohex-2-enecarboxylate	NIST3342042	75520	spectra_filtered.mgf	library.mgf	0.76327	58100000	0	0.51106	5	9.16E-05	179.143	1	temp/spectra_filtered.mgf75520	1																														
	Carbanilide	NIST1540040	62476	spectra_filtered.mgf	library.mgf	0.971076	39083000	0	0.429619	5	9.16E-05	213.102	1	temp/spectra_filtered.mgf62476	1																														
	"1,8-Diazabicyclo[5.4.0]undec-7-ene"	NIST1147468	3019	spectra_filtered.mgf	library.mgf	0.818595	15710000	0	0.697483	5	0.000106812	153.139	1	temp/spectra_filtered.mgf3019	1																														
	Decapropylene glycol	NIST1110851	80287	spectra_filtered.mgf	library.mgf	0.72247	397100000	0	0.610925	10	0.000366211	599.437	1	temp/spectra_filtered.mgf80287	1																														
	Decapropylene glycol monobutyl ether	NIST1110932	89753	spectra_filtered.mgf	library.mgf	0.769751	8524200	0	0.7449	10	0.000488281	655.5	1	temp/spectra_filtered.mgf89753	1																														
	Di(propylene glycol) butyl ether	NIST1110690	40278	spectra_filtered.mgf	library.mgf	0.79886	2777300	0	0.240094	5	9.16E-05	381.321	1	temp/spectra_filtered.mgf40278	1																														
	(S)-Dibutyl 3-hydroxybutyl phosphate	NIST1313867	61512	spectra_filtered.mgf	library.mgf	0.975324	3565100	0	0.323317	10	9.16E-05	283.167	1	temp/spectra_filtered.mgf61512	1																														
	Dicyclohexylcarbodiimide	NIST1689378	64118	spectra_filtered.mgf	library.mgf	0.993699	29720000000	0	0.271031	5	6.10E-05	225.196	1	temp/spectra_filtered.mgf64118	1																														
	Dicyclohexylcarbodiimide	NIST1689378	96888	spectra_filtered.mgf	library.mgf	0.966966	122510000	0	0.271031	5	6.10E-05	225.196	1	temp/spectra_filtered.mgf96888	1																														
	Dicyclohexylcarbodiimide	NIST1689378	23664	spectra_filtered.mgf	library.mgf	0.798109	4430000	0	0.271031	5	6.10E-05	225.196	1	temp/spectra_filtered.mgf23664	1																														
	Dimethyl adipate	NIST1295637	36491	spectra_filtered.mgf	library.mgf	0.891312	631660000	0	0.610015	4	0.000106812	175.097	1	temp/spectra_filtered.mgf36491	1																														
	Di-n-octyl phthalate	NIST1153066	93827	spectra_filtered.mgf	library.mgf	0.988392	2452000000	0	0.23398	5	9.16E-05	391.284	1	temp/spectra_filtered.mgf93827	1																														
	Di-n-octyl phthalate	NIST1153084	95649	spectra_filtered.mgf	library.mgf	0.929247	10437600	0	0.516914	4	0.000213623	413.266	1	temp/spectra_filtered.mgf95649	1																														
	Diphenylmethylphosphine oxide	NIST1199244	41079	spectra_filtered.mgf	library.mgf	0.704476	77980000	0	0	5	0	217.078	1	temp/spectra_filtered.mgf41079	1																														
	Heptaethylene glycol p-tert-octylphenyl ether	NIST1728652	83342	spectra_filtered.mgf	library.mgf	0.924769	1805260000	0	0	23	0	532.384	1	temp/spectra_filtered.mgf83342	1																														
	Heptaethylene glycol p-tert-octylphenyl ether	NIST1728642	83313	spectra_filtered.mgf	library.mgf	0.973752	40054000	0	0.454351	19	0.000244141	537.34	1	temp/spectra_filtered.mgf83313	1																														
	Heptapropylene glycol	NIST1110805	49464	spectra_filtered.mgf	library.mgf	0.784494	1592170000	0	0.430521	9	0.000183105	425.311	1	temp/spectra_filtered.mgf49464	1																														
	Hexaethylene glycol	NIST1186833	9792	spectra_filtered.mgf	library.mgf	0.983032	5260600000	0	0.431077	5	0.00012207	283.175	1	temp/spectra_filtered.mgf9792	1																														
	Hexaethylene glycol	NIST1186833	83304	spectra_filtered.mgf	library.mgf	0.925747	20876000	0	0	5	0	283.175	1	temp/spectra_filtered.mgf83304	1																														
	Hexaethylene glycol	NIST1186833	2668	spectra_filtered.mgf	library.mgf	0.937254	15107400	0	0.646616	5	0.000183105	283.175	1	temp/spectra_filtered.mgf2668	1																														
	Hexaethylene glycol	NIST1186833	11620	spectra_filtered.mgf	library.mgf	0.968486	26631000	0	2.802	5	0.000793457	283.176	1	temp/spectra_filtered.mgf11620	1																														
	"(3aR,7aS)-Hexahydro-2-benzofuran-1,3-dione"	NIST1662290	24982	spectra_filtered.mgf	library.mgf	0.851541	79500000	0	0	4	0	155.07	1	temp/spectra_filtered.mgf24982	1																														
	"(3aR,7aS)-Hexahydro-2-benzofuran-1,3-dione"	NIST1662292	41605	spectra_filtered.mgf	library.mgf	0.882809	13867000	0	0.688794	5	0.000106812	155.07	1	temp/spectra_filtered.mgf41605	1																														
	Hexapropylene glycol	NIST1110789	41173	spectra_filtered.mgf	library.mgf	0.77618	1056300000	0	0	11	0	367.269	1	temp/spectra_filtered.mgf41173	1																														
	"1-(2,3,8,8-Tetramethyl-1,2,3,4,5,6,7,8-octahydro-2-naphthalenyl)ethanone"	NIST1859630	86752	spectra_filtered.mgf	library.mgf	0.972924	96800000	0	0.9133	10	0.000198364	217.195	1	temp/spectra_filtered.mgf86752	1																														
	"1-(2,3,8,8-Tetramethyl-1,2,3,4,5,6,7,8-octahydro-2-naphthalenyl)ethanone"	NIST1859614	86517	spectra_filtered.mgf	library.mgf	0.998078	154300000	0	0.389246	11	9.16E-05	235.206	1	temp/spectra_filtered.mgf86517	1																														
	"N,N-Dimethyldodecylamine N-oxide"	NIST1726024	55072	spectra_filtered.mgf	library.mgf	0.931803	1609500	0	0.934634	6	0.000198364	212.237	1	temp/spectra_filtered.mgf55072	1																														
	"N,N-Dimethyldodecylamine N-oxide"	NIST1726016	50434	spectra_filtered.mgf	library.mgf	0.994819	5750500000	0	0	7	0	230.248	1	temp/spectra_filtered.mgf50434	1																														
	"N,N-Dimethyldodecylamine N-oxide"	NIST1726018	72299	spectra_filtered.mgf	library.mgf	0.945317	392770000	0	0.397627	5	9.16E-05	230.248	1	temp/spectra_filtered.mgf72299	1																														
	"N,N-Dimethyldodecylamine N-oxide"	NIST1726038	55647	spectra_filtered.mgf	library.mgf	0.945381	606365000	0	0.863414	7	0.000396729	459.488	1	temp/spectra_filtered.mgf55647	1																														
	"N,N-Dimethyldodecylamine N-oxide"	NIST1726037	72281	spectra_filtered.mgf	library.mgf	0.890643	2041380000	0	0	4	0	459.488	1	temp/spectra_filtered.mgf72281	1																														
	Mono-2-ethylhexyl phthalate	NIST1258313	96221	spectra_filtered.mgf	library.mgf	0.984124	92715000	0	0.327959	4	9.16E-05	279.159	1	temp/spectra_filtered.mgf96221	1																														
	Monoethyl phthalate	NIST1258406	67775	spectra_filtered.mgf	library.mgf	0.98404	16164300000	0	0	4	0	177.055	1	temp/spectra_filtered.mgf67775	1																														
	"(2R)-N-(3-Ethoxypropyl)-2,4-dihydroxy-3,3-dimethylbutanamide"	NIST3340498	18462	spectra_filtered.mgf	library.mgf	0.935505	46290000	0	0.847095	8	0.000198364	234.17	1	temp/spectra_filtered.mgf18462	1																														
	"N,N-Bis(2-hydroxyethyl)dodecanamide"	NIST1611239	59257	spectra_filtered.mgf	library.mgf	0.985953	5242020000	0	0.317612	7	9.16E-05	288.253	1	temp/spectra_filtered.mgf59257	1																														
	"N,N-Bis(2-hydroxyethyl)dodecanamide"	NIST1611244	55927	spectra_filtered.mgf	library.mgf	0.929463	309240000	0	1.05871	7	0.000305176	288.254	1	temp/spectra_filtered.mgf55927	1																														
	"N,N-Dibenzylacetamide"	NIST3465399	63703	spectra_filtered.mgf	library.mgf	0.980176	59375500	0	0.444792	9	0.000106812	240.138	1	temp/spectra_filtered.mgf63703	1																														
	"N,N-Dibenzylbenzamide"	NIST1788783	17568	spectra_filtered.mgf	library.mgf	0.911607	43790000	0	0.505534	6	9.16E-05	181.101	1	temp/spectra_filtered.mgf17568	1																														
	"N,N'-Dicyclohexyl-N-methylurea"	NIST1902027	79022	spectra_filtered.mgf	library.mgf	0.909612	6452000	0	0.829241	5	0.000198364	239.212	1	temp/spectra_filtered.mgf79022	1																														
	"N,N-Dicyclohexyl-N'-phenylurea"	NIST1960569	65346	spectra_filtered.mgf	library.mgf	0.976189	329000000	0	0.487392	6	0.000106812	219.149	1	temp/spectra_filtered.mgf65346	1																														
	N-[3-(Dimethylamino)propyl]tetradecanamide	NIST3241360	76312	spectra_filtered.mgf	library.mgf	0.978024	67269000	0	0	12	0	268.263	1	temp/spectra_filtered.mgf76312	1																														
	"N-Decyl-N,N-dimethyl-1-decanaminium cation"	NIST1764716	80497	spectra_filtered.mgf	library.mgf	0.84802	3808000	0	6.75107	4	0.00201416	298.345	1	temp/spectra_filtered.mgf80497	1																														
	"N-Decyl-N,N-dimethyl-1-decanaminium cation"	NIST1764716	79636	spectra_filtered.mgf	library.mgf	0.982192	3970000000	0	0.306867	4	9.16E-05	298.347	1	temp/spectra_filtered.mgf79636	1																														
	"N-Decyl-N,N-dimethyl-1-decanaminium cation"	NIST1764716	98225	spectra_filtered.mgf	library.mgf	0.981803	793000000	0	0.306867	4	9.16E-05	298.347	1	temp/spectra_filtered.mgf98225	1																														
	"N-Decyl-N,N-dimethyl-1-decanaminium cation"	NIST1764716	65105	spectra_filtered.mgf	library.mgf	0.877565	12360000	0	0.613734	4	0.000183105	298.347	1	temp/spectra_filtered.mgf65105	1																														
	Nicotine N-.beta.-D-glucuronide	NIST1263326	2724	spectra_filtered.mgf	library.mgf	0.997586	102200000	0	0	7	0	163.123	1	temp/spectra_filtered.mgf2724	1																														
	N-Isopropylbenzenesulfonamide	NIST1927173	61927	spectra_filtered.mgf	library.mgf	0.971417	30170000	0	0	4	0	158.027	1	temp/spectra_filtered.mgf61927	1																														
	Nonapropylene glycol	NIST1110839	77632	spectra_filtered.mgf	library.mgf	0.782822	789380000	0	0.563685	13	0.000305176	541.395	1	temp/spectra_filtered.mgf77632	1																														
	Nonapropylene glycol monobutyl ether	NIST1110917	87775	spectra_filtered.mgf	library.mgf	0.719846	24826200	0	0.510791	10	0.000305176	597.458	1	temp/spectra_filtered.mgf87775	1																														
	2-Hydroxy-4-(octyloxyl)benzophenone	NIST1197418	13236	spectra_filtered.mgf	library.mgf	0.793616	4430850000	0	17.4415	7	0.00570679	327.201	1	temp/spectra_filtered.mgf13236	1																														
	2-Hydroxy-4-(octyloxyl)benzophenone	NIST1197418	84277	spectra_filtered.mgf	library.mgf	0.776065	11623000	0	18.0011	6	0.00588989	327.201	1	temp/spectra_filtered.mgf84277	1																														
	2-Hydroxy-4-(octyloxyl)benzophenone	NIST1197418	2058	spectra_filtered.mgf	library.mgf	0.809977	9817400	0	20.5194	6	0.00671387	327.202	1	temp/spectra_filtered.mgf2058	1																														
	Octamethylcyclotetrasiloxane	NIST1153129	84101	spectra_filtered.mgf	library.mgf	0.853841	60258000	0	0.616346	6	0.000183105	297.082	1	temp/spectra_filtered.mgf84101	1																														
	Octamethylcyclotetrasiloxane	NIST1153129	98873	spectra_filtered.mgf	library.mgf	0.854405	135270000	0	0.308173	5	9.16E-05	297.082	1	temp/spectra_filtered.mgf98873	1																														
	Octamethylcyclotetrasiloxane	NIST1153129	16	spectra_filtered.mgf	library.mgf	0.843606	7366000	0	0.308173	5	9.16E-05	297.082	1	temp/spectra_filtered.mgf16	1																														
	Octapropylene glycol	NIST1110821	57431	spectra_filtered.mgf	library.mgf	0.788719	1013330000	0	0.568235	11	0.000274658	483.353	1	temp/spectra_filtered.mgf57431	1																														
	Octapropylene glycol monobutyl ether	NIST1110898	86311	spectra_filtered.mgf	library.mgf	0.700157	18833000	0	0	9	0	539.415	1	temp/spectra_filtered.mgf86311	1																														
	"p,p'-Ditolylamine"	NIST1188247	84047	spectra_filtered.mgf	library.mgf	0.983233	4340000	0	2.00239	5	0.000396729	198.127	1	temp/spectra_filtered.mgf84047	1																														
	Pentaethylene glycol	NIST1330081	8668	spectra_filtered.mgf	library.mgf	0.996421	6964840000	0	0	7	0	239.149	1	temp/spectra_filtered.mgf8668	1																														
	Pentaethylene glycol	NIST1330081	1119	spectra_filtered.mgf	library.mgf	0.992461	13977000	0	1.72272	7	0.000411987	239.149	1	temp/spectra_filtered.mgf1119	1																														
	Phenyl salicylate	NIST1202596	42505	spectra_filtered.mgf	library.mgf	0.976747	18583000	0	0.496635	4	0.000106812	215.07	1	temp/spectra_filtered.mgf42505	1																														
	1-(Benzoyloxy)propan-2-yl benzoate	NIST3459626	82970	spectra_filtered.mgf	library.mgf	0.983692	1600600000	0	0.561414	4	9.16E-05	163.075	1	temp/spectra_filtered.mgf82970	1																														
	1-(Benzoyloxy)propan-2-yl benzoate	NIST3459626	65806	spectra_filtered.mgf	library.mgf	0.982224	2142650000	0	0.561414	4	9.16E-05	163.075	1	temp/spectra_filtered.mgf65806	1																														
	1-(Benzoyloxy)propan-2-yl benzoate	NIST3459626	48639	spectra_filtered.mgf	library.mgf	0.982631	6820900000	0	0.561414	4	9.16E-05	163.075	1	temp/spectra_filtered.mgf48639	1																														
	1-(Benzoyloxy)propan-2-yl benzoate	NIST3459625	27496	spectra_filtered.mgf	library.mgf	0.982001	2857750000	0	0	4	0	163.075	1	temp/spectra_filtered.mgf27496	1																														
	Rhodamine B cation	NIST1558337	64656	spectra_filtered.mgf	library.mgf	0.792093	1094500	0	1.69051	4	0.000701904	415.201	1	temp/spectra_filtered.mgf64656	1																														
	Tetrabutylammonium cation	NIST1623343	97532	spectra_filtered.mgf	library.mgf	0.979744	28989000	0	0	6	0	242.284	1	temp/spectra_filtered.mgf97532	1																														
	Tetrabutylammonium cation	NIST1623344	38027	spectra_filtered.mgf	library.mgf	0.976797	17544000	0	0	9	0	242.284	1	temp/spectra_filtered.mgf38027	1																														
	Tetraethylene glycol	NIST1330161	86875	spectra_filtered.mgf	library.mgf	0.972381	127470000	0	0.469206	5	9.16E-05	195.123	1	temp/spectra_filtered.mgf86875	1																														
	Tetraethylene glycol	NIST1330160	5119	spectra_filtered.mgf	library.mgf	0.998584	4860000000	0	0.547407	6	0.000106812	195.123	1	temp/spectra_filtered.mgf5119	1																														
	Tetraethylene glycol monomethyl ether	NIST1330117	8711	spectra_filtered.mgf	library.mgf	0.918074	2293900000	0	0	7	0	209.138	1	temp/spectra_filtered.mgf8711	1																														
	"Bis(2,2,6,6-tetramethyl-4-piperidyl) sebacate"	NIST1202870	42610	spectra_filtered.mgf	library.mgf	0.820172	4905600	0	0.19018	5	9.16E-05	481.4	1	temp/spectra_filtered.mgf42610	1																														
	Tri(3-chloropropyl) phosphate	NIST1585075	70168	spectra_filtered.mgf	library.mgf	0.909887	37080000	0	0.422184	4	0.000106812	252.997	1	temp/spectra_filtered.mgf70168	1																														
	Tributyl phosphate	NIST1147659	81658	spectra_filtered.mgf	library.mgf	0.982087	1111800000	0	0.342673	5	9.16E-05	267.172	1	temp/spectra_filtered.mgf81658	1																														
	Tributylamine	NIST1147459	19588	spectra_filtered.mgf	library.mgf	0.990788	2473600	0	0	6	0	186.222	1	temp/spectra_filtered.mgf19588	1																														
	Triethyl citrate	NIST1186531	48933	spectra_filtered.mgf	library.mgf	0.857475	47630000	0	0.408112	4	0.00012207	299.11	1	temp/spectra_filtered.mgf48933	1																														
	Triethylene glycol monobutyl ether	NIST1364069	29437	spectra_filtered.mgf	library.mgf	0.932226	2921700000	0	0	6	0	207.159	1	temp/spectra_filtered.mgf29437	1																														
	Triethylene glycol monomethyl ether	NIST1364111	6336	spectra_filtered.mgf	library.mgf	0.890216	1178700000	0	1.20139	5	0.000198364	165.112	1	temp/spectra_filtered.mgf6336	1																														
	2-{2-[2-(Acryloyloxy)-1-methylethoxy]-1-methylethoxy}-1-methylethyl acrylate	NIST3122427	63247	spectra_filtered.mgf	library.mgf	0.878564	15150000	0	0.566633	4	0.000183105	323.147	1	temp/spectra_filtered.mgf63247	1																														
	Tris(1-chloro-2-propyl) phosphate	NIST1562705	71903	spectra_filtered.mgf	library.mgf	0.738682	1143000	0	5.7714	4	0.00201416	348.988	1	temp/spectra_filtered.mgf71903	1																														
	Tris(1-chloro-2-propyl) phosphate	NIST1585033	71892	spectra_filtered.mgf	library.mgf	0.769307	752000	0	1.13032	5	0.000396729	350.988	1	temp/spectra_filtered.mgf71892	1																														
	Tris(2-chloroethyl) phosphate	NIST1619493	53544	spectra_filtered.mgf	library.mgf	0.86625	27809000	0	0.642563	5	0.000183105	284.961	1	temp/spectra_filtered.mgf53544	1																														
	Tris(2-chloroethyl) phosphate	NIST1624284	53451	spectra_filtered.mgf	library.mgf	0.836413	22127000	0	0.425394	7	0.00012207	286.958	1	temp/spectra_filtered.mgf53451	1																														
	Tris(2-chloropropyl) phosphate	NIST1584985	70530	spectra_filtered.mgf	library.mgf	0.983146	506460000	0	0.6493	6	0.000213623	329.005	1	temp/spectra_filtered.mgf70530	1																														
243.2	Spectral Match to Pinolenic acid from NIST14	CCMSLIB00003137559	74626	spectra_filtered.mgf	GNPS-NIST14-MATCHES.mgf	0.828778	54660000	0	2.82326	8	0.000686646	243.211	1	temp/spectra_filtered.mgf74626	1	ESI	IT/ion trap	Isolated	Data from Katrina Waters;Yoshihiro Kawaoka;Richard Smith;Thomas Metz;Ralph Baric	Data deposited by alchemistmatt	243.21	0	1	16833548					3	Positive	GNPS-NIST14-MATCHES	243.21	UPDATE-SINGLE-ANNOTATED-BRONZE	Bronze											mzspec:GNPS:GNPS-LIBRARY:CCMSLIB00003137559
[2M-H2O+NH4]+	Cannabidiolic acid	CCMSLIB00012272032	57960	spectra_filtered.mgf	CMMC-REFRAME-POSITIVE-LIBRARY.mgf	0.920286	26370900	0	9.20061	9	0.0065918	716.459	1	temp/spectra_filtered.mgf57960	1	LC-ESI	Orbitrap	Commercial	Pieter C. Dorrestein	Nina Haoqi Zhao	716.452	358.214	1			C=C(C)C1CCC(C)=CC1c1c(O)cc(CCCCC)c(C(=O)O)c1O	"""InChI=1S/C22H30O4/c1-5-6-7-8-15-12-18(23)20(21(24)19(15)22(25)26)17-11-14(4)9-10-16(17)13(2)3/h11-12,16-17,23-24H,2,5-10H2,1,3-4H3,(H,25,26)/t16-,17+/m0/s1"""	WVOLTBSCXRRQFR-DLBZAZTESA-N	1	Positive	PRIVATE-LIB	716.452	UPDATE-SINGLE-ANNOTATED-GOLD	Gold		C22H30O4	WVOLTBSCXRRQFR-UHFFFAOYSA-N	WVOLTBSCXRRQFR	Benzenoids	Benzene and substituted derivatives	Benzoic acids and derivatives	Meroterpenoids	Cannabinoids	Polyketides|Terpenoids	mzspec:GNPS:GNPS-LIBRARY:CCMSLIB00012272032
[M+H]	ReSpect:PT102540 Indole-3-acetaldehyde sodium bisulfite|1-hydroxy-2-(1H-indol-3-yl)ethanesulfonic acid|1-hydroxy-2-(1H-indol-3-yl)ethanesulfonic acid	CCMSLIB00000220989	35404	spectra_filtered.mgf	RESPECT.mgf	0.746704	5271000	0	1.23919	4	0.000198364	160.076	1	temp/spectra_filtered.mgf35404	1	ESI	LC-Q-TOF/MS	Isolated	Putative ReSpect Match	ReSpect	160.076	0	1			C1=CC=C2C(=C1)C(=CN2)CC(O)S(=O)(=O)O	"1/C10H11NO4S/c12-10(16(13,14)15)5-7-6-11-9-4-2-1-3-8(7)9/h1-4,6,10-12H,5H2,(H,13,14,15)/f/h13H"		3	Positive	RESPECT	160.076	UPDATE-SINGLE-ANNOTATED-BRONZE	Bronze		C10H11NO4S	AGASQWULIFZUOK-UHFFFAOYSA-N	AGASQWULIFZUOK	Organoheterocyclic compounds	Indoles and derivatives	Indoles	Tryptophan alkaloids	Simple indole alkaloids	Alkaloids	mzspec:GNPS:GNPS-LIBRARY:CCMSLIB00000220989
[M+H]	"ReSpect:PT108130 1-Lauroyl-2-Hydroxy-sn-Glycero-3-Phosphocholine|12:0 LysoPC|1-Dodecanoyllysolecithin|Phosphocholine,1-Lauroyl-2-Hydroxy-sn-Glycero-3-|[(2R)-3-dodecanoyloxy-2-hydroxypropyl] 2-trimethylazaniumylethyl p"	CCMSLIB00000221377	62214	spectra_filtered.mgf	RESPECT.mgf	0.908089	120031000	0	0.970401	4	0.000427246	440.278	1	temp/spectra_filtered.mgf62214	1	ESI	LC-Q-TOF/MS	Isolated	Putative ReSpect Match	ReSpect	440.278	0	1	20559-18-6		CCCCCCCCCCCC(=O)OCC(COP(=O)([O-])OCC[N+](C)(C)C)O	"1/C20H42NO7P/c1-5-6-7-8-9-10-11-12-13-14-20(23)26-17-19(22)18-28-29(24,25)27-16-15-21(2,3)4/h19,22H,5-18H2,1-4H3/t19-/m1/s1"		3	Positive	RESPECT	440.278	UPDATE-SINGLE-ANNOTATED-BRONZE	Bronze			BWKILASWCLJPBO-UHFFFAOYSA-N	BWKILASWCLJPBO	Lipids and lipid-like molecules	Glycerophospholipids	Glycerophosphocholines				mzspec:GNPS:GNPS-LIBRARY:CCMSLIB00000221377
[M+H]+	MoNA:782704 Gabapentin Related Compound E	CCMSLIB00000567986	15817	spectra_filtered.mgf	MONA.mgf	0.767223	221600000	0	3.26224	4	0.000610352	187.097	1	temp/spectra_filtered.mgf15817	1	LC-ESI-QFT	LC-ESI-QFT	isolated	MoNA	MoNA	187.096	0	1			O=C(O)CC1(C(=O)O)CCCCC1	"InChI=1S/C9H14O4/c10-7(11)6-9(8(12)13)4-2-1-3-5-9/h1-6H2,(H,10,11)(H,12,13)"		3		MONA	187.096	UPDATE-SINGLE-ANNOTATED-BRONZE	Bronze		C9H14O4	SDAXMMUAZRUWNL-UHFFFAOYSA-N	SDAXMMUAZRUWNL	Organic acids and derivatives	Carboxylic acids and derivatives	Dicarboxylic acids and derivatives	Small peptides	Aminoacids	Amino acids and Peptides	mzspec:GNPS:GNPS-LIBRARY:CCMSLIB00000567986
[M+H]+	Dimoxamine	CCMSLIB00012251333	5165	spectra_filtered.mgf	CMMC-REFRAME-POSITIVE-LIBRARY.mgf	0.798141	26273500	0	1.76981	6	0.000396729	224.165	1	temp/spectra_filtered.mgf5165	1	LC-ESI	Orbitrap	Commercial	Pieter C. Dorrestein	Nina Haoqi Zhao	224.165	223.157	1			CCC(N)Cc1c(OC)cc(C)c(OC)c1	"""InChI=1S/C13H21NO2/c1-5-11(14)7-10-8-12(15-3)9(2)6-13(10)16-4/h6,8,11H,5,7,14H2,1-4H3/t11-/m1/s1"""	MLYCFWZIAJAIGW-LLVKDONJSA-N	1	Positive	PRIVATE-LIB	224.165	UPDATE-SINGLE-ANNOTATED-GOLD	Gold		C13H21NO2	MLYCFWZIAJAIGW-UHFFFAOYSA-N	MLYCFWZIAJAIGW	Benzenoids	Benzene and substituted derivatives	Phenethylamines			Alkaloids	mzspec:GNPS:GNPS-LIBRARY:CCMSLIB00012251333
[M+H]+	1977-33-9	CCMSLIB00012269401	28576	spectra_filtered.mgf	CMMC-REFRAME-POSITIVE-LIBRARY.mgf	0.984851	868670000	0	1.69445	10	0.000396729	234.134	1	temp/spectra_filtered.mgf28576	1	LC-ESI	Orbitrap	Commercial	Pieter C. Dorrestein	Nina Haoqi Zhao	234.134	233.126	1			CC(C)(CO)C(O)C(=O)NCCCC(=O)O	"""InChI=1S/C10H19NO5/c1-10(2,6-12)8(15)9(16)11-5-3-4-7(13)14/h8,12,15H,3-6H2,1-2H3,(H,11,16)(H,13,14)"""	SBBDHANTMHIRGW-UHFFFAOYSA-N	1	Positive	PRIVATE-LIB	234.134	UPDATE-SINGLE-ANNOTATED-GOLD	Gold		C10H19NO5	SBBDHANTMHIRGW-UHFFFAOYSA-N	SBBDHANTMHIRGW	Organic acids and derivatives	Carboxylic acids and derivatives	"Amino acids, peptides, and analogues"				mzspec:GNPS:GNPS-LIBRARY:CCMSLIB00012269401
[M+H]+	93811-58-6	CCMSLIB00012250251	37397	spectra_filtered.mgf	CMMC-REFRAME-POSITIVE-LIBRARY.mgf	0.947958	23618000	0	0.346486	5	9.16E-05	264.232	1	temp/spectra_filtered.mgf37397	1	LC-ESI	Orbitrap	Commercial	Pieter C. Dorrestein	Nina Haoqi Zhao	264.232	263.225	1			CCNCc1cc(C(C)(C)C)c(O)c(C(C)(C)C)c1	"""InChI=1S/C17H29NO/c1-8-18-11-12-9-13(16(2,3)4)15(19)14(10-12)17(5,6)7/h9-10,18-19H,8,11H2,1-7H3"""	WQNYIWJBDGLKEB-UHFFFAOYSA-N	1	Positive	PRIVATE-LIB	264.232	UPDATE-SINGLE-ANNOTATED-GOLD	Gold		C17H29NO	WQNYIWJBDGLKEB-UHFFFAOYSA-N	WQNYIWJBDGLKEB	Benzenoids	Benzene and substituted derivatives	Phenylpropanes				mzspec:GNPS:GNPS-LIBRARY:CCMSLIB00012250251
[M+H]+	H-gamma-glu-phe-oh	CCMSLIB00012362198	21045	spectra_filtered.mgf	MSNLIB-POSITIVE.mgf	0.958936	9131000	0	0	9	0	295.129	1	temp/spectra_filtered.mgf21045	1	ESI	Orbitrap	Crude	Tomas Pluskal	Corinna Brungs	295.129	294.122	1			N[C@@H](CCC(=O)N[C@@H](Cc1ccccc1)C(=O)O)C(=O)O	"InChI=1S/C14H18N2O5/c15-10(13(18)19)6-7-12(17)16-11(14(20)21)8-9-4-2-1-3-5-9/h1-5,10-11H,6-8,15H2,(H,16,17)(H,18,19)(H,20,21)/t10-,11-/m0/s1"	XHHOHZPNYFQJKL-QWRGUYRKSA-N	1	Positive	MSNLIB-POSITIVE	295.129	UPDATE-SINGLE-ANNOTATED-GOLD	Gold		C14H18N2O5	XHHOHZPNYFQJKL-QWRGUYRKSA-N	XHHOHZPNYFQJKL	Organic acids and derivatives	Carboxylic acids and derivatives	"Amino acids, peptides, and analogues"	Small peptides	Dipeptides	Amino acids and Peptides	mzspec:GNPS:GNPS-LIBRARY:CCMSLIB00012362198
[M+H]+	"NCGC00384529-01!5,7-dihydroxy-2-methyl-8-[(2S,3R,4R,5S,6R)-3,4,5-trihydroxy-6-(hydroxymethyl)oxan-2-yl]chromen-4-one [IIN-based: Match]"	CCMSLIB00005721457	12014	spectra_filtered.mgf	GNPS-NIH-NATURALPRODUCTSLIBRARY_ROUND2_POSITIVE.mgf	0.743024	16390000	0	4.81263	8	0.00170898	355.102	1	temp/spectra_filtered.mgf12014	1	LC-ESI	qTof	Commercial	Pieter Dorrestein	lfnothias/robinschmid	355.104	354.096	1			CC1=CC(=O)C2=C(O)C=C(O)C([C@@H]3O[C@H](CO)[C@@H](O)[C@H](O)[C@H]3O)=C2O1	"InChI=1S/C16H18O9/c1-5-2-6(18)10-7(19)3-8(20)11(15(10)24-5)16-14(23)13(22)12(21)9(4-17)25-16/h2-3,9,12-14,16-17,19-23H,4H2,1H3/t9-,12-,13+,14-,16+/m1/s1"		3	Positive	GNPS-NIH-NATURALPRODUCTSLIBRARY_ROUND2_POSITIVE	355.104	UPDATE-SINGLE-ANNOTATED-BRONZE	Bronze		C16H18O9	UDTUCCXZNVRBEJ-PBVFJORSSA-N	UDTUCCXZNVRBEJ	Organic oxygen compounds	Organooxygen compounds	Carbohydrates and carbohydrate conjugates	Chromanes	Chromones	Polyketides	mzspec:GNPS:GNPS-LIBRARY:CCMSLIB00005721457
[M+H]+	Hexamethylquercetagetin	CCMSLIB00006407302	68168	spectra_filtered.mgf	BMDMS-NP.mgf	0.933323	550800	0	1.74109	7	0.000701904	403.139	1	temp/spectra_filtered.mgf68168	1	ESI	Orbitrap	Commercial standard	BMDMS-NP	BMDMS-NP	403.14	402.131	1			O=C1C(OC)=C(OC=2C=C(OC)C(OC)=C(OC)C12)C=3C=CC(OC)=C(OC)C3	"InChI=1S/C21H22O8/c1-23-12-8-7-11(9-13(12)24-2)18-21(28-6)17(22)16-14(29-18)10-15(25-3)19(26-4)20(16)27-5/h7-10H,1-6H3"		1	Positive	BMDMS-NP	403.14	UPDATE-SINGLE-ANNOTATED-GOLD	Gold		C21H22O8	CHXSDKWBSFDZEU-UHFFFAOYSA-N	CHXSDKWBSFDZEU	Phenylpropanoids and polyketides	Flavonoids	O-methylated flavonoids	Flavonoids	Flavonols	Shikimates and Phenylpropanoids	mzspec:GNPS:GNPS-LIBRARY:CCMSLIB00006407302
[M+H]+	Corymboside	CCMSLIB00012437313	21783	spectra_filtered.mgf	MSNLIB-POSITIVE.mgf	0.9139	11783700	0	0.107997	15	6.10E-05	565.155	1	temp/spectra_filtered.mgf21783	1	ESI	Orbitrap	Crude	Tomas Pluskal	Corinna Brungs	565.155	564.148	1			O=c1cc(-c2ccc(O)cc2)oc2c(C3OC(CO)C(O)C(O)C3O)c(O)c(C3OCC(O)C(O)C3O)c(O)c12	"InChI=1S/C26H28O14/c27-6-13-18(32)21(35)23(37)26(40-13)16-20(34)15(25-22(36)17(31)11(30)7-38-25)19(33)14-10(29)5-12(39-24(14)16)8-1-3-9(28)4-2-8/h1-5,11,13,17-18,21-23,25-28,30-37H,6-7H2"	OVMFOVNOXASTPA-UHFFFAOYSA-N	1	Positive	MSNLIB-POSITIVE	565.155	UPDATE-SINGLE-ANNOTATED-GOLD	Gold		C26H28O14	OVMFOVNOXASTPA-UHFFFAOYSA-N	OVMFOVNOXASTPA	Phenylpropanoids and polyketides	Flavonoids	Flavonoid glycosides	Flavonoids	Flavones	Shikimates and Phenylpropanoids	mzspec:GNPS:GNPS-LIBRARY:CCMSLIB00012437313
[M+H-2H2O]+	"1-(3-Hydroxy-3-methyl-pent-4-enyl)-2,5,5,8a-tetramethyl-decahydro-naphthalen-2-ol"	CCMSLIB00012451000	86642	spectra_filtered.mgf	MSNLIB-POSITIVE.mgf	0.981082	53570000	0	2.56865	11	0.000701904	273.257	1	temp/spectra_filtered.mgf86642	1	ESI	Orbitrap	Crude	Tomas Pluskal	Corinna Brungs	273.258	308.272	1			C=CC(C)(O)CCC1C(C)(O)CCC2C(C)(C)CCCC21C	"InChI=1S/C20H36O2/c1-7-18(4,21)13-9-16-19(5)12-8-11-17(2,3)15(19)10-14-20(16,6)22/h7,15-16,21-22H,1,8-14H2,2-6H3"	XVULBTBTFGYVRC-UHFFFAOYSA-N	1	Positive	MSNLIB-POSITIVE	273.258	UPDATE-SINGLE-ANNOTATED-GOLD	Gold		C20H36O2	XVULBTBTFGYVRC-UHFFFAOYSA-N	XVULBTBTFGYVRC	Lipids and lipid-like molecules	Prenol lipids	Diterpenoids	Diterpenoids	Labdane diterpenoids	Terpenoids	mzspec:GNPS:GNPS-LIBRARY:CCMSLIB00012451000
[M+K]+	"[(1S,6S,7R,10R,15S,16R,18S,19R,20R)-6-(3-Furyl)-8,9,18,19,20-pentahydroxy-3-(1-hydroxy-2-methylpropylidene)-7,12,15,17-tetramethyl-4-oxo-5,11,13,21-tetraoxaheptacyclo[10.8.1.114,17.01,10.02,7.010,15.014,19]docos-16-yl]acetic acid"	CCMSLIB00004716804	95477	spectra_filtered.mgf	MONA.mgf	0.754646	18373000	0	6.75006	22	0.00463867	687.2	1	temp/spectra_filtered.mgf95477	1		ESI-QFT	isolated	MoNA	MoNA:VF-NPL-QEHF025741	687.205	0	1			CC(C)C(O)=C1C(=O)OC(c2ccoc2)C2(C)C(O)C(O)C34OC5(C)OC3(C12)C(O)C1(O)C(O)C2(C)CC1(O5)C4(C)C2CC(=O)O	"InChI=1S/C32H40O14/c1-12(2)17(35)16-18-26(4,21(43-22(16)38)13-7-8-42-10-13)19(36)20(37)32-27(5)14(9-15(33)34)25(3)11-29(27)30(41,23(25)39)24(40)31(18,32)45-28(6,44-29)46-32/h7-8,10,12,14,18-21,23-24,35-37,39-41H,9,11H2,1-6H3,(H,33,34)"		3	positive	MONA	687.205	UPDATE-SINGLE-ANNOTATED-BRONZE	Bronze		C32H40O14	FLRUCNJMPLRHQE-UHFFFAOYSA-N	FLRUCNJMPLRHQE	Lipids and lipid-like molecules	Prenol lipids	Triterpenoids	Triterpenoids	Limonoids	Terpenoids	mzspec:GNPS:GNPS-LIBRARY:CCMSLIB00004716804
[M+NH4]+	NCGC00386078-01	CCMSLIB00012450605	84700	spectra_filtered.mgf	MSNLIB-POSITIVE.mgf	0.803524	29149500	0	0.872567	6	0.000610352	699.489	1	temp/spectra_filtered.mgf84700	1	ESI	Orbitrap	Crude	Tomas Pluskal	Corinna Brungs	699.49	681.456	1			CC[C@@H](C)[C@H]1C(=O)O[C@H](C(C)C)C(=O)N(C)[C@@H]([C@@H](C)CC)C(=O)O[C@H](C(C)C)C(=O)N(C)[C@@H]([C@H](C)CC)C(=O)O[C@H](C(C)C)C(=O)N1C	"InChI=1S/C36H63N3O9/c1-16-22(10)25-34(43)46-29(20(6)7)32(41)38(14)27(24(12)18-3)36(45)48-30(21(8)9)33(42)39(15)26(23(11)17-2)35(44)47-28(19(4)5)31(40)37(25)13/h19-30H,16-18H2,1-15H3/t22-,23-,24+,25+,26+,27+,28-,29-,30-/m1/s1"	TWHBYJSVDCWICV-VOICHFRVSA-N	1	Positive	MSNLIB-POSITIVE	699.49	UPDATE-SINGLE-ANNOTATED-GOLD	Gold		C36H63N3O9	TWHBYJSVDCWICV-VOICHFRVSA-N	TWHBYJSVDCWICV	Organic acids and derivatives	Peptidomimetics	Depsipeptides	Oligopeptides	Cyclic peptides|Depsipeptides	Amino acids and Peptides|Polyketides	mzspec:GNPS:GNPS-LIBRARY:CCMSLIB00012450605
[M-2H2O+2H]+2	113777-33-6	CCMSLIB00012255371	95571	spectra_filtered.mgf	CMMC-REFRAME-POSITIVE-LIBRARY.mgf	0.92748	175400000	0	7.88469	5	0.00138855	176.106	1	temp/spectra_filtered.mgf95571	1	LC-ESI	Orbitrap	Commercial	Pieter C. Dorrestein	Nina Haoqi Zhao	176.107	386.221	1			O=C1CC2(CCCC2)CC(=O)N1CCCCNCC1COc2ccccc2O1	"""InChI=1S/C22H30N2O4/c25-20-13-22(9-3-4-10-22)14-21(26)24(20)12-6-5-11-23-15-17-16-27-18-7-1-2-8-19(18)28-17/h1-2,7-8,17,23H,3-6,9-16H2"""	HCVRCHQFYYZPHT-UHFFFAOYSA-N	1	Positive	PRIVATE-LIB	176.107	UPDATE-SINGLE-ANNOTATED-GOLD	Gold		C22H30N2O4	HCVRCHQFYYZPHT-UHFFFAOYSA-N	HCVRCHQFYYZPHT						Alkaloids	mzspec:GNPS:GNPS-LIBRARY:CCMSLIB00012255371
[M-2H2O+2H]+2	113777-33-6	CCMSLIB00012255371	98889	spectra_filtered.mgf	CMMC-REFRAME-POSITIVE-LIBRARY.mgf	0.70399	27770000	0	6.75831	4	0.00119019	176.106	1	temp/spectra_filtered.mgf98889	1	LC-ESI	Orbitrap	Commercial	Pieter C. Dorrestein	Nina Haoqi Zhao	176.107	386.221	1			O=C1CC2(CCCC2)CC(=O)N1CCCCNCC1COc2ccccc2O1	"""InChI=1S/C22H30N2O4/c25-20-13-22(9-3-4-10-22)14-21(26)24(20)12-6-5-11-23-15-17-16-27-18-7-1-2-8-19(18)28-17/h1-2,7-8,17,23H,3-6,9-16H2"""	HCVRCHQFYYZPHT-UHFFFAOYSA-N	1	Positive	PRIVATE-LIB	176.107	UPDATE-SINGLE-ANNOTATED-GOLD	Gold		C22H30N2O4	HCVRCHQFYYZPHT-UHFFFAOYSA-N	HCVRCHQFYYZPHT						Alkaloids	mzspec:GNPS:GNPS-LIBRARY:CCMSLIB00012255371
[M-H2O+H]+	146422-58-4	CCMSLIB00012265386	92647	spectra_filtered.mgf	CMMC-REFRAME-POSITIVE-LIBRARY.mgf	0.992623	247000000	0	1.30978	7	0.000213623	163.098	1	temp/spectra_filtered.mgf92647	1	LC-ESI	Orbitrap	Commercial	Pieter C. Dorrestein	Nina Haoqi Zhao	163.098	180.101	1			CCc1noc(C2CN=CNC2)n1	"""InChI=1S/C8H12N4O/c1-2-7-11-8(13-12-7)6-3-9-5-10-4-6/h5-6H,2-4H2,1H3,(H,9,10)"""	IPKFWLRXFSUTDZ-UHFFFAOYSA-N	1	Positive	PRIVATE-LIB	163.098	UPDATE-SINGLE-ANNOTATED-GOLD	Gold		C8H12N4O	IPKFWLRXFSUTDZ-UHFFFAOYSA-N	IPKFWLRXFSUTDZ	Organoheterocyclic compounds	Diazines	Pyrimidines and pyrimidine derivatives	Pseudoalkaloids	Purine alkaloids	Alkaloids	mzspec:GNPS:GNPS-LIBRARY:CCMSLIB00012265386
[M-H2O+H]+	Prazobind	CCMSLIB00012255529	65537	spectra_filtered.mgf	CMMC-REFRAME-POSITIVE-LIBRARY.mgf	0.889052	9830000	0	6.41747	4	0.00259399	404.205	1	temp/spectra_filtered.mgf65537	1	LC-ESI	Orbitrap	Commercial	Pieter C. Dorrestein	Nina Haoqi Zhao	404.208	421.211	1			COc1c(OC)cc2c(N)nc(N3CCN(C(=O)C4=CC5C=CC4CC5)CC3)nc2c1	"""InChI=1S/C23H27N5O3/c1-30-19-12-17-18(13-20(19)31-2)25-23(26-21(17)24)28-9-7-27(8-10-28)22(29)16-11-14-3-5-15(16)6-4-14/h3,5,11-15H,4,6-10H2,1-2H3,(H2,24,25,26)"""	MXXRJJCMLRPJOF-UHFFFAOYSA-N	1	Positive	PRIVATE-LIB	404.208	UPDATE-SINGLE-ANNOTATED-GOLD	Gold		C23H27N5O3	MXXRJJCMLRPJOF-UHFFFAOYSA-N	MXXRJJCMLRPJOF	Organoheterocyclic compounds	Diazinanes	Piperazines			Alkaloids	mzspec:GNPS:GNPS-LIBRARY:CCMSLIB00012255529
[M-H2O+Na]+	Calpain inhibitor I	CCMSLIB00012272707	2990	spectra_filtered.mgf	CMMC-REFRAME-POSITIVE-LIBRARY.mgf	0.932976	899400	0	4.32308	4	0.00167847	388.255	1	temp/spectra_filtered.mgf2990	1	LC-ESI	Orbitrap	Commercial	Pieter C. Dorrestein	Nina Haoqi Zhao	388.257	383.278	1			CCCCC(C=O)NC(=O)C(CC(C)C)NC(=O)C(CC(C)C)NC(C)=O	"""InChI=1S/C20H37N3O4/c1-7-8-9-16(12-24)22-19(26)18(11-14(4)5)23-20(27)17(10-13(2)3)21-15(6)25/h12-14,16-18H,7-11H2,1-6H3,(H,21,25)(H,22,26)(H,23,27)/t16-,17-,18-/m0/s1"""	FMYKJLXRRQTBOR-BZSNNMDCSA-N	1	Positive	PRIVATE-LIB	388.257	UPDATE-SINGLE-ANNOTATED-GOLD	Gold		C20H37N3O4	FMYKJLXRRQTBOR-UHFFFAOYSA-N	FMYKJLXRRQTBOR	Organic acids and derivatives	Carboxylic acids and derivatives	"Amino acids, peptides, and analogues"	Small peptides	Tripeptides	Amino acids and Peptides	mzspec:GNPS:GNPS-LIBRARY:CCMSLIB00012272707
M+2H	Spectral Match to Ile-Ile-Lys from NIST14	CCMSLIB00003136360	13281	spectra_filtered.mgf	GNPS-NIST14-MATCHES.mgf	0.94025	32370000	0	4.32133	11	186.136	187.144	2	temp/spectra_filtered.mgf13281	1	ESI	qTof	Isolated	Data from Pieter Dorrestein	Data deposited by lfnothias	187.145	372.274	1			CC[C@H](C)[C@@H](C(=O)N[C@@H]([C@@H](C)CC)C(=O)N[C@@H](CCCCN)C(=O)O)N	"InChI=1S/C18H36N4O4/c1-5-11(3)14(20)16(23)22-15(12(4)6-2)17(24)21-13(18(25)26)9-7-8-10-19/h11-15H,5-10,19-20H2,1-4H3,(H,21,24)(H,22,23)(H,25,26)/t11-,12-,13-,14-,15-/m0/s1"		3	Positive	GNPS-NIST14-MATCHES	187.145	UPDATE-SINGLE-ANNOTATED-BRONZE	Bronze		C18H36N4O4	CSQNHSGHAPRGPQ-YTFOTSKYSA-N	CSQNHSGHAPRGPQ	Organic acids and derivatives	Carboxylic acids and derivatives	"Amino acids, peptides, and analogues"	Small peptides	Dipeptides|Tripeptides	Amino acids and Peptides	mzspec:GNPS:GNPS-LIBRARY:CCMSLIB00003136360
M+2H]	Spectral Match to Leu-Leu-Arg from NIST14	CCMSLIB00003138408	5513	spectra_filtered.mgf	GNPS-NIST14-MATCHES.mgf	0.775608	41754900	0	8.95126	7	0.00180054	201.147	1	temp/spectra_filtered.mgf5513	1	ESI	IT/ion trap	Isolated	Data from Karin	Data deposited by aaksenov	201.149	0	1						3	Positive	GNPS-NIST14-MATCHES	201.149	UPDATE-SINGLE-ANNOTATED-BRONZE	Bronze											mzspec:GNPS:GNPS-LIBRARY:CCMSLIB00003138408
M+2H]	VITAMIN K1 CollisionEnergy:102040	CCMSLIB00010112940	92727	spectra_filtered.mgf	BERKELEY-LAB.mgf	0.996763	1284000000	0	7.96057	12	0.00180054	226.18	1	temp/spectra_filtered.mgf92727	1	LC-ESI	Orbitrap	Commercial	Trent Northen	JGI	226.182	0	1			CC(=CCC1=C(C)C(=O)c2ccccc2C1=O)CCCC(C)CCCC(C)CCCC(C)C	"""InChI=1S/C31H46O2/c1-22(2)12-9-13-23(3)14-10-15-24(4)16-11-17-25(5)20-21-27-26(6)30(32)28-18-7-8-19-29(28)31(27)33/h7-8,18-20,22-24H,9-17,21H2,1-6H3/b25-20+"""		3	Positive	BERKELEY-LAB	226.182	UPDATE-SINGLE-ANNOTATED-BRONZE	Bronze		C31H46O2	MBWXNTAXLNYFJB-UHFFFAOYSA-N	MBWXNTAXLNYFJB	Lipids and lipid-like molecules	Prenol lipids	Quinone and hydroquinone lipids	Meroterpenoids	Prenyl quinone meroterpenoids	Terpenoids	mzspec:GNPS:GNPS-LIBRARY:CCMSLIB00010112940
M+H	Safranal	CCMSLIB00006675337	20378	spectra_filtered.mgf	GNPS-NUTRI-METAB-FEM-POS.mgf	0.836046	4810000	0	1.3127	6	0.000198364	151.112	1	temp/spectra_filtered.mgf20378	1	ESI	Orbitrap	Commercial	Ulaszewska	Marynka Ulaszewska	151.112	150.104	1	116-26-7	61041	CC1=C(C(CC=C1)(C)C)C=O	"InChI=1S/C10H14O/c1-8-5-4-6-10(2,3)9(8)7-11/h4-5,7H,6H2,1-3H3"		1	Positive	GNPS-NUTRI-METAB-FEM-POS	151.112	UPDATE-SINGLE-ANNOTATED-GOLD	Gold		C10H14O	SGAWOGXMMPSZPB-UHFFFAOYSA-N	SGAWOGXMMPSZPB				Apocarotenoids	Apocarotenoids (β-)	Terpenoids	mzspec:GNPS:GNPS-LIBRARY:CCMSLIB00006675337
M+H	8-AMINOOCTANOIC ACID	CCMSLIB00006679419	20673	spectra_filtered.mgf	MONA.mgf	0.742111	9940000	0	2.57278	7	0.000411987	160.133	1	temp/spectra_filtered.mgf20673	1	ESI	Orbitrap	isolated	MoNA	MoNA:MoNA037466	160.133	0	1			C(CCCC(=O)O)CCCN	"""InChI=1S/C8H17NO2/c9-7-5-3-1-2-4-6-8(10)11/h1-7,9H2,(H,10,11)"""		3	positive	MONA	160.133	UPDATE-SINGLE-ANNOTATED-BRONZE	Bronze		C8H17NO2	UQXNEWQGGVUVQA-UHFFFAOYSA-N	UQXNEWQGGVUVQA	Lipids and lipid-like molecules	Fatty Acyls	Fatty acids and conjugates	Fatty Acids and Conjugates|Small peptides	Amino fatty acids|Aminoacids	Amino acids and Peptides|Fatty acids	mzspec:GNPS:GNPS-LIBRARY:CCMSLIB00006679419
M+H	"""1,4-dimethylhydroquinolin-2-one CollisionEnergy:205060"""	CCMSLIB00010115048	34340	spectra_filtered.mgf	BERKELEY-LAB.mgf	0.752627	5160000	0	0.52589	5	9.16E-05	174.091	1	temp/spectra_filtered.mgf34340	1	LC-ESI	Orbitrap	Commercial	Trent Northen	JGI	174.091	0	1			Cc1cc(=O)n(C)c2ccccc12	"""InChI=1S/C11H11NO/c1-8-7-11(13)12(2)10-6-4-3-5-9(8)10/h3-7H,1-2H3"""		3	Positive	BERKELEY-LAB	174.091	UPDATE-SINGLE-ANNOTATED-BRONZE	Bronze		C11H11NO	CEONKCOBRZOYJS-UHFFFAOYSA-N	CEONKCOBRZOYJS	Organoheterocyclic compounds	Quinolines and derivatives	Quinolones and derivatives	Tryptophan alkaloids|Anthranilic acid alkaloids	Quinoline alkaloids	Alkaloids	mzspec:GNPS:GNPS-LIBRARY:CCMSLIB00010115048
M+H	INDOLE-3-ACETATE	CCMSLIB00005464251	35191	spectra_filtered.mgf	GNPS-MSMLS.mgf	0.987062	55670000	0	1.73325	5	0.000305176	176.071	1	temp/spectra_filtered.mgf35191	1	ESI	Orbitrap	Commercial	Dorrestein	Kelly Weldon	176.071	175.063	1	6505-45-9		OC(=O)CC1=CNC2=C1C=CC=C2	"""InChI=1S/C10H9NO2/c12-10(13)5-7-6-11-9-4-2-1-3-8(7)9/h1-4,6,11H,5H2,(H,12,13)"""		1	Positive	GNPS-MSMLS	176.071	UPDATE-SINGLE-ANNOTATED-GOLD	Gold		C10H9NO2	SEOVTRFCIGRIMH-UHFFFAOYSA-N	SEOVTRFCIGRIMH	Organoheterocyclic compounds	Indoles and derivatives	Indolyl carboxylic acids and derivatives	Tryptophan alkaloids	Simple indole alkaloids	Alkaloids	mzspec:GNPS:GNPS-LIBRARY:CCMSLIB00005464251
M+H	Massbank:PR303367 Coniferyl aldehyde	CCMSLIB00005742254	72690	spectra_filtered.mgf	MASSBANK.mgf	0.745074	10390000	0	1.10775	5	0.000198364	179.07	1	temp/spectra_filtered.mgf72690	1	ESI	qTof	Isolated	Massbank	Massbank	179.07	0	1			COC1=C(O)C=CC(\C=C\C=O)=C1	"1S/C10H10O3/c1-13-10-7-8(3-2-6-11)4-5-9(10)12/h2-7,12H,1H3/b3-2+"		3	Positive	MASSBANK	179.07	UPDATE-SINGLE-ANNOTATED-BRONZE	Bronze		C10H10O3	DKZBBWMURDFHNE-NSCUHMNNSA-N	DKZBBWMURDFHNE	Benzenoids	Phenols	Methoxyphenols	Phenylpropanoids (C6-C3)	Cinnamic acids and derivatives	Shikimates and Phenylpropanoids	mzspec:GNPS:GNPS-LIBRARY:CCMSLIB00005742254
M+H	Massbank:PR303367 Coniferyl aldehyde	CCMSLIB00005742254	34635	spectra_filtered.mgf	MASSBANK.mgf	0.906618	9400000	0	1.61901	7	0.000289917	179.07	1	temp/spectra_filtered.mgf34635	1	ESI	qTof	Isolated	Massbank	Massbank	179.07	0	1			COC1=C(O)C=CC(\C=C\C=O)=C1	"1S/C10H10O3/c1-13-10-7-8(3-2-6-11)4-5-9(10)12/h2-7,12H,1H3/b3-2+"		3	Positive	MASSBANK	179.07	UPDATE-SINGLE-ANNOTATED-BRONZE	Bronze		C10H10O3	DKZBBWMURDFHNE-NSCUHMNNSA-N	DKZBBWMURDFHNE	Benzenoids	Phenols	Methoxyphenols	Phenylpropanoids (C6-C3)	Cinnamic acids and derivatives	Shikimates and Phenylpropanoids	mzspec:GNPS:GNPS-LIBRARY:CCMSLIB00005742254
M+H	5-PHENYLVALERIC ACID	CCMSLIB00006682251	63271	spectra_filtered.mgf	MONA.mgf	0.823404	26070000	0	2.21504	5	0.000396729	179.107	1	temp/spectra_filtered.mgf63271	1	ESI	qTof	isolated	MoNA	MoNA:MoNA032667	179.107	0	1			C1=CC=C(C=C1)CCCCC(=O)O	"""InChI=1S/C11H14O2/c12-11(13)9-5-4-8-10-6-2-1-3-7-10/h1-3,6-7H,4-5,8-9H2,(H,12,13)"""		3	positive	MONA	179.107	UPDATE-SINGLE-ANNOTATED-BRONZE	Bronze		C11H14O2	BYHDDXPKOZIZRV-UHFFFAOYSA-N	BYHDDXPKOZIZRV	Lipids and lipid-like molecules	Fatty Acyls	Fatty acids and conjugates	Fatty Acids and Conjugates	Carbocyclic fatty acids	Fatty acids	mzspec:GNPS:GNPS-LIBRARY:CCMSLIB00006682251
M+H	Hippuric acid CollisionEnergy:102040	CCMSLIB00010108563	14465	spectra_filtered.mgf	BERKELEY-LAB.mgf	0.959127	23225000	0	2.20324	5	0.000396729	180.066	1	temp/spectra_filtered.mgf14465	1	LC-ESI	Orbitrap	Commercial	Trent Northen	JGI	180.066	0	1			O=C(O)CN=C(O)c1ccccc1	"""InChI=1S/C9H9NO3/c11-8(12)6-10-9(13)7-4-2-1-3-5-7/h1-5H,6H2,(H,10,13)(H,11,12)"""		3	Positive	BERKELEY-LAB	180.066	UPDATE-SINGLE-ANNOTATED-BRONZE	Bronze		C9H9NO3	QIAFMBKCNZACKA-UHFFFAOYSA-N	QIAFMBKCNZACKA	Benzenoids	Benzene and substituted derivatives	Benzoic acids and derivatives			Shikimates and Phenylpropanoids	mzspec:GNPS:GNPS-LIBRARY:CCMSLIB00010108563
M+H	homo-anatoxin-a	CCMSLIB00012194721	2355	spectra_filtered.mgf	GNPS-LIBRARY.mgf	0.846567	1460000	0	3.38823	5	0.000610352	180.138	1	temp/spectra_filtered.mgf2355	1	LC-ESI	qTof	Commercial	Tri Kaloudis	Sofia Iliakopoulou	180.139	0	1	 	 	 	 	 	3	Positive	GNPS-LIBRARY	180.139	UPDATE-SINGLE-ANNOTATED-BRONZE	Bronze											mzspec:GNPS:GNPS-LIBRARY:CCMSLIB00012194721
M+H	Tyrosine methyl ester	CCMSLIB00005723440	5124	spectra_filtered.mgf	GNPS-LIBRARY.mgf	0.94016	63110000	0	0.544687	7	0.000106812	196.097	1	temp/spectra_filtered.mgf5124	1	LC-ESI	Orbitrap	Other	Cheng-Chih Hsu	Hsin-Hsiang Chung	196.097	195.09	1			COC(=O)C(N)Cc1ccc(O)cc1	"InChI=1S/C10H13NO3/c1-14-10(13)9(11)6-7-2-4-8(12)5-3-7/h2-5,9,12H,6,11H2,1H3"		3	Positive	GNPS-LIBRARY	196.097	UPDATE-SINGLE-ANNOTATED-BRONZE	Bronze		C10H13NO3	MWZPENIJLUWBSY-UHFFFAOYSA-N	MWZPENIJLUWBSY	Organic acids and derivatives	Carboxylic acids and derivatives	"Amino acids, peptides, and analogues"	Small peptides	Aminoacids	Amino acids and Peptides|Shikimates and Phenylpropanoids	mzspec:GNPS:GNPS-LIBRARY:CCMSLIB00005723440
M+H	3S_2349_Tetrahydro_1h_pyrido_34b_indole_carboxylic_acid	CCMSLIB00006673501	14350	spectra_filtered.mgf	GNPS-NUTRI-METAB-FEM-POS.mgf	0.924885	90950000	0	1.40571	6	0.000305176	217.097	1	temp/spectra_filtered.mgf14350	1	ESI	Orbitrap	Commercial	Ulaszewska	Marynka Ulaszewska	217.097	216.09	1	42438-90-4	449440	C1C(NCC2=C1C3=CC=CC=C3N2)C(=O)O	"InChI=1S/C12H12N2O2/c15-12(16)10-5-8-7-3-1-2-4-9(7)14-11(8)6-13-10/h1-4,10,13-14H,5-6H2,(H,15,16)/t10-/m0/s1"		1	Positive	GNPS-NUTRI-METAB-FEM-POS	217.097	UPDATE-SINGLE-ANNOTATED-GOLD	Gold		C12H12N2O2	FSNCEEGOMTYXKY-UHFFFAOYSA-N	FSNCEEGOMTYXKY	Organoheterocyclic compounds	Indoles and derivatives	Pyridoindoles	Tryptophan alkaloids	Carboline alkaloids	Alkaloids	mzspec:GNPS:GNPS-LIBRARY:CCMSLIB00006673501
M+H	Traumatic Acid - 40.0 eV	CCMSLIB00006118297	81197	spectra_filtered.mgf	BIRMINGHAM-UHPLC-MS-POS.mgf	0.778668	6010000	0	2.1309	6	0.000488281	229.143	1	temp/spectra_filtered.mgf81197	1	ESI	Orbitrap	Isolated	PI	Data Collector	229.143	0	1			C(CCCCC(=O)O)CCC/C=C/C(=O)O	"InChI=1S/C12H20O4/c13-11(14)9-7-5-3-1-2-4-6-8-10-12(15)16/h7,9H,1-6,8,10H2,(H,13,14)(H,15,16)/b9-7+"		1	Positive	BIRMINGHAM-UHPLC-MS-POS	229.143	UPDATE-SINGLE-ANNOTATED-GOLD	Gold		C12H20O4	MAZWDMBCPDUFDJ-VQHVLOKHSA-N	MAZWDMBCPDUFDJ	Lipids and lipid-like molecules	Fatty Acyls	Fatty acids and conjugates	Fatty Acids and Conjugates	Dicarboxylic acids	Fatty acids	mzspec:GNPS:GNPS-LIBRARY:CCMSLIB00006118297
M+H	Phe-C5:0	CCMSLIB00010010611	15836	spectra_filtered.mgf	ECG-ACYL-AMIDES-C4-C24-LIBRARY.mgf	0.768758	9427100	0	26.779	4	0.00669861	250.137	1	temp/spectra_filtered.mgf15836	1	ESI	qTof	Crude	Dorrestein	Emily Gentry	250.144	249.136	1			CCCCC(NC(C(O)=O)CC1=CC=CC=C1)=O	"InChI=1S/C14H19NO3/c1-2-3-9-13(16)15-12(14(17)18)10-11-7-5-4-6-8-11/h4-8,12H,2-3,9-10H2,1H3,(H,15,16)(H,17,18)"		2	Positive	ECG-ACYL-AMIDES-C4-C24-LIBRARY	250.144	UPDATE-SINGLE-ANNOTATED-SILVER	Silver		C14H19NO3	YXQLJEQFZUMUPB-UHFFFAOYSA-N	YXQLJEQFZUMUPB	Organic acids and derivatives	Carboxylic acids and derivatives	"Amino acids, peptides, and analogues"	Small peptides	Dipeptides	Amino acids and Peptides	mzspec:GNPS:GNPS-LIBRARY:CCMSLIB00010010611
M+H	Massbank:NA001075 Citrinin	CCMSLIB00005769913	26944	spectra_filtered.mgf	MASSBANK.mgf	0.971134	8230000	0	1.15463	9	0.000289917	251.091	1	temp/spectra_filtered.mgf26944	1	ESI	Hybrid FT	Isolated	Massbank	Massbank	251.091	0	1			C[C@H]1OC=C2C(O)=C(C(O)=O)C(=O)C(C)=C2[C@@H]1C	"1S/C13H14O5/c1-5-7(3)18-4-8-9(5)6(2)11(14)10(12(8)15)13(16)17/h4-5,7,15H,1-3H3,(H,16,17)/t5-,7-/m1/s1"		3	Positive	MASSBANK	251.091	UPDATE-SINGLE-ANNOTATED-BRONZE	Bronze		C13H14O5	CQIUKKVOEOPUDV-IYSWYEEDSA-N	CQIUKKVOEOPUDV				Chromanes	Azaphilones	Polyketides	mzspec:GNPS:GNPS-LIBRARY:CCMSLIB00005769913
M+H	Spectral Match to cis-9-Hexadecenoic acid from NIST14	CCMSLIB00003136526	83920	spectra_filtered.mgf	GNPS-NIST14-MATCHES.mgf	0.944494	9734000	0	1.1359	10	0.000289917	255.232	1	temp/spectra_filtered.mgf83920	1	ESI	qTof	Isolated	Data from Wolfender/Litaudon	Data deposited by pmallard	255.232	254.225	1	373499		CCCCCC/C=C\CCCCCCCC(=O)O	"InChI=1S/C16H30O2/c1-2-3-4-5-6-7-8-9-10-11-12-13-14-15-16(17)18/h7-8H,2-6,9-15H2,1H3,(H,17,18)/b8-7-"		3	Positive	GNPS-NIST14-MATCHES	255.232	UPDATE-SINGLE-ANNOTATED-BRONZE	Bronze		C16H30O2	SECPZKHBENQXJG-FPLPWBNLSA-N	SECPZKHBENQXJG	Lipids and lipid-like molecules	Fatty Acyls	Fatty acids and conjugates	Fatty Acids and Conjugates	Unsaturated fatty acids	Fatty acids	mzspec:GNPS:GNPS-LIBRARY:CCMSLIB00003136526
M+H	Candidate Glutamine-C7:1 (delta mass:110.0728)	CCMSLIB00012716603	9052	spectra_filtered.mgf	GNPS-N-ACYL-LIPIDS-MASSQL.mgf	0.832009	722300	0	2.37353	9	0.000610352	257.15	1	temp/spectra_filtered.mgf9052	1	LC-ESI	Orbitrap	Crude	Pieter Dorrestein	helenamrusso	257.149	257.149	0						4	Positive	GNPS-N-ACYL-LIPIDS-MASSQL	257.149	UPDATE-SINGLE-ANNOTATED-BRONZE	Insilico											mzspec:GNPS:GNPS-LIBRARY:CCMSLIB00012716603
M+H	Spectral Match to PyroGlu-Phe from NIST14	CCMSLIB00003137591	4336	spectra_filtered.mgf	GNPS-NIST14-MATCHES.mgf	0.77822	13670000	0	2.09236	7	0.000579834	277.118	1	temp/spectra_filtered.mgf4336	1	ESI	Q-TOF	Isolated	Data from System Wide MS course 	Data deposited by daniel	277.119	0	1						3	Positive	GNPS-NIST14-MATCHES	277.119	UPDATE-SINGLE-ANNOTATED-BRONZE	Bronze											mzspec:GNPS:GNPS-LIBRARY:CCMSLIB00003137591
M+H	Spectral Match to Tyr-Val from NIST14	CCMSLIB00003137604	2342	spectra_filtered.mgf	GNPS-NIST14-MATCHES.mgf	0.744609	146430000	0	2.49656	7	0.000701904	281.15	1	temp/spectra_filtered.mgf2342	1	ESI	Q-TOF	Isolated	Data from Joshua Wollam	Data deposited by fevargas	281.149	0	1						3	Positive	GNPS-NIST14-MATCHES	281.149	UPDATE-SINGLE-ANNOTATED-BRONZE	Bronze											mzspec:GNPS:GNPS-LIBRARY:CCMSLIB00003137604
M+H	Tau-C11:1	CCMSLIB00011435702	61127	spectra_filtered.mgf	ECG-ACYL-AMIDES-C4-C24-LIBRARY.mgf	0.791196	2175100	0	0.940102	9	0.000274658	292.158	1	temp/spectra_filtered.mgf61127	1	ESI	Orbitrap	Commercial	Dorrestein	Ipsita	292.158	291.15	1			O=C(NCCS(=O)(O)=O)CCCCCCCCC=C	"InChI=1S/C13H25NO4S/c1-2-3-4-5-6-7-8-9-10-13(15)14-11-12-19(16,17)18/h2H,1,3-12H2,(H,14,15)(H,16,17,18)"		1	Positive	ECG-ACYL-AMIDES-C4-C24-LIBRARY	292.158	UPDATE-SINGLE-ANNOTATED-GOLD	Gold		C13H25NO4S	SGMVVQSFRFYLAV-UHFFFAOYSA-N	SGMVVQSFRFYLAV	Lipids and lipid-like molecules	Fatty Acyls	Fatty amides	Fatty amides	N-acyl amines	Fatty acids	mzspec:GNPS:GNPS-LIBRARY:CCMSLIB00011435702
M+H	Spectral Match to PyroGlu-Tyr from NIST14	CCMSLIB00003135336	4169	spectra_filtered.mgf	GNPS-NIST14-MATCHES.mgf	0.838676	1330000	0	2.81111	7	0.000823975	293.113	1	temp/spectra_filtered.mgf4169	1	ESI	Q-TOF	Isolated	Data from System Wide MS course 	Data deposited by daniel	293.114	0	1						3	Positive	GNPS-NIST14-MATCHES	293.114	UPDATE-SINGLE-ANNOTATED-BRONZE	Bronze											mzspec:GNPS:GNPS-LIBRARY:CCMSLIB00003135336
M+H	Spectral Match to Phe-Gln from NIST14	CCMSLIB00003139582	3868	spectra_filtered.mgf	GNPS-NIST14-MATCHES.mgf	0.902665	67610000	0	2.38626	13	0.000701904	294.145	1	temp/spectra_filtered.mgf3868	1	LC-ESI	qTof	Isolated	Data from Rob Knight	Data deposited by rsilva	294.144	0	1						3	Positive	GNPS-NIST14-MATCHES	294.144	UPDATE-SINGLE-ANNOTATED-BRONZE	Bronze											mzspec:GNPS:GNPS-LIBRARY:CCMSLIB00003139582
M+H	Candidate Alanine/Sarcosine-C14:2 (delta mass:206.1672)	CCMSLIB00012717222	75743	spectra_filtered.mgf	GNPS-N-ACYL-LIPIDS-MASSQL.mgf	0.863985	2712000	0	1.44232	10	0.000427246	296.222	1	temp/spectra_filtered.mgf75743	1	LC-ESI	Orbitrap	Crude	Pieter Dorrestein	helenamrusso	296.222	296.222	0						4	Positive	GNPS-N-ACYL-LIPIDS-MASSQL	296.222	UPDATE-SINGLE-ANNOTATED-BRONZE	Insilico											mzspec:GNPS:GNPS-LIBRARY:CCMSLIB00012717222
M+H	Domoic Acid	CCMSLIB00006112513	1833	spectra_filtered.mgf	GNPS-LIBRARY.mgf	0.930259	31200000	0	0.879909	15	0.000274658	312.144	1	temp/spectra_filtered.mgf1833	1	LC-ESI	Orbitrap	Crude	Daniel Petras	Daniel Petras	312.144	0	1	 	 	CC(C=CC=C(C)C1CNC(C1CC(=O)O)C(=O)O)C(=O)O	"InChI=1S/C15H21NO6/c1-8(4-3-5-9(2)14(19)20)11-7-16-13(15(21)22)10(11)6-12(17)18/h3-5,9-11,13,16H,6-7H2,1-2H3,(H,17,18)(H,19,20)(H,21,22)"	 	3	Positive	GNPS-LIBRARY	312.144	UPDATE-SINGLE-ANNOTATED-BRONZE	Bronze		C15H21NO6	VZFRNCSOCOPNDB-UHFFFAOYSA-N	VZFRNCSOCOPNDB	Organic acids and derivatives	Carboxylic acids and derivatives	"Amino acids, peptides, and analogues"	Small peptides	Aminoacids	Amino acids and Peptides	mzspec:GNPS:GNPS-LIBRARY:CCMSLIB00006112513
M+H	Spectral Match to Monopalmitolein (9c) from NIST14	CCMSLIB00003137300	76883	spectra_filtered.mgf	GNPS-NIST14-MATCHES.mgf	0.984706	146294000	0	4.81949	11	0.00158691	329.268	1	temp/spectra_filtered.mgf76883	1	ESI	HCD	Isolated	Data from Pieter C Dorrestein	Data deposited by negarg	329.27	0	1	37515610					3	Positive	GNPS-NIST14-MATCHES	329.27	UPDATE-SINGLE-ANNOTATED-BRONZE	Bronze											mzspec:GNPS:GNPS-LIBRARY:CCMSLIB00003137300
M+H	Golotimod	CCMSLIB00010133733	9645	spectra_filtered.mgf	MCE-DRUG.mgf	0.932831	2471700	0	1.27864	10	0.000427246	334.14	1	temp/spectra_filtered.mgf9645	1	ESI	Orbitrap	Crude	Tomas Pluskal	Corinna Brungs	334.14	333.132	1			N[C@H](CCC(=O)N[C@@H](Cc1c[nH]c2ccccc12)C(=O)O)C(=O)O	"""InChI=1S/C16H19N3O5/c17-11(15(21)22)5-6-14(20)19-13(16(23)24)7-9-8-18-12-4-2-1-3-10(9)12/h1-4,8,11,13,18H,5-7,17H2,(H,19,20)(H,21,22)(H,23,24)/t11-,13+/m1/s1"""	CATMPQFFVNKDEY-YPMHNXCESA-N	3	Positive	MCE-DRUG	334.14	UPDATE-SINGLE-ANNOTATED-BRONZE	Bronze		C16H19N3O5	CATMPQFFVNKDEY-YPMHNXCESA-N	CATMPQFFVNKDEY	Organic acids and derivatives	Carboxylic acids and derivatives	"Amino acids, peptides, and analogues"	Small peptides	Dipeptides	Amino acids and Peptides	mzspec:GNPS:GNPS-LIBRARY:CCMSLIB00010133733
M+H	Mycophenolic acid methyl ester_130118	CCMSLIB00000478522	74492	spectra_filtered.mgf	GNPS-LIBRARY.mgf	0.763286	16580000	0	1.27479	7	0.000427246	335.149	1	temp/spectra_filtered.mgf74492	1	LC-ESI	qToF	Isolated	Cichewicz	Luzzatto	335.149	334.142	1	31858-66-9		OC1=C2C(COC2=O)=C(C)C(OC)=C1C/C=C(CCC(OC)=O)\C	"InChI=1S/C18H22O6/c1-10(6-8-14(19)22-3)5-7-12-16(20)15-13(9-24-18(15)21)11(2)17(12)23-4/h5,20H,6-9H2,1-4H3/b10-5+"		2	Positive	GNPS-LIBRARY	335.149	UPDATE-SINGLE-ANNOTATED-SILVER	Silver		C18H22O6	ZPXRQFLATDNYSS-BJMVGYQFSA-N	ZPXRQFLATDNYSS	Organoheterocyclic compounds	Isocoumarans	Isobenzofuranones	Cyclic polyketides	Phthalide derivatives	Polyketides	mzspec:GNPS:GNPS-LIBRARY:CCMSLIB00000478522
M+H	Porphyra-334	CCMSLIB00010013015	14443	spectra_filtered.mgf	GNPS-LIBRARY.mgf	0.751894	6137100	0	14.0657	6	0.00488281	347.149	1	temp/spectra_filtered.mgf14443	1	LC-ESI	Orbitrap	Crude	Michael Zwerger	Michael Zwerger	347.144	0	1	 	 	CC(C(C(=O)O)NC1=C(C(=NCC(=O)O)CC(C1)(CO)O)OC)O	"InChI=1S/C14H22N2O8/c1-7(18)11(13(21)22)16-9-4-14(23,6-17)3-8(12(9)24-2)15-5-10(19)20/h7,11,16-18,23H,3-6H2,1-2H3,(H,19,20)(H,21,22)/t7-,11+,14?/m0/s1"	 	3	Positive	GNPS-LIBRARY	347.144	UPDATE-SINGLE-ANNOTATED-BRONZE	Bronze		C14H22N2O8	AWCCBAPDJMUZOK-UHFFFAOYSA-N	AWCCBAPDJMUZOK	Organic acids and derivatives	Carboxylic acids and derivatives	"Amino acids, peptides, and analogues"	Mycosporine derivatives	Mycosporine and Mycosporine-like amino acids	Amino acids and Peptides|Shikimates and Phenylpropanoids	mzspec:GNPS:GNPS-LIBRARY:CCMSLIB00010013015
M+H	Spectral Match to Phe-Trp from NIST14	CCMSLIB00003139311	29476	spectra_filtered.mgf	GNPS-NIST14-MATCHES.mgf	0.968445	64266000	0	1.64648	8	0.000579834	352.166	1	temp/spectra_filtered.mgf29476	1	ESI	Q-TOF	Isolated	Data from Pieter Dorrestein	Data deposited by daniel	352.165	0	1	24587415					3	Positive	GNPS-NIST14-MATCHES	352.165	UPDATE-SINGLE-ANNOTATED-BRONZE	Bronze											mzspec:GNPS:GNPS-LIBRARY:CCMSLIB00003139311
M+H	Spectral Match to Monoelaidin from NIST14	CCMSLIB00003138917	90749	spectra_filtered.mgf	GNPS-NIST14-MATCHES.mgf	0.904634	7370000	0	0.597881	13	0.000213623	357.3	1	temp/spectra_filtered.mgf90749	1	ESI	qTof	Isolated	Data from Pieter C Dorrestein	Data deposited by negarg	357.3	356.293	1	2716532		CCCCCCCC/C=C/CCCCCCCC(=O)OCC(CO)O	"InChI=1S/C21H40O4/c1-2-3-4-5-6-7-8-9-10-11-12-13-14-15-16-17-21(24)25-19-20(23)18-22/h9-10,20,22-23H,2-8,11-19H2,1H3/b10-9+"		3	Positive	GNPS-NIST14-MATCHES	357.3	UPDATE-SINGLE-ANNOTATED-BRONZE	Bronze		C21H40O4	RZRNAYUHWVFMIP-MDZDMXLPSA-N	RZRNAYUHWVFMIP	Lipids and lipid-like molecules	Glycerolipids	Monoradylglycerols	Glycerolipids	Monoacylglycerols	Fatty acids	mzspec:GNPS:GNPS-LIBRARY:CCMSLIB00003138917
M+H	"Massbank:AC000078 Brevianamide A|(1R,3S,5R,7R)-4,4-Dimethyl-13H-spiro[9,14-diazatetracyclo[5.5.2.01,9.03,7]tetradecane-5,2'-indole]-3',8,13(1'H)-trione"	CCMSLIB00005727949	40578	spectra_filtered.mgf	MASSBANK.mgf	0.964876	3439000	0	1.08342	13	0.000396729	366.181	1	temp/spectra_filtered.mgf40578	1	ESI	Hybrid FT	Isolated	Massbank	Massbank	366.181	0	1	23402-09-7		CC1([C@@H]2C[C@@]34CCCN3C(=O)[C@]2(C[C@]15C(=O)C6=CC=CC=C6N5)NC4=O)C	"1S/C21H23N3O3/c1-18(2)14-10-19-8-5-9-24(19)17(27)20(14,23-16(19)26)11-21(18)15(25)12-6-3-4-7-13(12)22-21/h3-4,6-7,14,22H,5,8-11H2,1-2H3,(H,23,26)/t14-,19+,20+,21-/m0/s1"		3	Positive	MASSBANK	366.181	UPDATE-SINGLE-ANNOTATED-BRONZE	Bronze		C21H23N3O3	MWOFPQAPILIIPR-DJJZHVJBSA-N	MWOFPQAPILIIPR				Peptide alkaloids	"Indole diketopiperazine alkaloids (L-Trp, L-Pro)"	Alkaloids|Amino acids and Peptides	mzspec:GNPS:GNPS-LIBRARY:CCMSLIB00005727949
M+H	"Massbank:NA002780 Senkirkine|(1R,4Z,6R,7R,11Z)-4-ethylidene-7-hydroxy-6,7,14-trimethyl-2,9-dioxa-14-azabicyclo[9.5.1]heptadec-11-ene-3,8,17-trione"	CCMSLIB00005770022	17853	spectra_filtered.mgf	MASSBANK.mgf	0.721443	1795000	0	0.500027	6	0.000183105	366.191	1	temp/spectra_filtered.mgf17853	1	ESI	Hybrid FT	Isolated	Massbank	Massbank	366.191	0	1	2318-18-5		C/C=C\1/C[C@H]([C@@](C(=O)OC/C/2=C/CN(CC[C@H](C2=O)OC1=O)C)(C)O)C	"1S/C19H27NO6/c1-5-13-10-12(2)19(3,24)18(23)25-11-14-6-8-20(4)9-7-15(16(14)21)26-17(13)22/h5-6,12,15,24H,7-11H2,1-4H3/b13-5-,14-6-/t12-,15-,19-/m1/s1"		3	Positive	MASSBANK	366.191	UPDATE-SINGLE-ANNOTATED-BRONZE	Bronze		C19H27NO6	HPDHKHMHQGCNPE-QLJRNOHWSA-N	HPDHKHMHQGCNPE				Ornithine alkaloids	Pyrrolizidine alkaloids	Alkaloids	mzspec:GNPS:GNPS-LIBRARY:CCMSLIB00005770022
M+H	Sinensetin CollisionEnergy:102040	CCMSLIB00010104830	65153	spectra_filtered.mgf	BERKELEY-LAB.mgf	0.980415	1302700	0	1.63577	9	0.000610352	373.129	1	temp/spectra_filtered.mgf65153	1	LC-ESI	Orbitrap	Commercial	Trent Northen	JGI	373.128	0	1			COc1ccc(-c2cc(=O)c3c(OC)c(OC)c(OC)cc3o2)cc1OC	"""InChI=1S/C20H20O7/c1-22-13-7-6-11(8-15(13)23-2)14-9-12(21)18-16(27-14)10-17(24-3)19(25-4)20(18)26-5/h6-10H,1-5H3"""		3	Positive	BERKELEY-LAB	373.128	UPDATE-SINGLE-ANNOTATED-BRONZE	Bronze		C20H20O7	LKMNXYDUQXAUCZ-UHFFFAOYSA-N	LKMNXYDUQXAUCZ	Phenylpropanoids and polyketides	Flavonoids	O-methylated flavonoids	Flavonoids	Flavones	Shikimates and Phenylpropanoids	mzspec:GNPS:GNPS-LIBRARY:CCMSLIB00010104830
M+H	FruLeuIle	CCMSLIB00005720268	12848	spectra_filtered.mgf	GNPS-LIBRARY.mgf	0.72609	3332400	0	1.64863	11	0.000671387	407.24	1	temp/spectra_filtered.mgf12848	1	LC-ESI	qTof	Isolated	Alesia Walker	Alesia Walker	407.239	407.239	1	 	 	O=C(O)C(N=C(O)C(NCC1(O)OCC(O)C(O)C1O)CC(C)C)C(C)CC	HKOVMJGGVHCEHW-MDCITZLESA-N	 	3	Positive	GNPS-LIBRARY	407.239	UPDATE-SINGLE-ANNOTATED-BRONZE	Bronze	Amadori Product[Chemical Family]||Human:Fecal[Sample Type Detected]	C18H34N2O8	HKOVMJGGVHCEHW-UHFFFAOYSA-N	HKOVMJGGVHCEHW	Organic acids and derivatives	Carboxylic acids and derivatives	"Amino acids, peptides, and analogues"				mzspec:GNPS:GNPS-LIBRARY:CCMSLIB00005720268
M+H	(3-hydroxyheptadecenoyl)lysine	CCMSLIB00004679237	79258	spectra_filtered.mgf	GNPS-LIBRARY.mgf	0.782584	2378000	0	0.738322	8	0.000305176	413.337	1	temp/spectra_filtered.mgf79258	1	LC-ESI	qTof	Lysate	Dorrestein	aaksenov	413.337	0	0	 	 	 	 	 	3	Positive	GNPS-LIBRARY	413.337	UPDATE-SINGLE-ANNOTATED-BRONZE	Bronze											mzspec:GNPS:GNPS-LIBRARY:CCMSLIB00004679237
M+H	(3-hydroxyheptadecanoyl)lysine	CCMSLIB00004679233	81106	spectra_filtered.mgf	GNPS-LIBRARY.mgf	0.756788	3458100	0	1.91032	10	0.000793457	415.353	1	temp/spectra_filtered.mgf81106	1	LC-ESI	qTof	Lysate	Dorrestein	aaksenov	415.354	0	0	 	 	 	 	 	3	Positive	GNPS-LIBRARY	415.354	UPDATE-SINGLE-ANNOTATED-BRONZE	Bronze											mzspec:GNPS:GNPS-LIBRARY:CCMSLIB00004679233
M+H	Isovitexin CollisionEnergy:102040	CCMSLIB00010111878	30841	spectra_filtered.mgf	BERKELEY-LAB.mgf	0.773103	3344500	0	1.12738	11	0.000488281	433.113	1	temp/spectra_filtered.mgf30841	1	LC-ESI	Orbitrap	Commercial	Trent Northen	JGI	433.113	0	1			O=c1cc(-c2ccc(O)cc2)oc2cc(O)c(C3OC(CO)C(O)C(O)C3O)c(O)c12	"""InChI=1S/C21H20O10/c22-7-14-17(26)19(28)20(29)21(31-14)16-11(25)6-13-15(18(16)27)10(24)5-12(30-13)8-1-3-9(23)4-2-8/h1-6,14,17,19-23,25-29H,7H2/t14-,17-,19+,20-,21+/m1/s1"""		3	Positive	BERKELEY-LAB	433.113	UPDATE-SINGLE-ANNOTATED-BRONZE	Bronze		C21H20O10	MYXNWGACZJSMBT-UHFFFAOYSA-N	MYXNWGACZJSMBT	Phenylpropanoids and polyketides	Flavonoids	Flavonoid glycosides	Flavonoids	Flavones	Shikimates and Phenylpropanoids	mzspec:GNPS:GNPS-LIBRARY:CCMSLIB00010111878
M+H	Val-CDCA	CCMSLIB00006582354	89227	spectra_filtered.mgf	BILELIB19.mgf	0.95628	6003600	0	0	20	0	492.368	1	temp/spectra_filtered.mgf89227	1	ESI	Orbitrap	Crude	Dorrestein	Emily Gentry	492.368	491.361	1			C[C@H](CCC(N[C@H](C(O)=O)C(C)C)=O)[C@H]1CC[C@@]2([H])[C@]3([H])[C@H](O)C[C@]4([H])C[C@H](O)CC[C@]4(C)[C@H]3CC[C@@]21C	"InChI=1S/C29H49NO5/c1-16(2)26(27(34)35)30-24(33)9-6-17(3)20-7-8-21-25-22(11-13-29(20,21)5)28(4)12-10-19(31)14-18(28)15-23(25)32/h16-23,25-26,31-32H,6-15H2,1-5H3,(H,30,33)(H,34,35)/t17-,18+,19-,20-,21+,22+,23-,25+,26?,28+,29-/m1/s1"		2	Positive	BILELIB19	492.368	UPDATE-SINGLE-ANNOTATED-SILVER	Silver		C29H49NO5	DWKUILAFNXKAFN-VBPAPOGFSA-N	DWKUILAFNXKAFN	Lipids and lipid-like molecules	Steroids and steroid derivatives	"Bile acids, alcohols and derivatives"	Steroids	Cholane steroids|Cholestane steroids	Terpenoids	mzspec:GNPS:GNPS-LIBRARY:CCMSLIB00006582354
M+H	6''-Malonylcosmosiin	CCMSLIB00005778361	37619	spectra_filtered.mgf	GNPS-LIBRARY.mgf	0.977007	8697700	0	0.823029	4	0.000427246	519.114	1	temp/spectra_filtered.mgf37619	1	LC-ESI	Orbitrap	Isolated	JL Wolfender	individual data collecting	519.114	518.106	1	86546-87-4	5856141	C1=CC(=CC=C1C2=CC(=O)C3=C(C=C(C=C3O2)OC4C(C(C(C(O4)COC(=O)CC(=O)O)O)O)O)O)O	"InChI=1S/C24H22O13/c25-11-3-1-10(2-4-11)15-7-14(27)20-13(26)5-12(6-16(20)36-15)35-24-23(33)22(32)21(31)17(37-24)9-34-19(30)8-18(28)29/h1-7,17,21-26,31-33H,8-9H2,(H,28,29)"	 	3	Positive	GNPS-LIBRARY	519.114	UPDATE-SINGLE-ANNOTATED-BRONZE	Bronze		C24H22O13	JXWAQRJFONLTSI-UHFFFAOYSA-N	JXWAQRJFONLTSI	Phenylpropanoids and polyketides	Flavonoids	Flavonoid glycosides	Flavonoids	Flavones	Shikimates and Phenylpropanoids	mzspec:GNPS:GNPS-LIBRARY:CCMSLIB00005778361
M+H	hemiasterlin	CCMSLIB00005436517	63893	spectra_filtered.mgf	GNPS-LIBRARY.mgf	0.867549	26543900	0	1.50458	16	0.000793457	527.359	1	temp/spectra_filtered.mgf63893	1	LC-ESI	qTof	Crude	Vinayak Agarwal	Vinayak Agarwal	527.36	526.352	1	 	 	CC(C(N(C(C(NC(C(NC)C(C)(C(C1=CC=CC=C12)=CN2C)C)=O)C(C)(C)C)=O)C)/C=C(C(O)=O)/C)C	"InChI=1S/C30H46N4O4/c1-18(2)23(16-19(3)28(37)38)34(11)27(36)25(29(4,5)6)32-26(35)24(31-9)30(7,8)21-17-33(10)22-15-13-12-14-20(21)22/h12-18,23-25,31H,1-11H3,(H,32,35)(H,37,38)/b19-16-"	 	3	Positive	GNPS-LIBRARY	527.36	UPDATE-SINGLE-ANNOTATED-BRONZE	Bronze		C30H46N4O4	KQODQNJLJQHFQV-MNDPQUGUSA-N	KQODQNJLJQHFQV	Organic acids and derivatives	Carboxylic acids and derivatives	"Amino acids, peptides, and analogues"	Small peptides	Tripeptides	Amino acids and Peptides	mzspec:GNPS:GNPS-LIBRARY:CCMSLIB00005436517
M+H	GameXPeptide D	CCMSLIB00001059264	88287	spectra_filtered.mgf	GNPS-LIBRARY.mgf	0.719582	2072100	0	1.1853	9	0.000671387	566.427	1	temp/spectra_filtered.mgf88287	1	LC-ESI	qTof	Other	HW	HW	566.426	0	0	 	 	 	 	 	3	Positive	GNPS-LIBRARY	566.426	UPDATE-SINGLE-ANNOTATED-BRONZE	Bronze											mzspec:GNPS:GNPS-LIBRARY:CCMSLIB00001059264
M+H	PE-DAG (14:0/16:1)	CCMSLIB00006678084	89240	spectra_filtered.mgf	GNPS-LIBRARY.mgf	0.831887	10337600	0	0.460659	12	0.000305176	662.476	1	temp/spectra_filtered.mgf89240	1	LC-ESI	Orbitrap	Other	S Ding	Su Ding	662.476	662.474	1						3	Positive	GNPS-LIBRARY	662.476	UPDATE-SINGLE-ANNOTATED-BRONZE	Bronze											mzspec:GNPS:GNPS-LIBRARY:CCMSLIB00006678084
M+H	13-Desmethylspirolide C	CCMSLIB00006126858	56070	spectra_filtered.mgf	GNPS-LIBRARY.mgf	0.876677	3900500	0	1.76287	17	0.0012207	692.452	1	temp/spectra_filtered.mgf56070	1	LC-ESI	Orbitrap	Commercial	Kimberly Prather	Lucia Cancelada	692.451	0	1	 	 	CC1CC23CCC(=C(C2C=C(C(CC4CCC5(O4)CCC6(O5)C(CCC(O6)CC(=C)CCCC3=NCC1C)(C)O)O)C)C)C7C=C(C(=O)O7)C	"1S/C42H61NO7/c1-25-9-8-10-37-40(23-28(4)29(5)24-43-37)15-13-33(36-21-27(3)38(45)47-36)30(6)34(40)20-26(2)35(44)22-32-12-16-41(48-32)17-18-42(50-41)39(7,46)14-11-31(19-25)49-42/h20-21,28-29,31-32,34-36,44,46H,1,8-19,22-24H2,2-7H3/b26-20+/t28-,29-,31-,32-,34-,35-,36-,39+,40+,41+,42+/m0/s1"	 	3	Positive	GNPS-LIBRARY	692.451	UPDATE-SINGLE-ANNOTATED-BRONZE	Bronze		C42H61NO7	TWYUDVVIPSUDIG-UHFFFAOYSA-N	TWYUDVVIPSUDIG						Polyketides	mzspec:GNPS:GNPS-LIBRARY:CCMSLIB00006126858
M+H	Massbank:AC000473 Fumonisin B1|Macrofusine	CCMSLIB00005727877	52066	spectra_filtered.mgf	MASSBANK.mgf	0.88863	2557100	0	1.94327	21	0.00140381	722.396	1	temp/spectra_filtered.mgf52066	1	ESI	Hybrid FT	Isolated	Massbank	Massbank	722.395	0	1	116355-83-0		CCCC[C@@H](C)[C@H]([C@H](C[C@@H](C)C[C@@H](CCCC[C@H](C[C@@H]([C@H](C)N)O)O)O)OC(=O)C[C@@H](CC(=O)O)C(=O)O)OC(=O)C[C@@H](CC(=O)O)C(=O)O	"1S/C34H59NO15/c1-5-6-9-20(3)32(50-31(44)17-23(34(47)48)15-29(41)42)27(49-30(43)16-22(33(45)46)14-28(39)40)13-19(2)12-24(36)10-7-8-11-25(37)18-26(38)21(4)35/h19-27,32,36-38H,5-18,35H2,1-4H3,(H,39,40)(H,41,42)(H,45,46)(H,47,48)/t19-,20+,21-,22+,23+,24+,25+,26-,27-,32+/m0/s1"		3	Positive	MASSBANK	722.395	UPDATE-SINGLE-ANNOTATED-BRONZE	Bronze		C34H59NO15	UVBUBMSSQKOIBE-DSLOAKGESA-N	UVBUBMSSQKOIBE	Organic acids and derivatives	Carboxylic acids and derivatives	Fumonisins	Linear polyketides	Open-chain polyketides	Polyketides	mzspec:GNPS:GNPS-LIBRARY:CCMSLIB00005727877
M+H	DGCC (34:5)	CCMSLIB00006678238	88705	spectra_filtered.mgf	GNPS-LIBRARY.mgf	0.888067	24434000	0	1.06282	8	0.000793457	746.557	1	temp/spectra_filtered.mgf88705	1	LC-ESI	Orbitrap	Other	S Ding	Su Ding	746.556	746.555	1						3	Positive	GNPS-LIBRARY	746.556	UPDATE-SINGLE-ANNOTATED-BRONZE	Bronze											mzspec:GNPS:GNPS-LIBRARY:CCMSLIB00006678238
M+H-H2O	Deoxycholic acid methyl ester CollisionEnergy:102040	CCMSLIB00010112819	90463	spectra_filtered.mgf	BERKELEY-LAB.mgf	0.869204	70260000	0	1.01907	18	0.000396729	389.305	1	temp/spectra_filtered.mgf90463	1	LC-ESI	Orbitrap	Commercial	Trent Northen	JGI	389.305	0	1			COC(=O)CCC(C)C1CCC2C3CCC4CC(O)CCC4(C)C3CC(O)C12C	"""InChI=1S/C25H42O4/c1-15(5-10-23(28)29-4)19-8-9-20-18-7-6-16-13-17(26)11-12-24(16,2)21(18)14-22(27)25(19,20)3/h15-22,26-27H,5-14H2,1-4H3/t15-,16-,17-,18+,19-,20+,21+,22+,24+,25-/m1/s1"""		3	Positive	BERKELEY-LAB	389.305	UPDATE-SINGLE-ANNOTATED-BRONZE	Bronze		C25H42O4	ZHUOOEGSSFNTNP-UHFFFAOYSA-N	ZHUOOEGSSFNTNP	Lipids and lipid-like molecules	Steroids and steroid derivatives	"Bile acids, alcohols and derivatives"	Steroids	Cholane steroids	Terpenoids	mzspec:GNPS:GNPS-LIBRARY:CCMSLIB00010112819
M+Na	N-Choloylglycine CollisionEnergy:102040	CCMSLIB00010107858	63921	spectra_filtered.mgf	BERKELEY-LAB.mgf	0.981264	32542000	0	2.24992	8	0.00109863	488.299	1	temp/spectra_filtered.mgf63921	1	LC-ESI	Orbitrap	Commercial	Trent Northen	JGI	488.298	0	1			CC(CCC(O)=NCC(=O)O)C1CCC2C3C(O)CC4CC(O)CCC4(C)C3CC(O)C12C	"""InChI=1S/C26H43NO6/c1-14(4-7-22(31)27-13-23(32)33)17-5-6-18-24-19(12-21(30)26(17,18)3)25(2)9-8-16(28)10-15(25)11-20(24)29/h14-21,24,28-30H,4-13H2,1-3H3,(H,27,31)(H,32,33)"""		3	Positive	BERKELEY-LAB	488.298	UPDATE-SINGLE-ANNOTATED-BRONZE	Bronze		C26H43NO6	RFDAIACWWDREDC-UHFFFAOYSA-N	RFDAIACWWDREDC	Lipids and lipid-like molecules	Steroids and steroid derivatives	"Bile acids, alcohols and derivatives"	Steroids	Cholane steroids	Terpenoids	mzspec:GNPS:GNPS-LIBRARY:CCMSLIB00010107858
M+Na	Spectral Match to 1-(9Z-Octadecenoyl)-sn-glycero-3-phosphocholine from NIST14	CCMSLIB00003137471	93818	spectra_filtered.mgf	GNPS-NIST14-MATCHES.mgf	0.933893	916300	0	5.04574	8	0.00274658	544.34	1	temp/spectra_filtered.mgf93818	1	ESI	qTof	Isolated	Data from Pieter Dorrestein	Data deposited by daniel	544.337	521.348	1	19420565		CCCCCCCC/C=C\CCCCCCCC(=O)OC[C@H](COP(=O)([O-])OCC[N+](C)(C)C)O	"InChI=1S/C26H52NO7P/c1-5-6-7-8-9-10-11-12-13-14-15-16-17-18-19-20-26(29)32-23-25(28)24-34-35(30,31)33-22-21-27(2,3)4/h12-13,25,28H,5-11,14-24H2,1-4H3/b13-12-/t25-/m1/s1"		3	Positive	GNPS-NIST14-MATCHES	544.337	UPDATE-SINGLE-ANNOTATED-BRONZE	Bronze			YAMUFBLWGFFICM-PTGWMXDISA-N	YAMUFBLWGFFICM	Lipids and lipid-like molecules	Glycerophospholipids	Glycerophosphocholines				mzspec:GNPS:GNPS-LIBRARY:CCMSLIB00003137471
M+NH4	"Massbank:AU581252 Bisphenol A (2,3-dihydroxypropyl) glycidyl ether|3-(4-(1-(4-(2,3-Epoxypropoxy)phenyl)-1-methylethyl)phenoxy)propane-1,2-diol|3-[4-[2-[4-(oxiran-2-ylmethoxy)phenyl]propan-2-yl]phenoxy]propane-1,2-diol_suspect"	CCMSLIB00005773809	29466	spectra_filtered.mgf	MASSBANK.mgf	0.727718	6698000	0	3.24471	5	0.0012207	376.212	1	temp/spectra_filtered.mgf29466	1	ESI	qTof	Isolated	Massbank	Massbank	376.213	0	1	76002-91-0		CC(C)(C1=CC=C(C=C1)OCC2CO2)C3=CC=C(C=C3)OCC(CO)O	"1S/C21H26O5/c1-21(2,15-3-7-18(8-4-15)24-12-17(23)11-22)16-5-9-19(10-6-16)25-13-20-14-26-20/h3-10,17,20,22-23H,11-14H2,1-2H3"		3	Positive	MASSBANK	376.213	UPDATE-SINGLE-ANNOTATED-BRONZE	Bronze		C21H26O5	NBLIPZBCGXIEFO-UHFFFAOYSA-N	NBLIPZBCGXIEFO	Benzenoids	Benzene and substituted derivatives	Diphenylmethanes	Lignans	Neolignans	Shikimates and Phenylpropanoids	mzspec:GNPS:GNPS-LIBRARY:CCMSLIB00005773809
M-2H2O+H	"1-methyl-4-(6-methylhept-5-en-2-yl)-2,3-dioxabicyclo[2.2.2]oct-5-ene"	CCMSLIB00005724601	75631	spectra_filtered.mgf	GNPS-LIBRARY.mgf	0.986031	7301200	0	1.51705	9	0.000305176	201.164	1	temp/spectra_filtered.mgf75631	1	ESI	Orbitrap	Isolated	Wolfender	Luis Quiros-Guerrero	201.164	236.178	1			CC(CCC=C(C)C)C1(CC2)OOC2(C)C=C1	"InChI=1S/C15H24O2/c1-12(2)6-5-7-13(3)15-10-8-14(4,9-11-15)16-17-15/h6,8,10,13H,5,7,9,11H2,1-4H3/t13-,14+,15-/m0/s1"		1	Positive	GNPS-LIBRARY	201.164	UPDATE-SINGLE-ANNOTATED-GOLD	Gold		C15H24O2	LQQPBZXRTDBTDG-UHFFFAOYSA-N	LQQPBZXRTDBTDG	Organoheterocyclic compounds	Dioxanes	"1,2-dioxanes"	Sesquiterpenoids	Bisabolane sesquiterpenoids	Terpenoids	mzspec:GNPS:GNPS-LIBRARY:CCMSLIB00005724601
M-2H2O+H	"methyl 19-hydroxy-14,18-dimethyl-12-azahexacyclo[10.6.1.1�,?.0�?,�?.0�?,�?.0?,�?]icosa-3,7(20)-diene-3-carboxylate"	CCMSLIB00005725501	70105	spectra_filtered.mgf	GNPS-LIBRARY.mgf	0.825924	31755000	0	19.4492	10	0.00650024	334.223	1	temp/spectra_filtered.mgf70105	1	ESI	Orbitrap	Isolated	Wolfender	Luis Quiros-Guerrero	334.216	369.23	1			CC(CN1CC2C(C)(CC3)C4(CC(C(OC)=O)=C5CC6)C5=C6CC2)C3C14O	"InChI=1S/C23H31NO3/c1-13-11-24-12-15-6-4-14-5-7-16-17(20(25)27-3)10-22(19(14)16)21(15,2)9-8-18(13)23(22,24)26/h13,15,18,26H,4-12H2,1-3H3"		1	Positive	GNPS-LIBRARY	334.216	UPDATE-SINGLE-ANNOTATED-GOLD	Gold		C23H31NO3	FVXASYPCGFVDHL-UHFFFAOYSA-N	FVXASYPCGFVDHL				Pseudoalkaloids	Terpenoid alkaloids	Alkaloids|Terpenoids	mzspec:GNPS:GNPS-LIBRARY:CCMSLIB00005725501
M-H2O+H	"Massbank:AC000101 5-hydroxyculmorin|(1S,3R,3aS,4R,6R,8aR,9R)-Decahydro-1,5,5,8a-tetramethyl-1,4-methanoazulene-3,6,9-triol"	CCMSLIB00005727804	47822	spectra_filtered.mgf	MASSBANK.mgf	0.737074	24720000	0	4.18165	7	0.000991821	237.185	1	temp/spectra_filtered.mgf47822	1	ESI	Hybrid FT	Isolated	Massbank	Massbank	237.184	0	1	139680-63-0		C[C@@]12CC[C@H](C([C@H]3[C@@H]1[C@@H](C[C@@]2(C3O)C)O)(C)C)O	"1S/C15H26O3/c1-13(2)9(17)5-6-14(3)10-8(16)7-15(14,4)12(18)11(10)13/h8-12,16-18H,5-7H2,1-4H3/t8-,9-,10+,11+,12?,14-,15-/m1/s1"		3	Positive	MASSBANK	237.184	UPDATE-SINGLE-ANNOTATED-BRONZE	Bronze		C15H26O3	XFKGEQRMYJCXFK-YTAGIEBCSA-N	XFKGEQRMYJCXFK	Lipids and lipid-like molecules	Prenol lipids	Monoterpenoids	Sesquiterpenoids		Terpenoids	mzspec:GNPS:GNPS-LIBRARY:CCMSLIB00005727804
M-H2O+H	deoxycholic acid	CCMSLIB00005435507	89035	spectra_filtered.mgf	BILELIB19.mgf	0.931858	11650000	0	2.11426	18	0.000793457	375.29	1	temp/spectra_filtered.mgf89035	1	ESI	Orbitrap	commercial	Dorrestein	A. Jarmusch	375.289	392.293	1	201-478-5		C[C@H](CCC(=O)O)[C@H]1CC[C@@H]2[C@@]1([C@H](C[C@H]3[C@H]2CC[C@H]4[C@@]3(CC[C@H](C4)O)C)O)C	"1S/C24H40O4/c1-14(4-9-22(27)28)18-7-8-19-17-6-5-15-12-16(25)10-11-23(15,2)20(17)13-21(26)24(18,19)3/h14-21,25-26H,4-13H2,1-3H3,(H,27,28)/t14?,15-,16-,17+,18-,19+,20+,21+,23?,24?/m1/s1"		1	Positive	BILELIB19	375.289	UPDATE-SINGLE-ANNOTATED-GOLD	Gold		C24H40O4	KXGVEGMKQFWNSR-LLQZFEROSA-N	KXGVEGMKQFWNSR	Lipids and lipid-like molecules	Steroids and steroid derivatives	"Bile acids, alcohols and derivatives"	Steroids	Cholane steroids	Terpenoids	mzspec:GNPS:GNPS-LIBRARY:CCMSLIB00005435507
	carvone		57473	spectra_filtered.mgf	240422-HRMS-MSMS-Library-AU-EML.mgf	0.948362	3717000000	0	0.30293	6	4.58E-05	151.112	1	temp/spectra_filtered.mgf57473	1																														
	(+)-trans-Chrysanthemic acid	NIST1555951	38502	spectra_filtered.mgf	library.mgf	0.781053	1330000	0	0.706838	4	0.000106812	151.112	1	temp/spectra_filtered.mgf38502	1																														
	(R)-3-Methyl-5-propylcyclohex-2-enone	NIST3356537	48068	spectra_filtered.mgf	library.mgf	0.958637	10220000	0	0	6	0	153.127	1	temp/spectra_filtered.mgf48068	1																														
	"3,5,5-Trimethyl-1,2-cyclohexanedione"	NIST1779955	37953	spectra_filtered.mgf	library.mgf	0.870669	23330000	0	0.688633	5	0.000106812	155.107	1	temp/spectra_filtered.mgf37953	1																														
	8-Oxononanoic acid	NIST3131546	87070	spectra_filtered.mgf	library.mgf	0.888096	12660000	0	0	4	0	155.107	1	temp/spectra_filtered.mgf87070	1																														
	Diethyl 2-benzylmalonate	NIST1655914	53190	spectra_filtered.mgf	library.mgf	0.978238	3380000	0	0.575644	4	9.16E-05	159.044	1	temp/spectra_filtered.mgf53190	1																														
	Coniferyl aldehyde	NIST1349898	36474	spectra_filtered.mgf	library.mgf	0.970438	18470000	0	0.66318	5	0.000106812	161.06	1	temp/spectra_filtered.mgf36474	1																														
	2-Hydroxy-3-(4-methoxyphenyl)propanoic acid	NIST3131395	57906	spectra_filtered.mgf	library.mgf	0.970123	9041000	0	1.32636	5	0.000213623	161.06	1	temp/spectra_filtered.mgf57906	1																														
	"2-Pentenedioic acid, 2-octyl-"	NIST3166472	55934	spectra_filtered.mgf	library.mgf	0.97806	5100000	0	0	6	0	161.133	1	temp/spectra_filtered.mgf55934	1																														
	3-Aminoadipic acid	NIST3198431	2378	spectra_filtered.mgf	library.mgf	0.728677	43450000	0	0	4	0	162.076	1	temp/spectra_filtered.mgf2378	1																														
	cis-5-Dodecenoic acid	NIST1343473	72146	spectra_filtered.mgf	library.mgf	0.976977	20490000	0	0.654691	8	0.000106812	163.148	1	temp/spectra_filtered.mgf72146	1																														
	cis-5-Dodecenoic acid	NIST1343473	93354	spectra_filtered.mgf	library.mgf	0.981605	123200000	0	0	8	0	163.148	1	temp/spectra_filtered.mgf93354	1																														
	D-.alpha.-Tocopherol succinate	NIST1364569	15780	spectra_filtered.mgf	library.mgf	0.878866	63000000	0	0	6	0	165.091	1	temp/spectra_filtered.mgf15780	1																														
	.alpha.-Tocotrienol	NIST1643665	73163	spectra_filtered.mgf	library.mgf	0.747958	4750000	0	0.554559	4	9.16E-05	165.091	1	temp/spectra_filtered.mgf73163	1																														
	2'-Hydroxy-5'-methoxyacetophenone	NIST1353535	9623	spectra_filtered.mgf	library.mgf	0.76341	28800000	0	0.639321	4	0.000106812	167.07	1	temp/spectra_filtered.mgf9623	1																														
	"2-Furanacetic acid, tetrahydro-5-(2-hydroxypropyl)-.alpha.-methyl-, 2-[5-(1-carboxyethyl)tetrahydro-2-furanyl]-1-methylethyl ester"	NIST3308041	52324	spectra_filtered.mgf	library.mgf	0.741938	27000000	0	0	5	0	167.107	1	temp/spectra_filtered.mgf52324	1																														
	Limonene-1-OOH		62185	spectra_filtered.mgf	240422-HRMS-MSMS-Library-AU-EML.mgf	0.782758	477000000	0	0	5	0	169.122	1	temp/spectra_filtered.mgf62185	1																														
	"4,6-O-Ethylidene-.alpha.-D-glucopyranoside"	NIST1464751	14184	spectra_filtered.mgf	library.mgf	0.728396	12110000	0	0	4	0	171.065	1	temp/spectra_filtered.mgf14184	1																														
	Dimethyl suberate	NIST1295859	74118	spectra_filtered.mgf	library.mgf	0.832026	37636000	0	0	5	0	171.102	1	temp/spectra_filtered.mgf74118	1																														
	"3,7-Dimethyloct-6-ene-1,2,3-triol"	NIST1830291	45526	spectra_filtered.mgf	library.mgf	0.763824	37300000	0	0	6	0	171.138	1	temp/spectra_filtered.mgf45526	1																														
	"2,4-Octadienoic acid, 6,7-dihydroxy-, (5R,9aS,9bS)-1,3,5,5a,6,7,8,9,9a,9b-decahydro-9b-hydroxy-6,6,9a-trimethyl-1-oxonaphtho[1,2-c]furan-5-yl ester, rel-"	NIST3168572	29334	spectra_filtered.mgf	library.mgf	0.897074	4976000	0	0.610089	7	0.000106812	175.076	1	temp/spectra_filtered.mgf29334	1																														
	(E)-.alpha.-Ionone	NIST1468265	44656	spectra_filtered.mgf	library.mgf	0.906059	696000	0	1.13255	7	0.000198364	175.148	1	temp/spectra_filtered.mgf44656	1																														
	"2,2,4-Trimethyl-1,2,3,4-tetrahydroquinoline"	NIST3450850	34181	spectra_filtered.mgf	library.mgf	0.978328	385904000	0	1.12615	4	0.000198364	176.144	1	temp/spectra_filtered.mgf34181	1																														
	trans-Ferulic acid	NIST1069051	22937	spectra_filtered.mgf	library.mgf	0.951258	1534000	0	0.603269	4	0.000106812	177.055	1	temp/spectra_filtered.mgf22937	1																														
	Galiellalactone	NIST1439943	50160	spectra_filtered.mgf	library.mgf	0.741939	1630000	0	16.9742	6	0.00300598	177.088	1	temp/spectra_filtered.mgf50160	1																														
	5-Hydroxytryptophol	NIST1260428	10062	spectra_filtered.mgf	library.mgf	0.90602	9526800	0	0.514092	4	9.16E-05	178.086	1	temp/spectra_filtered.mgf10062	1																														
	"Dodeca-2(E),4(E)-dienoic acid"	NIST1471382	57164	spectra_filtered.mgf	library.mgf	0.963737	518000	0	0.51106	7	9.16E-05	179.143	1	temp/spectra_filtered.mgf57164	1																														
	"2-Methylnaphtho[2,1-d][1,3]oxazole"	NIST3244200	60139	spectra_filtered.mgf	library.mgf	0.944991	4142300	0	0.580259	4	0.000106812	184.076	1	temp/spectra_filtered.mgf60139	1																														
	Isoalantolactone	NIST1277332	80785	spectra_filtered.mgf	library.mgf	0.972041	85400000	0	0.489199	7	9.16E-05	187.148	1	temp/spectra_filtered.mgf80785	1																														
	"4-Hydroxy-4-[(E)-3-hydroxybut-1-enyl]-3,5,5-trimethylcyclohex-2-en-1-one"	NIST3165631	43477	spectra_filtered.mgf	library.mgf	0.717818	145800000	0	0	5	0	189.127	1	temp/spectra_filtered.mgf43477	1																														
	"L-Arginine, methyl ester"	NIST1255832	5290	spectra_filtered.mgf	library.mgf	0.764155	4650000	0	0	4	0	189.135	1	temp/spectra_filtered.mgf5290	1																														
	N-(2-Phenylethyl)-1-pentanamine	NIST3086264	16950	spectra_filtered.mgf	library.mgf	0.94643	9450800	0	0.555804	5	0.000106812	192.175	1	temp/spectra_filtered.mgf16950	1																														
	"3-(5,6-Dihydroxyheptyl)-4-methyl-2H-furan-5-one"	NIST3077482	5218	spectra_filtered.mgf	library.mgf	0.813218	16580000	0	0.553077	6	0.000106812	193.122	1	temp/spectra_filtered.mgf5218	1																														
	damascone		66776	spectra_filtered.mgf	240422-HRMS-MSMS-Library-AU-EML.mgf	0.807022	56900000	0	0.0789961	6	1.53E-05	193.159	1	temp/spectra_filtered.mgf66776	1																														
	"(2R)-1-(2-Hydroxyethyl)-2,5,5,8a-tetramethyldecahydronaphthalen-2-ol"	NIST3421419	75420	spectra_filtered.mgf	library.mgf	0.974446	1147000	0	0.552869	8	0.000106812	193.195	1	temp/spectra_filtered.mgf75420	1																														
	"Diethyl 2,4-dimethylpyrrole-3,5-dicarboxylate"	NIST1265752	16496	spectra_filtered.mgf	library.mgf	0.740324	30041000	0	0.471724	5	9.16E-05	194.081	1	temp/spectra_filtered.mgf16496	1																														
	(Z)-2-Oct-7-enylpent-2-enedioic acid	NIST1914148	20862	spectra_filtered.mgf	library.mgf	0.876484	1982000	0	0	7	0	195.138	1	temp/spectra_filtered.mgf20862	1																														
	4-(2-Methyl-6-oxopyran-3-yl)butanoic acid	NIST3101484	32335	spectra_filtered.mgf	library.mgf	0.864348	8467000	0	1.00651	5	0.000198364	197.081	1	temp/spectra_filtered.mgf32335	1																														
	Alantolactone	NIST1275454	56649	spectra_filtered.mgf	library.mgf	0.808719	11990000	0	0.464422	5	9.16E-05	197.133	1	temp/spectra_filtered.mgf56649	1																														
	"Dodeca-2(E),4(E)-dienoic acid"	NIST1471359	54781	spectra_filtered.mgf	library.mgf	0.722168	24150000	0	0.541768	7	0.000106812	197.154	1	temp/spectra_filtered.mgf54781	1																														
	"(3S,4S,9bR)-4-Hydroxy-3,6,9-trimethyl-3,3a,4,5,9a,9b-hexahydroazuleno[4,5-b]furan-2,7-dione"	NIST1674387	74440	spectra_filtered.mgf	library.mgf	0.721069	1529000	0	0	4	0	199.112	1	temp/spectra_filtered.mgf74440	1																														
	Valerenic acid	NIST1277649	57107	spectra_filtered.mgf	library.mgf	0.805738	2164000	0	0.459722	6	9.16E-05	199.148	1	temp/spectra_filtered.mgf57107	1																														
	Achalensolide	NIST1890979	38632	spectra_filtered.mgf	library.mgf	0.726023	1510000	0	0.986262	7	0.000198364	201.127	1	temp/spectra_filtered.mgf38632	1																														
	"6-(2-Hydroxypropan-2-yl)-4,8a-dimethyl-2,3,4,6,7,8-hexahydro-1H-naphthalen-1-ol"	NIST3077764	53522	spectra_filtered.mgf	library.mgf	0.982326	17880000	0	0.525701	10	0.000106812	203.18	1	temp/spectra_filtered.mgf53522	1																														
	(Z)-2-Oct-7-enylpent-2-enedioic acid	NIST1914125	21830	spectra_filtered.mgf	library.mgf	0.844101	192900000	0	0.520721	5	0.000106812	205.122	1	temp/spectra_filtered.mgf21830	1																														
	farnesene		78042	spectra_filtered.mgf	240422-HRMS-MSMS-Library-AU-EML.mgf	0.978522	278830000	0	0	8	0	205.195	1	temp/spectra_filtered.mgf78042	1																														
	"1-O-((2E,4E)-9-Carboxy-8-hydroxy-2,7-dimethylnona-2,4-dienoyl)hexitol"	NIST3311114	15940	spectra_filtered.mgf	library.mgf	0.81999	5190000	0	0.442067	8	9.16E-05	207.102	1	temp/spectra_filtered.mgf15940	1																														
	"3-Buten-2-one, 4-[4-(.beta.-D-glucopyranosyloxy)-2-hydroxy-2,6,6-trimethylcyclohexylidene]-"	NIST3163140	61202	spectra_filtered.mgf	library.mgf	0.925943	152000000	0	0	7	0	207.138	1	temp/spectra_filtered.mgf61202	1																														
	"3,4-Dimethoxycinnamic acid"	NIST1334884	18112	spectra_filtered.mgf	library.mgf	0.906326	2035900	0	0.510862	4	0.000106812	209.081	1	temp/spectra_filtered.mgf18112	1																														
	"(1,9,9b-Trihydroxy-6,6,9a-trimethyl-3,5,5a,7,8,9-hexahydro-1H-benzo[e][2]benzofuran-5-yl) hexanoate"	NIST1904444	82174	spectra_filtered.mgf	library.mgf	0.72622	3160000	0	0.429568	4	9.16E-05	213.127	1	temp/spectra_filtered.mgf82174	1																														
	"7-Hydroxy-9-(hydroxymethyl)-1,4,9-trimethyl-2,4,5,7,8,8a-hexahydro-4,7-methanoazulen-6(1H)-one"	NIST1816614	61227	spectra_filtered.mgf	library.mgf	0.719945	45500000	0	0.425544	8	9.16E-05	215.143	1	temp/spectra_filtered.mgf61227	1																														
	"Dodecanoic acid, 12-[[(cyclohexylamino)carbonyl]amino]-"	NIST1491503	61857	spectra_filtered.mgf	library.mgf	0.711993	1859000	0	0.917521	7	0.000198364	216.196	1	temp/spectra_filtered.mgf61857	1																														
	Altamisic acid	NIST1998591	51508	spectra_filtered.mgf	library.mgf	0.733105	96300000	0	0.491942	5	0.000106812	217.122	1	temp/spectra_filtered.mgf51508	1																														
	"8-Methoxy-4-oxo-1,4-dihydroquinoline-2-carboxylic acid"	NIST3382907	17797	spectra_filtered.mgf	library.mgf	0.906373	8167000	0	1.87216	6	0.000411987	220.061	1	temp/spectra_filtered.mgf17797	1																														
	Ala-Met	NIST1641793	4823	spectra_filtered.mgf	library.mgf	0.881559	1931000	0	1.79438	5	0.000396729	221.096	1	temp/spectra_filtered.mgf4823	1																														
	"2-Furanpropanoic acid, 3-carboxy-4-methyl-5-propyl-"	NIST1490099	38295	spectra_filtered.mgf	library.mgf	0.931043	5457000	0	0.410373	6	9.16E-05	223.096	1	temp/spectra_filtered.mgf38295	1																														
	"2,4-Diphenylbutanoic acid"	NIST3150601	72661	spectra_filtered.mgf	library.mgf	0.798543	8310000	0	0	5	0	223.112	1	temp/spectra_filtered.mgf72661	1																														
	Pentadecylamine	NIST1686465	60243	spectra_filtered.mgf	library.mgf	0.982442	33507500	0	0	4	0	228.269	1	temp/spectra_filtered.mgf60243	1																														
	Arnicolide C	NIST1821368	58810	spectra_filtered.mgf	library.mgf	0.783497	2383000	0	0.466177	9	0.000106812	229.122	1	temp/spectra_filtered.mgf58810	1																														
	Dihydrokavain	NIST3164067	66131	spectra_filtered.mgf	library.mgf	0.985003	102100000	0	0	9	0	233.117	1	temp/spectra_filtered.mgf66131	1																														
	Thr-Leu	NIST1632431	4356	spectra_filtered.mgf	library.mgf	0.779699	198053000	0	0.392678	7	9.16E-05	233.15	1	temp/spectra_filtered.mgf4356	1																														
	"4-Hydroxy-6,9-dimethyl-3-methylidene-4,5,6,6a,7,9b-hexahydro-3aH-azuleno[4,5-b]furan-2,8-dione"	NIST1937422	51536	spectra_filtered.mgf	library.mgf	0.814817	4940000	0	0	6	0	245.117	1	temp/spectra_filtered.mgf51536	1																														
	"9-(2,3-Dihydroxypropoxy)-9-oxononanoic acid"	NIST3164810	17023	spectra_filtered.mgf	library.mgf	0.863468	490342000	0	0.435719	9	0.000106812	245.139	1	temp/spectra_filtered.mgf17023	1																														
	Hypaphorine	NIST1833365	7435	spectra_filtered.mgf	library.mgf	0.897702	33190000	0	0.432183	6	0.000106812	247.144	1	temp/spectra_filtered.mgf7435	1																														
	"3,5-Di-tert-butyl-4-hydroxybenzoic acid"	NIST1355213	79397	spectra_filtered.mgf	library.mgf	0.982832	489700000	0	0.425266	7	0.000106812	251.164	1	temp/spectra_filtered.mgf79397	1																														
	"3,5-Di-tert-butyl-4-hydroxybenzoic acid"	NIST1355213	59353	spectra_filtered.mgf	library.mgf	0.979478	95570000	0	0	7	0	251.164	1	temp/spectra_filtered.mgf59353	1																														
	4-Oxo-4-((3-oxodecan-2-yl)amino)butanoic acid	NIST3164756	67013	spectra_filtered.mgf	library.mgf	0.724791	14518000	0	0.780424	6	0.000198364	254.175	1	temp/spectra_filtered.mgf67013	1																														
	Dihydrodaidzein	NIST1258729	43304	spectra_filtered.mgf	library.mgf	0.729538	2359000	0	1.06837	4	0.000274658	257.081	1	temp/spectra_filtered.mgf43304	1																														
	Kaurenoic acid	NIST3155457	86514	spectra_filtered.mgf	library.mgf	0.874907	9328000	0	1.54233	9	0.000396729	257.226	1	temp/spectra_filtered.mgf86514	1																														
	"Isopropyl (9Z,12Z)-9,12-octadecadienoate"	NIST1687658	90312	spectra_filtered.mgf	library.mgf	0.951173	234000000	0	0.811524	11	0.000213623	263.237	1	temp/spectra_filtered.mgf90312	1																														
	Phe-Thr	NIST1630340	3691	spectra_filtered.mgf	library.mgf	0.964111	78169000	0	0.342722	8	9.16E-05	267.134	1	temp/spectra_filtered.mgf3691	1																														
	"cis,cis-9,12-Octadecadien-1-ol"	NIST1193301	85142	spectra_filtered.mgf	library.mgf	0.984386	2423800	0	0.34255	12	9.16E-05	267.268	1	temp/spectra_filtered.mgf85142	1																														
	3-{4-[(Phenylcarbonyl)amino]phenyl}propanoic acid	NIST3379442	71591	spectra_filtered.mgf	library.mgf	0.926059	15095100	0	1.58173	4	0.000427246	270.113	1	temp/spectra_filtered.mgf71591	1																														
	Incensole acetate	NIST3173151	88679	spectra_filtered.mgf	library.mgf	0.879254	23380000	0	0.787574	12	0.000213623	271.242	1	temp/spectra_filtered.mgf88679	1																														
	Helichrysin B	NIST3306907	56114	spectra_filtered.mgf	library.mgf	0.91332	14260000	0	1.0058	7	0.000274658	273.076	1	temp/spectra_filtered.mgf56114	1																														
	"[(1S,7S,8S,8aS)-8-[2-[(2R,4R)-4-Hydroxy-6-oxooxan-2-yl]ethyl]-7-methyl-1,2,3,4,4a,7,8,8a-octahydronaphthalen-1-yl] (2S)-2-methylbutanoate"	NIST3163066	42285	spectra_filtered.mgf	library.mgf	0.715714	4230000	0	0.781972	10	0.000213623	273.185	1	temp/spectra_filtered.mgf42285	1																														
	"4-Hydroxy-6-[2-(2-methyl-1,2,4a,5,6,7,8,8a-octahydronaphthalen-1-yl)ethyl]oxan-2-one"	NIST1946717	83262	spectra_filtered.mgf	library.mgf	0.732993	127800000	0	0.332676	9	9.16E-05	275.201	1	temp/spectra_filtered.mgf83262	1																														
	L-Glutarylcarnitine	NIST1257858	2534	spectra_filtered.mgf	library.mgf	0.830339	2301000	0	0.33154	8	9.16E-05	276.144	1	temp/spectra_filtered.mgf2534	1																														
	Gibberellic acid	NIST1556524	70927	spectra_filtered.mgf	library.mgf	0.746396	2461000	0	0.323356	4	9.16E-05	283.133	1	temp/spectra_filtered.mgf70927	1																														
	Ser-Trp	NIST1631667	11271	spectra_filtered.mgf	library.mgf	0.893749	2127900	0	0	10	0	292.129	1	temp/spectra_filtered.mgf11271	1																														
	5'-S-Methyl-5'-thioadenosine	NIST1348988	7898	spectra_filtered.mgf	library.mgf	0.961054	3424200	0	0.307124	5	9.16E-05	298.097	1	temp/spectra_filtered.mgf7898	1																														
	"5S-Hydroperoxy-6E,8Z,11Z,14Z,17Z-eicosapentaenoic acid"	NIST1645148	55141	spectra_filtered.mgf	library.mgf	0.819742	14030000	0	0.611982	12	0.000183105	299.2	1	temp/spectra_filtered.mgf55141	1																														
	Acetyl coenzyme A	NIST1280848	32777	spectra_filtered.mgf	library.mgf	0.948545	275700	0	4.93295	11	0.00149536	303.136	1	temp/spectra_filtered.mgf32777	1																														
	cis-13-Docosenoic acid	NIST1624967	95215	spectra_filtered.mgf	library.mgf	0.897824	663900	0	0.301851	11	9.16E-05	303.305	1	temp/spectra_filtered.mgf95215	1																														
	N2-[2-(1H-Indol-3-yl)acetyl]-L-glutamine	NIST3195460	19276	spectra_filtered.mgf	library.mgf	0.979307	3581000	0	1.30447	12	0.000396729	304.13	1	temp/spectra_filtered.mgf19276	1																														
	"(9Z,12Z)-15-Hydroxy-16-methoxyoctadeca-9,12-dienoic acid"	NIST3278466	62365	spectra_filtered.mgf	library.mgf	0.703685	3663000	0	0.98685	7	0.000305176	309.242	1	temp/spectra_filtered.mgf62365	1																														
	Tyr-Met	NIST1642422	7536	spectra_filtered.mgf	library.mgf	0.82286	30620000	0	0.974624	9	0.000305176	313.121	1	temp/spectra_filtered.mgf7536	1																														
	15-Hydroxydehydroabietic acid	NIST3023348	61682	spectra_filtered.mgf	library.mgf	0.860805	297240000	0	0.288618	9	9.16E-05	317.211	1	temp/spectra_filtered.mgf61682	1																														
	Hautriwaic acid	NIST3094039	71375	spectra_filtered.mgf	library.mgf	0.888523	36160000	0	0.915877	14	0.000305176	333.206	1	temp/spectra_filtered.mgf71375	1																														
	Docosanamide	NIST3403003	95836	spectra_filtered.mgf	library.mgf	0.962882	8657000	0	0.896633	16	0.000305176	340.357	1	temp/spectra_filtered.mgf95836	1																														
	Scutellarein tetramethyl ether	NIST1518295	63698	spectra_filtered.mgf	library.mgf	0.880581	662400	0	1.42307	6	0.000488281	343.118	1	temp/spectra_filtered.mgf63698	1																														
	"21-Hydroxy-5.beta.-pregnane-3,11,20-trione"	NIST1608712	60515	spectra_filtered.mgf	library.mgf	0.747641	14490000	0	0.263672	8	9.16E-05	347.222	1	temp/spectra_filtered.mgf60515	1																														
	Adenosine 3'-monophosphate	NIST1276198	2727	spectra_filtered.mgf	library.mgf	0.984406	9968200	0	1.75353	10	0.000610352	348.071	1	temp/spectra_filtered.mgf2727	1																														
	1-Linoleoylglycerol	NIST1219316	91301	spectra_filtered.mgf	library.mgf	0.729626	599900	0	8.76141	11	0.00311279	355.281	1	temp/spectra_filtered.mgf91301	1																														
	Cortisone	NIST1060548	40231	spectra_filtered.mgf	library.mgf	0.973264	8170000	0	0	17	0	361.201	1	temp/spectra_filtered.mgf40231	1																														
	Ginkgolide A	NIST1810502	13611	spectra_filtered.mgf	library.mgf	0.713997	2602800	0	0.252111	4	9.16E-05	363.144	1	temp/spectra_filtered.mgf13611	1																														
	Cholesterol	NIST1643839	93325	spectra_filtered.mgf	library.mgf	0.874648	2484600	0	1.65249	18	0.000610352	369.352	1	temp/spectra_filtered.mgf93325	1																														
	Gly-Phe-Phe	NIST3202963	29209	spectra_filtered.mgf	library.mgf	0.962204	27620000	0	0.329763	6	0.00012207	370.176	1	temp/spectra_filtered.mgf29209	1																														
	Gentian violet cation	NIST1611169	76399	spectra_filtered.mgf	library.mgf	0.79281	1637000	0	2.3775	8	0.00088501	372.244	1	temp/spectra_filtered.mgf76399	1																														
	Glycocholic acid	NIST1359137	41619	spectra_filtered.mgf	library.mgf	0.868742	98452400	0	0.518145	18	0.000213623	412.284	1	temp/spectra_filtered.mgf41619	1																														
	3-Hydroxyoleylcarnitine	NIST1474801	88439	spectra_filtered.mgf	library.mgf	0.884308	497100	0	0.934926	6	0.000396729	424.342	1	temp/spectra_filtered.mgf88439	1																														
	"3,19,23-Trihydroxyurs-12-en-28-oic acid"	NIST3300085	92096	spectra_filtered.mgf	library.mgf	0.744634	2819200	0	0.420617	10	0.000183105	435.326	1	temp/spectra_filtered.mgf92096	1																														
	Tauroursodeoxycholic acid	NIST1351488	63173	spectra_filtered.mgf	library.mgf	0.912223	20818600	0	0.197192	22	9.16E-05	464.283	1	temp/spectra_filtered.mgf63173	1																														
	Terminolic acid	NIST1649961	86130	spectra_filtered.mgf	library.mgf	0.753074	930500	0	0	12	0	469.331	1	temp/spectra_filtered.mgf86130	1																														
	1-Hexadecyl-sn-glycero-3-phosphocholine	NIST1393696	83523	spectra_filtered.mgf	library.mgf	0.859363	2768400	0	0.423567	4	0.000213623	504.342	1	temp/spectra_filtered.mgf83523	1																														
	"5,7-Dihydroxy-3-(4-hydroxyphenyl)-6,8-bis[3,4,5-trihydroxy-6-(hydroxymethyl)oxan-2-yl]chromen-4-one"	NIST3080917	18115	spectra_filtered.mgf	library.mgf	0.859243	3318400	0	0.307655	17	0.000183105	595.166	1	temp/spectra_filtered.mgf18115	1																														
	1-Palmitoyl-2-glutaryl phosphatidylcholine	NIST1217845	84991	spectra_filtered.mgf	library.mgf	0.968555	18649000	0	0.29999	7	0.000183105	610.372	1	temp/spectra_filtered.mgf84991	1																														
